norad_id,name,time_utc,latitude_deg,longitude_deg,height_km,azimuth_deg,elevation_deg,range_km,range_rate_km_s,speed_gcrs_km_s,above_geometric_horizon
25544,ISS (ZARYA),2026-09-28T20:00:00Z,-49.79300579556417,88.18925632289746,434.8942693651864,137.9532536230728,-57.20939192537427,11196.970104458487,3.1241573021559064,7.65211792738876,False
25544,ISS (ZARYA),2026-09-28T20:00:30Z,-50.30868928693729,90.95619045348332,435.23774740514557,136.7821624424866,-58.01310095324057,11289.284427653734,3.029984280053166,7.651847739555658,False
25544,ISS (ZARYA),2026-09-28T20:01:00Z,-50.75097036755509,93.78151988289144,435.55422781967917,135.5708404351688,-58.80890401673523,11378.759179082597,2.9348591431133926,7.65159108108647,False
25544,ISS (ZARYA),2026-09-28T20:01:30Z,-51.11732360849236,96.65784497555096,435.84288943603934,134.3160762949043,-59.59621373064395,11465.3664061459,2.8388225166441123,7.651348431388575,False
25544,ISS (ZARYA),2026-09-28T20:02:00Z,-51.40557240307288,99.57662910621592,436.1030238021152,133.01446123335316,-60.37438704728431,11549.079365563843,2.741914409724521,7.65112022083187,False
25544,ISS (ZARYA),2026-09-28T20:02:30Z,-51.61394881513879,102.52833392725898,436.334037584036,131.6623798501375,-61.14271964063389,11629.872505840449,2.644174277611881,7.650906829579601,False
25544,ISS (ZARYA),2026-09-28T20:03:00Z,-51.741145085942755,105.50260918040733,436.53545447557366,130.25600331719335,-61.90043981767326,11707.721451523197,2.5456410790962747,7.650708586630235,False
25544,ISS (ZARYA),2026-09-28T20:03:30Z,-51.78635344187453,108.48852979980241,436.70691661306427,128.79128589244564,-62.64670196548561,11782.602989116145,2.446353329336601,7.6505257690737105,False
25544,ISS (ZARYA),2026-09-28T20:04:00Z,-51.74929144213815,111.47486811601462,436.84818549181125,127.26396605944684,-63.38057956533091,11854.495054515373,2.3463491486462744,7.6503586015644185,False
25544,ISS (ZARYA),2026-09-28T20:04:30Z,-51.630211035008095,114.45038506735318,436.9591423814872,125.66957392396668,-64.10105783667261,11923.376721854693,2.245666307638227,7.650207256012145,False
25544,ISS (ZARYA),2026-09-28T20:05:00Z,-51.42989065335018,117.40412213168426,437.0397882401761,124.00344688595018,-64.80702611715282,11989.228193655203,2.144342269090388,7.650071851491502,False
25544,ISS (ZARYA),2026-09-28T20:05:30Z,-51.14961092943498,120.3256756079715,437.09024312810465,122.26075603828644,-65.49727014171961,12052.030792187015,2.0424142268475114,7.649952454369196,False
25544,ISS (ZARYA),2026-09-28T20:06:00Z,-50.79111578291767,123.20543691660185,437.1107451244049,120.43654620477506,-66.17046445812723,12111.76695195716,1.9399191420372417,7.649849078647613,False
25544,ISS (ZARYA),2026-09-28T20:06:30Z,-50.356561586569924,126.03478638076419,437.1016487517047,118.52579298336192,-66.82516530959434,12168.420213247227,1.8368937768440377,7.649761686522185,False
25544,ISS (ZARYA),2026-09-28T20:07:00Z,-49.848457737803884,128.80623283628432,437.0634229151718,116.52348054850279,-67.45980443020612,12221.975216631092,1.7333747260555141,7.649690189149235,False
25544,ISS (ZARYA),2026-09-28T20:07:30Z,-49.269602216050075,131.513496606971,436.9966483647198,114.42470419746704,-68.07268433469469,12272.417698407035,1.6293984465703757,7.649634447619825,False
25544,ISS (ZARYA),2026-09-28T20:08:00Z,-48.62301560367592,134.15153813991466,436.90201469048594,112.22480156868778,-68.66197583854871,12319.734486888197,1.5250012850334351,7.64959427413444,False
25544,ISS (ZARYA),2026-09-28T20:08:30Z,-47.911876657297896,136.7165383711136,436.7803168636527,109.91951594135003,-69.2257187087674,12363.913499494043,1.4202195037470355,7.6495694333724185,False
25544,ISS (ZARYA),2026-09-28T20:09:00Z,-47.13946193150275,139.2058393967416,436.63245133644,107.50519382808316,-69.76182650516962,12404.94374059619,1.315089304987963,7.649559644049162,False
25544,ISS (ZARYA),2026-09-28T20:09:30Z,-46.30909127935385,141.61785522251057,436.4594117167266,104.97901695939545,-70.26809680224385,12442.815300069446,1.209646853849428,7.649564580653361,False
25544,ISS (ZARYA),2026-09-28T20:10:00Z,-45.424080373521896,143.951962416802,436.2622840346084,102.3392655098227,-70.74222804701023,12477.519352508132,1.1039282997118436,7.649583875355808,False
25544,ISS (ZARYA),2026-09-28T20:10:30Z,-44.487700776272405,146.20837968108208,436.04224161966005,99.58560490546557,-71.18184426271054,12509.048157064819,0.9979697964408974,7.6496171200804906,False
25544,ISS (ZARYA),2026-09-28T20:11:00Z,-43.50314757753975,148.38804399148313,435.800539609584,96.71938285092871,-71.5845285979737,12537.39505787764,0.8918075213998404,7.6496638687280925,False
25544,ISS (ZARYA),2026-09-28T20:11:30Z,-42.47351423557108,150.49248935005164,435.5385091123244,93.74391671750332,-71.94786629343028,12562.554485049039,0.7854776933600807,7.6497236395413095,False
25544,ISS (ZARYA),2026-09-28T20:12:00Z,-41.40177399277257,152.5237325469244,435.25755104534636,90.66474497946128,-72.26949695578382,12584.521956145647,0.6790165893880923,7.649795917600955,False
25544,ISS (ZARYA),2026-09-28T20:12:30Z,-40.29076708659722,154.48416883495855,434.9591296773699,87.48981129022255,-72.54717509156272,12603.29407818913,0.5724605607843778,7.649880157441036,False
25544,ISS (ZARYA),2026-09-28T20:13:00Z,-39.14319291121306,156.37647914779242,434.64476589922344,84.22954774422395,-72.77883671561075,12618.86855011068,0.4658460481480314,7.649975785770831,False
25544,ISS (ZARYA),2026-09-28T20:13:30Z,-37.961606288124905,158.2035494861681,434.31603025179527,80.896826605792,-72.96266864230815,12631.244165643437,0.3592095956415834,7.6500822042912,False
25544,ISS (ZARYA),2026-09-28T20:14:00Z,-36.748417051994025,159.96840235197485,433.97453574054396,77.5067585300497,-73.09717599205207,12640.420816631025,0.2525878645271418,7.650198792592403,False
25544,ISS (ZARYA),2026-09-28T20:14:30Z,-35.50589223419432,161.67413959633328,433.6219304671429,74.07633013037314,-73.18124274683947,12646.399496730111,0.1460176460637481,7.650324911119985,False
25544,ISS (ZARYA),2026-09-28T20:15:00Z,-34.236160216239654,163.32389572928705,433.25989010977565,70.62389309278718,-73.21418009931428,12649.182305491413,0.039535873808007424,7.650459904195372,False
25544,ISS (ZARYA),2026-09-28T20:15:30Z,-32.941216320338754,164.92080056850295,432.8901102850651,67.16853766562788,-73.19575800420715,12648.772452798987,-0.06682036454463854,7.650603103077401,False
25544,ISS (ZARYA),2026-09-28T20:16:00Z,-31.622929394255625,166.4679500487689,432.51429882491516,63.729400963518984,-73.12621675209435,12645.174263658406,-0.17301381573762326,7.650753829051008,False
25544,ISS (ZARYA),2026-09-28T20:16:30Z,-30.28304903226832,167.96838403302291,432.13416800280237,60.32497099486526,-73.00625735416145,12638.393183322307,-0.2790070498373603,7.65091139652915,False
25544,ISS (ZARYA),2026-09-28T20:17:00Z,-28.92321314811574,169.42507003579507,431.75142674436694,56.97244802088722,-72.83701171696246,12628.435782743973,-0.384762449328179,7.651075116154107,False
25544,ISS (ZARYA),2026-09-28T20:17:30Z,-27.544955679986536,170.8408918687742,431.3677728576921,53.687215605776466,-72.61999559986401,12615.309764356525,-0.49024219831399224,7.651244297884279,False
25544,ISS (ZARYA),2026-09-28T20:18:00Z,-26.149714261495962,172.21864233029837,430.9848853190403,50.48245685107068,-72.35704883551088,12599.023968174299,-0.5954082717176145,7.651418254052727,False
25544,ISS (ZARYA),2026-09-28T20:18:30Z,-24.738837737466046,173.56101917541082,430.6044166498329,47.36893082928978,-72.05026804676608,12579.588378222335,-0.7002224243355171,7.651596302383946,False
25544,ISS (ZARYA),2026-09-28T20:19:00Z,-23.31359343850449,174.87062371513017,430.2279854205968,44.35490448603004,-71.7019370828954,12557.014129293575,-0.8046461796654478,7.651777768955497,False
25544,ISS (ZARYA),2026-09-28T20:19:30Z,-21.875174158498833,176.14996149505106,429.857168917554,41.44621970945238,-71.31445975432801,12531.313514050546,-0.90864081831091,7.651961991091409,False
25544,ISS (ZARYA),2026-09-28T20:20:00Z,-20.42470480051041,177.40144459738937,429.4934960068315,38.646465665069236,-70.89029839500141,12502.499990481821,-1.0121673658513681,7.652148320174732,False
25544,ISS (ZARYA),2026-09-28T20:20:30Z,-18.963248674706776,178.62739519122854,429.13844023090627,35.95722299781687,-70.43192057274123,12470.588189733218,-1.1151865800007807,7.652336124366801,False
25544,ISS (ZARYA),2026-09-28T20:21:00Z,-17.491813445015083,179.83005002659357,428.79341317085004,33.37834799653473,-69.94175511027878,12435.593924338205,-1.217658936885948,7.652524791221477,False
25544,ISS (ZARYA),2026-09-28T20:21:30Z,-16.01135673116802,-178.98843437208376,428.45975810714697,30.908269602104628,-69.42215761137345,12397.534196876773,-1.3195446162567785,7.652713730182846,False
25544,ISS (ZARYA),2026-09-28T20:22:00Z,-14.522791380068496,-177.8259760069074,428.1387440104218,28.544278498410005,-68.87538497247738,12356.427209097228,-1.4208034854280414,7.652902374955669,False
25544,ISS (ZARYA),2026-09-28T20:22:30Z,-13.026990425595889,-176.68056135325395,427.8315598921486,26.28279407559696,-68.30357790463849,12312.292371543379,-1.5213950817400101,7.653090185738292,False
25544,ISS (ZARYA),2026-09-28T20:23:00Z,-11.524791759618878,-175.55023906897037,427.5393095438031,24.119600896823318,-67.70875025845032,12265.150313734508,-1.6212785933039338,7.653276651308374,False
25544,ISS (ZARYA),2026-09-28T20:23:30Z,-10.01700253933477,-174.43311355379305,427.2630066909825,22.05005098149352,-67.09278388476831,12215.022894953512,-1.7204128377880645,7.653461290952595,False
25544,ISS (ZARYA),2026-09-28T20:24:00Z,-8.504403357625884,-173.3273384236422,427.00357058723847,20.06923163385312,-66.45742782108121,12161.933215705702,-1.8187562389742205,7.653643656232051,False
25544,ISS (ZARYA),2026-09-28T20:24:30Z,-6.9877522039559485,-172.23110994532072,426.7618220700936,18.172100801222815,-65.80430072024834,12105.905629920102,-1.9162668008022699,7.653823332575877,False
25544,ISS (ZARYA),2026-09-28T20:25:00Z,-5.467788243777718,-171.14266046230733,426.5384800995173,16.353593253983984,-65.13489559782074,12046.965757972474,-2.0129020785921816,7.653999940696457,False
25544,ISS (ZARYA),2026-09-28T20:25:30Z,-3.9452354445443056,-170.0602518301777,426.33415879657844,14.608701476873238,-64.45058614068782,11985.140500620177,-2.1086191471144486,7.654173137820256,False
25544,ISS (ZARYA),2026-09-28T20:26:00Z,-2.4208060763599164,-168.9821688710071,426.1493649975762,12.93253526954142,-63.752633977124226,11920.458053947972,-2.2033745651515417,7.65434261872928,False
25544,ISS (ZARYA),2026-09-28T20:26:30Z,-0.8952041151767611,-167.90671284889024,425.9844963361436,11.320363853765066,-63.042196447828786,11852.947925436334,-2.297124336167152,7.654508116608969,False
25544,ISS (ZARYA),2026-09-28T20:27:00Z,0.6308714237474152,-166.83219496349355,425.83983986322215,9.767643912191872,-62.320334535641045,11782.640951274532,-2.389823864670894,7.654669403699128,False
25544,ISS (ZARYA),2026-09-28T20:27:30Z,2.1567231945311423,-165.75692985511947,425.7155712117175,8.270036534969394,-61.5880207081379,11709.569315054203,-2.4814279078282873,7.6548262917455565,False
25544,ISS (ZARYA),2026-09-28T20:28:00Z,3.6816522440282156,-164.67922911232725,425.61175431007615,6.8234155879589915,-60.84614650387906,11633.766567992963,-2.5718905218390398,7.654978632250782,False
25544,ISS (ZARYA),2026-09-28T20:28:30Z,5.20495472237969,-163.59739477273527,425.52834164577155,5.4238695786000655,-60.09552975228644,11555.2676508525,-2.6611650025573113,7.65512631652325,False
25544,ISS (ZARYA),2026-09-28T20:29:00Z,6.725918553256361,-162.50971280786538,425.4651750770812,4.067698701151851,-59.33692136184696,11474.108917732105,-2.749203819794023,7.655269275525314,False
25544,ISS (ZARYA),2026-09-28T20:29:30Z,8.243820036140756,-161.4144465850915,425.42198718835465,2.751408401860296,-58.57101164428407,11390.328161935418,-2.8359585446863655,7.655407479521154,False
25544,ISS (ZARYA),2026-09-28T20:30:00Z,9.757920352805476,-160.30983030283537,425.3984031812041,1.471700516021213,-57.79843616603662,11303.964644129053,-2.9213797694746853,7.655540937526773,False
25544,ISS (ZARYA),2026-09-28T20:30:30Z,11.267461949962954,-159.19406240039058,425.39394329125304,0.22546279097150407,-57.019781134870016,11215.059123029729,-3.0054170189652902,7.655669696565045,False
25544,ISS (ZARYA),2026-09-28T20:31:00Z,12.771664769828659,-158.06529895040507,425.4080257172056,359.0097574151809,-56.235588340544524,11123.653888881825,-3.0880186528987945,7.655793840729717,False
25544,ISS (ZARYA),2026-09-28T20:31:30Z,14.269722300255074,-156.92164705114325,425.43997004645985,357.8218090184971,-55.44635967548417,11029.79280000984,-3.1691317583751903,7.655913490063125,False
25544,ISS (ZARYA),2026-09-28T20:32:00Z,15.760797416129227,-155.76115824728942,425.4890011586889,356.6589924857318,-54.65256126548675,10933.521322757624,-3.2487020314109465,7.656028799253285,False
25544,ISS (ZARYA),2026-09-28T20:32:30Z,17.244017984074464,-154.5818220226795,425.55425358684465,355.51882082940995,-53.85462724249252,10834.886575154978,-3.3266736466248683,7.656139956156722,False
25544,ISS (ZARYA),2026-09-28T20:33:00Z,18.718472203240196,-153.38155942687285,425.63477631209935,354.39893329298275,-53.052963191966576,10733.937374683857,-3.4029891139579016,7.656247180154473,False
25544,ISS (ZARYA),2026-09-28T20:33:30Z,20.183203656362018,-152.15821692022553,425.7295379677602,353.29708379839286,-52.2479493069819,10630.724290550277,-3.4775891212389443,7.656350720349106,False
25544,ISS (ZARYA),2026-09-28T20:34:00Z,21.637206047496797,-150.9095605503284,425.83743242472866,352.21112980844543,-51.439943280023755,10525.299700905505,-3.550412361302687,7.656450853611743,False
25544,ISS (ZARYA),2026-09-28T20:34:30Z,23.079417606248377,-149.6332706070842,425.95728472960235,351.1390216418011,-50.62928296209465,10417.71785550126,-3.6213953422514606,7.656547882488443,False
25544,ISS (ZARYA),2026-09-28T20:35:00Z,24.508715143266276,-148.32693694521114,426.08785736471515,350.078792254089,-49.81628881707335,10308.034944305882,-3.6904721793364588,7.656642132976238,False
25544,ISS (ZARYA),2026-09-28T20:35:30Z,25.923907748752466,-146.98805521316322,426.2278567981816,349.0285474811805,-49.001266197640895,10196.309172659168,-3.7575743667988912,7.656733952179518,False
25544,ISS (ZARYA),2026-09-28T20:36:00Z,27.323730135337883,-145.6140242868052,426.37594029062126,347.986456727954,-48.184507467447496,10082.600843591237,-3.822630527880857,7.656823705858234,False
25544,ISS (ZARYA),2026-09-28T20:36:30Z,28.706835639522303,-144.20214527633198,426.5307229244228,346.9507440773742,-47.36629399272866,9966.972447991404,-3.88556614106659,7.656911775879816,False
25544,ISS (ZARYA),2026-09-28T20:37:00Z,30.071788912915967,-142.74962255600533,426.6907848204039,345.9196797889244,-46.54689802520871,9849.488763369616,-3.946303240470779,7.656998557587153,False
25544,ISS (ZARYA),2026-09-28T20:37:30Z,31.41705835658354,-141.25356735899172,426.8546785063152,344.89157215211765,-45.72658449698122,9730.216962020035,-4.0047600881364245,7.657084457095539,False
25544,ISS (ZARYA),2026-09-28T20:38:00Z,32.74100838001299,-139.71100458295282,427.0209364010766,343.8647596591234,-44.90561274708836,9609.226729464523,-4.06085081585633,7.6571698885317065,False
25544,ISS (ZARYA),2026-09-28T20:38:30Z,34.041891601742414,-138.11888356438328,427.1880783784865,342.8376034603217,-44.08423819877051,9486.590394128492,-4.114485033985794,7.657255271228527,False
25544,ISS (ZARYA),2026-09-28T20:39:00Z,35.317841152632376,-136.47409369700333,427.3546193741512,341.8084800674231,-43.26271400582428,9362.383069279993,-4.165567404580881,7.657341026889019,False
25544,ISS (ZARYA),2026-09-28T20:39:30Z,36.56686329627844,-134.77348588522554,427.51907699941205,340.77577427049204,-42.44129268617108,9236.682808342079,-4.213997176086483,7.657427576733776,False
25544,ISS (ZARYA),2026-09-28T20:40:00Z,37.786830644816526,-133.0139009278197,427.6799791266395,339.7378722378111,-41.62022776066163,9109.57077477675,-4.2596676767158375,7.657515338645679,False
25544,ISS (ZARYA),2026-09-28T20:40:30Z,38.97547632274945,-131.19220600431328,427.83587141035395,338.693154770829,-40.7997754152518,8981.131427822967,-4.302465763632104,7.6576047243262,False
25544,ISS (ZARYA),2026-09-28T20:41:00Z,40.13038951569481,-129.30534046685386,427.985324709762,337.63999069052073,-39.980196205017855,8851.4527254569,-4.342271225079192,7.657696136477277,False
25544,ISS (ZARYA),2026-09-28T20:41:30Z,41.249012933081985,-127.3503720962217,428.1269423786517,336.5767303365273,-39.161756819057885,8720.626346029336,-4.3789561327362945,7.657789966022889,False
25544,ISS (ZARYA),2026-09-28T20:42:00Z,42.32864280991978,-125.32456482827371,428.25936738985206,335.50169916643915,-38.34473192607517,8588.747930110365,-4.412384141825435,7.657886589384193,False
25544,ISS (ZARYA),2026-09-28T20:42:30Z,43.36643216603746,-123.22545865642763,428.3812892623418,334.4131914497417,-37.529406121428096,8455.917344141537,-4.442409736928599,7.657986365821932,False
25544,ISS (ZARYA),2026-09-28T20:43:00Z,44.359398121931456,-121.0509619238362,428.4914507603182,333.3094640597031,-36.71607599759666,8322.238967547777,-4.468877422109639,7.6580896348595155,False
25544,ISS (ZARYA),2026-09-28T20:43:30Z,45.30443412466049,-118.79945549371047,428.5886543347988,332.1887303768044,-35.90505236135116,8187.82200498922,-4.49162085487482,7.658196713799897,False
25544,ISS (ZARYA),2026-09-28T20:44:00Z,46.19832794757589,-116.46990729731765,428.67176827971986,331.0491543299734,-35.096662622399954,8052.780825431104,-4.510461924802994,7.658307895348877,False
25544,ISS (ZARYA),2026-09-28T20:44:30Z,47.037786272984164,-114.06199449742716,428.7397325759624,329.8888446168938,-34.29125337983381,7917.235329654227,-4.525209779460377,7.658423445357091,False
25544,ISS (ZARYA),2026-09-28T20:45:00Z,47.81946652436571,-111.57622900108409,428.7915643981499,328.70584916312896,-33.48919323432777,7781.311347725048,-4.535659802576051,7.658543600692359,False
25544,ISS (ZARYA),2026-09-28T20:45:30Z,48.54001636311882,-109.01408039322743,428.8263632608487,327.4981499015035,-32.69087585550296,7645.141067739029,-4.541592552592161,7.658668567253451,False
25544,ISS (ZARYA),2026-09-28T20:46:00Z,49.19612088845727,-106.37808869783346,428.8433157822834,326.26365797976797,-31.896723335211323,7508.863496861214,-4.542772673741192,7.658798518135834,False
25544,ISS (ZARYA),2026-09-28T20:46:30Z,49.78455707469412,-103.67195793406479,428.8417000454407,325.00020953577433,-31.10718985830599,7372.624955236846,-4.53894779701337,7.658933591959042,False
25544,ISS (ZARYA),2026-09-28T20:47:00Z,50.30225436286624,-100.90062051715243,428.8208895382419,323.70556221687013,-30.32276572270216,7236.57960273852,-4.529847454951451,7.6590738913647645,False
25544,ISS (ZARYA),2026-09-28T20:47:30Z,50.74635963309243,-98.07026248149172,428.78035665610264,322.37739266404475,-29.543981739660676,7100.889997675148,-4.515182042470853,7.659219481693898,False
25544,ISS (ZARYA),2026-09-28T20:48:00Z,51.114304086610595,-95.18830057329028,428.7196757521947,321.01329523255396,-28.77141404284081,6965.727685469033,-4.494641866127416,7.659370389849818,False
25544,ISS (ZARYA),2026-09-28T20:48:30Z,51.403868952188965,-92.26330465870427,428.63852572236163,319.61078228002583,-28.005689330279388,6831.273813866573,-4.467896336746685,7.659526603354552,False
25544,ISS (ZARYA),2026-09-28T20:49:00Z,51.613246504013915,-89.30486261068786,428.5366921137263,318.1672864199353,-27.24749055599956,6697.7197693625385,-4.434593375430994,7.659688069603312,False
25544,ISS (ZARYA),2026-09-28T20:49:30Z,51.74109273613353,-86.32338960886378,428.4140687476844,316.6801652135486,-26.497563076872634,6565.267827175841,-4.3943591208494714,7.65985469532212,False
25544,ISS (ZARYA),2026-09-28T20:50:00Z,51.78656825430132,-83.32988907409175,428.2706588500702,315.1467088547853,-25.756721244033145,6434.131804153563,-4.34679804660212,7.660026346232157,False
25544,ISS (ZARYA),2026-09-28T20:50:30Z,51.74936454344004,-80.33567752345296,428.10657568309387,313.5641514887046,-25.025855405593322,6304.5377003839185,-4.291493621189368,7.660202846923549,False
25544,ISS (ZARYA),2026-09-28T20:51:00Z,51.629713709557414,-77.35208965882393,427.9220426755673,311.92968689069926,-24.30593925660983,6176.724310917523,-4.228009669391315,7.660383980940276,False
25544,ISS (ZARYA),2026-09-28T20:51:30Z,51.4283809777277,-74.39018229355584,427.7173930499381,310.2404893147321,-23.598037431812358,6050.943783831706,-4.155892621725697,7.6605694910768225,False
25544,ISS (ZARYA),2026-09-28T20:52:00Z,51.14664050443745,-71.46045585798076,427.49306894654296,308.4937403854873,-22.903313184372376,5927.4620948402935,-4.074674866617182,7.660759079886265,False
25544,ISS (ZARYA),2026-09-28T20:52:30Z,50.78623626597962,-68.5726101812307,427.24962004741747,306.6866629491867,-22.223035928534987,5806.55940182472,-3.9838794454265463,7.660952410398313,False
25544,ISS (ZARYA),2026-09-28T20:53:00Z,50.349330762304476,-65.73534739745547,426.98770170407766,304.8165627942766,-21.558588343955307,5688.530235142945,-3.8830263499321385,7.661149107044954,False
25544,ISS (ZARYA),2026-09-28T20:53:30Z,49.838444919678736,-62.956229844224936,426.7080725754229,302.8808790853052,-20.91147264493533,5573.683471626264,-3.7716406900785246,7.661348756790241,False
25544,ISS (ZARYA),2026-09-28T20:54:00Z,49.25639283918196,-60.24159551782034,426.4115917840984,300.8772441957962,-20.283315509881085,5462.342032233101,-3.6492629901399414,7.66155091045974,False
25544,ISS (ZARYA),2026-09-28T20:54:30Z,48.606214938041255,-57.59652878264916,426.09921560145773,298.8035533499792,-19.675871049083366,5354.842236039934,-3.5154618356042326,7.661755084264255,False
25544,ISS (ZARYA),2026-09-28T20:55:00Z,47.89111263430078,-55.0248801660676,425.77199367321356,296.6580440594148,-19.09102106989076,5251.532737554807,-3.3698490215953223,7.66196076151143,False
25544,ISS (ZARYA),2026-09-28T20:55:30Z,47.114387129167866,-52.52932650551077,425.43106479987983,294.4393847421432,-18.530771789372903,5152.772971444158,-3.2120972367084293,7.662167394497936,False
25544,ISS (ZARYA),2026-09-28T20:56:00Z,46.2793841494764,-50.11146148961004,425.07765228792846,292.1467711217924,-17.997246062908857,5058.93103016434,-3.041960145148069,7.662374406573972,False
25544,ISS (ZARYA),2026-09-28T20:56:30Z,45.38944581753655,-47.771906582318046,424.7130588895176,289.78002802297976,-17.492670165633513,4970.3809074070905,-2.8592945000463503,7.662581194371107,False
25544,ISS (ZARYA),2026-09-28T20:57:00Z,44.44787018682084,-45.510433151409494,424.33866135055393,287.33971303623093,-17.01935420971375,4887.499055456148,-2.6640836336167895,7.662787130183498,False
25544,ISS (ZARYA),2026-09-28T20:57:30Z,43.457878462348155,-43.32608801482062,423.95590458851336,284.82721728853505,-16.579665433601093,4810.660229076915,-2.456461337637996,7.662991564491883,False
25544,ISS (ZARYA),2026-09-28T20:58:00Z,42.42258953224494,-41.217316269692695,423.5662955235159,282.24485733976536,-16.175993886780834,4740.232623419808,-2.2367347968311413,7.663193828619018,False
25544,ISS (ZARYA),2026-09-28T20:58:30Z,41.345001170379135,-39.18207694114752,423.17139658758646,279.59595119521026,-15.810710472705772,4676.5723585791075,-2.0054049101253697,7.663393237504459,False
25544,ISS (ZARYA),2026-09-28T20:59:00Z,40.227977114849836,-37.217948517042245,422.7728189389006,276.88487078576867,-15.486117903097115,4620.017417384793,-1.7631820877108997,7.663589092586145,False
25544,ISS (ZARYA),2026-09-28T20:59:30Z,39.07423916258389,-35.32222272870523,422.3722154093432,274.1170632432381,-15.204395831487098,4570.881202324038,-1.5109955118264347,7.663780684775568,False
25544,ISS (ZARYA),2026-09-28T21:00:00Z,37.88636342351395,-33.49198596007983,421.97127321522254,271.2990340897235,-14.967542212549306,4529.445936765544,-1.24999396169768,7.663967297512949,False
25544,ISS (ZARYA),2026-09-28T21:00:30Z,36.6667799275463,-31.724188423619818,421.5717064625192,268.4382871955968,-14.777313682982212,4495.956187737549,-0.981536676129846,7.66414820988828,False
25544,ISS (ZARYA),2026-09-28T21:01:00Z,35.417774855397596,-30.015701759528916,421.1752484791096,265.5432190392094,-14.635168361278165,4470.612824267888,-0.7071733741662181,7.664322699813947,False
25544,ISS (ZARYA),2026-09-28T21:01:30Z,34.1414947571559,-28.363366037206962,420.7836440080266,262.62296825671365,-14.5422147931382,4453.567738923758,-0.42861343866987484,7.664490047234149,False
25544,ISS (ZARYA),2026-09-28T21:02:00Z,32.83995221735087,-26.76402730467473,420.3986412964529,259.6872253487376,-14.499170722461827,4444.919644794651,-0.1476852970576186,7.6646495373563726,False
25544,ISS (ZARYA),2026-09-28T21:02:30Z,31.515032519303524,-25.21456688860166,420.02198411637295,256.7460112280654,-14.50633489015803,4444.711213429157,0.13371193079799837,7.664800463889769,False
25544,ISS (ZARYA),2026-09-28T21:03:00Z,30.168500946001092,-23.711923623858826,419.655403753594,253.80943648273498,-14.563574170820322,4452.927743361163,0.4136615692211827,7.664942132275556,False
25544,ISS (ZARYA),2026-09-28T21:03:30Z,28.802010430661646,-22.253110118814476,419.3006110021763,250.88745528977884,-14.670327145851534,4469.497450926019,0.6902837900622505,7.665073862894175,False
25544,ISS (ZARYA),2026-09-28T21:04:00Z,27.417109335123925,-20.835224061057968,418.9592882022594,247.98962849736836,-14.825623841867785,4494.293366092762,0.9617876083145923,7.665194994234478,False
25544,ISS (ZARYA),2026-09-28T21:04:30Z,26.015249188977798,-19.455455453138516,418.63308135896835,245.12490939761827,-15.028120029687766,4527.136709005221,1.226517081678947,7.665304886009915,False
25544,ISS (ZARYA),2026-09-28T21:05:00Z,24.597792267066335,-18.111090550132605,418.3235923805642,242.30146330883127,-15.27614336967322,4567.801530580392,1.4829890016380636,7.66540292220734,False
25544,ISS (ZARYA),2026-09-28T21:05:30Z,23.166018920405055,-16.79951315854539,418.0323714737589,239.52652867684333,-15.567747943641413,4616.020332795549,1.7299203076775769,7.66548851405398,False
25544,ISS (ZARYA),2026-09-28T21:06:00Z,21.721134603263675,-15.51820385004308,417.7609097336102,236.8063235165855,-15.900773400298988,4671.490347014481,1.9662445099558363,7.665561102888773,False
25544,ISS (ZARYA),2026-09-28T21:06:30Z,20.26427656315471,-14.264737550798186,417.5106319650838,234.14599720697683,-16.272905048540878,4733.880142584695,2.191117408221588,7.665620162924525,False
25544,ISS (ZARYA),2026-09-28T21:07:00Z,18.796520177431017,-13.036779883822804,417.28288977241124,231.5496243756813,-16.681731685173666,4802.836259507788,2.403913219046874,7.665665203887871,False
25544,ISS (ZARYA),2026-09-28T21:07:30Z,17.318884933729127,-11.832082570728035,417.0789549514369,229.02023517323047,-17.1247986245998,4877.98960157983,2.6042127924747316,7.6656957735246705,False
25544,ISS (ZARYA),2026-09-28T21:08:00Z,15.832340061453552,-10.648478138338492,416.90001321899734,226.55987475697833,-17.59965418125449,4958.961381889504,2.7917858921793868,7.66571145995888,False
25544,ISS (ZARYA),2026-09-28T21:08:30Z,14.337809828790483,-9.483874124726032,416.74715831175723,224.16968424706462,-18.103888629242135,5045.368472998756,2.966569555459945,7.665711893893862,False
25544,ISS (ZARYA),2026-09-28T21:09:00Z,12.836178524917624,-8.33624693631528,416.62138648542066,221.84999562484467,-18.63516534460133,5136.82807271608,3.128644396267061,7.665696750645562,False
25544,ISS (ZARYA),2026-09-28T21:09:30Z,11.328295150703163,-7.203635472839738,416.5235914433514,219.60043380880865,-19.191244376098524,5232.961648301804,3.2782104335373385,7.665665751997944,False
25544,ISS (ZARYA),2026-09-28T21:10:00Z,9.814977843544957,-6.08413460776801,416.4545597215608,217.42002024063862,-19.769999073663723,5333.398164332404,3.4155636837232675,7.665618667871738,False
25544,ISS (ZARYA),2026-09-28T21:10:30Z,8.29701806350788,-4.975888588659041,416.41496655468893,215.3072735500648,-20.369426637503466,5437.776631310388,3.541074403950903,7.6655553177985185,False
25544,ISS (ZARYA),2026-09-28T21:11:00Z,6.775184568761602,-3.8770844027371862,416.40537224540026,213.26030408828186,-20.987653557958875,5545.748033725819,3.655167548458716,7.665475572192929,False
25544,ISS (ZARYA),2026-09-28T21:11:30Z,5.2502272087162485,-2.7859451381097613,416.42621905677834,211.27690022502784,-21.6229369259817,5656.976708924047,3.7583057277320213,7.6653793534168075,False
25544,ISS (ZARYA),2026-09-28T21:12:00Z,3.722880563353147,-1.7007233589123951,416.47782864481843,209.35460523620603,-22.273662536334697,5771.14125345047,3.850974745941873,7.665266636629959,False
25544,ISS (ZARYA),2026-09-28T21:12:30Z,2.193867457167375,-0.61969450351333,416.5604000451103,207.49078434762833,-22.938340606916764,5887.9350333499315,3.9336716372457476,7.665137450423228,False
25544,ISS (ZARYA),2026-09-28T21:13:00Z,0.6639023759848549,0.45884969217093546,416.67400822493266,205.68268205044862,-23.615599818991875,6007.066370851165,4.00689501878196,7.664991877230508,False
25544,ISS (ZARYA),2026-09-28T21:13:30Z,-0.8663051853208051,1.5366077493273849,416.8186032089441,203.92747018577614,-24.304180260085154,6128.258473415119,4.071137518477059,7.664830053517373,False
25544,ISS (ZARYA),2026-09-28T21:14:00Z,-2.3960474163047905,2.6152749854337554,416.9940097835419,202.2222875377029,-25.002925734050706,6251.249163392972,4.126880009110199,7.6646521697450085,False
25544,ISS (ZARYA),2026-09-28T21:14:30Z,-3.9246148978962214,3.696550046534742,417.1999277819558,200.5642718052285,-25.71077579744195,6375.79045839607,4.174587377139507,7.6644584701090706,False
25544,ISS (ZARYA),2026-09-28T21:15:00Z,-5.451293295096442,4.782141441709913,417.4359329487355,198.9505848723551,-26.42675779054585,6501.648044493887,4.2147055676727865,7.664249252054211,False
25544,ISS (ZARYA),2026-09-28T21:15:30Z,-6.975360007730778,5.8737740881467095,417.7014783795392,197.37843228594892,-27.149979055997232,6628.600676918273,4.2476596693795265,7.664024865565924,False
25544,ISS (ZARYA),2026-09-28T21:16:00Z,-8.496080751440982,6.973195873044231,417.9958965287328,195.84507780291943,-27.879619476991646,6756.439536265667,4.273852830372962,7.663785712242457,False
25544,ISS (ZARYA),2026-09-28T21:16:30Z,-10.012706040986831,8.082184234937413,418.3184017743968,194.34785379704684,-28.614924419289878,6884.967562351742,4.293665824826837,7.663532244150434,False
25544,ISS (ZARYA),2026-09-28T21:17:00Z,-11.524467547768118,9.202552761663997,418.6680935274421,192.88416823293835,-29.35519812458959,7013.998782890331,4.307457118128951,7.663264962468833,False
25544,ISS (ZARYA),2026-09-28T21:17:30Z,-13.03057430335264,10.336157795070086,419.0439598685851,191.4515088279711,-30.09979757552371,7143.357649996779,4.315563304389177,7.662984415926944,False
25544,ISS (ZARYA),2026-09-28T21:18:00Z,-14.530208720790071,11.484905022915111,419.44488169419697,190.0474449385602,-30.848126832794946,7272.878394090237,4.318299813384044,7.662691199042795,False
25544,ISS (ZARYA),2026-09-28T21:18:30Z,-16.022522405632195,12.650756026423199,419.8696373495981,188.66962762748938,-31.59963183109762,7402.40440198889,4.3159618042920735,7.662385950169447,False
25544,ISS (ZARYA),2026-09-28T21:19:00Z,-17.506631729094156,13.835734736397901,420.3169077257452,187.31578829692023,-32.35379561127273,7531.787623784542,4.308825180829775,7.662069349357434,False
25544,ISS (ZARYA),2026-09-28T21:19:30Z,-18.98161313669262,15.041933731784278,420.7852817930981,185.98373620724766,-33.11013396034174,7660.888011339361,4.297147676858325,7.661742116042361,False
25544,ISS (ZARYA),2026-09-28T21:20:00Z,-20.446498167322805,16.27152029074978,421.27326254440254,184.67135514590683,-33.86819142788597,7789.572989907643,4.281169973439632,7.66140500656757,False
25544,ISS (ZARYA),2026-09-28T21:20:30Z,-21.900268160247304,17.52674207517836,421.7792733161633,183.37659946197715,-34.62753768589545,7917.716963364907,4.261116818008564,7.661058811552385,False
25544,ISS (ZARYA),2026-09-28T21:21:00Z,-23.34184863120727,18.809932294063717,422.3016644569392,182.09748964132845,-35.38776419916509,8045.200852766271,4.237198124117778,7.660704353117216,False
25544,ISS (ZARYA),2026-09-28T21:21:30Z,-24.770103304252817,20.123514148326336,422.8387203091763,180.83210756268898,-36.14848117417638,8171.911667407732,4.209610036389547,7.660342481977402,False
25544,ISS (ZARYA),2026-09-28T21:22:00Z,-26.183827793368884,21.47000430815916,423.38866646994654,179.57859154645718,-36.9093147558151,8297.742107177775,4.178535950159842,7.659974074418173,False
25544,ISS (ZARYA),2026-09-28T21:22:30Z,-27.581742938180696,22.8520151132146,423.9496772950252,178.33513128446273,-37.6699044430404,8422.590194730725,4.144147479067615,7.659600029163821,False
25544,ISS (ZARYA),2026-09-28T21:23:00Z,-28.962487811631263,24.27225511447376,424.51988360986337,177.09996271989255,-38.429900696551485,8546.358935855758,4.106605366718448,7.659221264154385,False
25544,ISS (ZARYA),2026-09-28T21:23:30Z,-30.324612435394748,25.733527494313822,425.0973805904597,175.87136293120577,-39.18896271349433,8668.95600633377,4.066060340728182,7.658838713243734,False
25544,ISS (ZARYA),2026-09-28T21:24:00Z,-31.66657026185633,27.238725807644617,425.68023577664957,174.64764506191057,-39.94675634621618,8790.293463547936,4.022653909057628,7.658453322833215,False
25544,ISS (ZARYA),2026-09-28T21:24:30Z,-32.98671051084907,28.790826383521104,426.26649718043825,173.42715332855914,-40.70295214399108,8910.287481131803,3.9765190997243955,7.658066048455212,False
25544,ISS (ZARYA),2026-09-28T21:25:00Z,-34.28327048606003,30.392876614721445,426.8542014515349,172.20825813264884,-41.45722349842889,9028.858104981278,3.927781145789366,7.657677851321379,False
25544,ISS (ZARYA),2026-09-28T21:25:30Z,-35.55436804128933,32.047978247941934,427.44138206301784,170.98935129693433,-42.20924487498749,9145.929029025858,3.8765581180797963,7.65728969485019,False
25544,ISS (ZARYA),2026-09-28T21:26:00Z,-36.797994421506665,33.759264675367454,428.0260774800678,169.76884144382825,-42.958690114579646,9261.427389231763,3.8229615084486874,7.656902541188706,False
25544,ISS (ZARYA),2026-09-28T21:26:30Z,-38.012007768564054,35.52987113163299,428.60633927542744,168.5451495318072,-43.70523079074244,9375.283574397563,3.7670967665740336,7.656517347743476,False
25544,ISS (ZARYA),2026-09-28T21:27:00Z,-39.19412765660363,37.3628966333774,429.18024015598763,167.31670456574057,-44.448534609230464,9487.431052395572,3.709063793374101,7.656135063735216,False
25544,ISS (ZARYA),2026-09-28T21:27:30Z,-40.34193110664972,39.26135648367832,429.74588186577824,166.08193949829914,-45.18826383818815,9597.806210602004,3.6489573941092894,7.655756626792062,False
25544,ISS (ZARYA),2026-09-28T21:28:00Z,-41.45285062130769,41.228124228829756,430.30140293158007,164.839287341921,-45.92407375834311,9706.3482093536,3.5868676941778186,7.6553829595957925,False
25544,ISS (ZARYA),2026-09-28T21:28:30Z,-42.52417487439264,43.26586213408621,430.8449862186872,163.58717751466304,-46.655611123882714,9812.998847353474,3.5228805204975244,7.655014966595297,False
25544,ISS (ZARYA),2026-09-28T21:29:00Z,-43.55305277959718,45.37693957899145,431.37486626545865,162.32403244795137,-47.3825126259527,9917.70243803757,3.45707775123525,7.654653530801093,False
25544,ISS (ZARYA),2026-09-28T21:29:30Z,-44.53650173645431,47.563339303007155,431.8893363667199,161.04826449055133,-48.10440335198826,10020.405695989044,3.3895376364845737,7.654299510674486,False
25544,ISS (ZARYA),2026-09-28T21:30:00Z,-45.47142089669689,49.82655219839914,432.3867553775195,159.7582731502153,-48.82089523551191,10121.057632569587,3.3203350923349317,7.6539537371244,False
25544,ISS (ZARYA),2026-09-28T21:30:30Z,-46.354610291558444,52.16746237493168,432.8655542103349,158.45244272337237,-49.531585492496134,10219.60946000025,3.2495419706030164,7.653617010624458,False
25544,ISS (ZARYA),2026-09-28T21:31:00Z,-47.18279658973845,54.586225512468594,433.32424200027316,157.12914037304844,-50.23605504212476,10316.014503196477,3.177227306334745,7.653290098462289,False
25544,ISS (ZARYA),2026-09-28T21:31:30Z,-47.95266609437655,57.08214503264513,433.7614119145981,155.78671472668273,-50.93386691168366,10410.228118719358,3.1034575450242836,7.652973732132493,False
25544,ISS (ZARYA),2026-09-28T21:32:00Z,-48.66090531556326,59.65355226340235,434.17574658457414,154.42349507832938,-51.62456462752021,10502.207620261323,3.028296751338187,7.652668604884008,False
25544,ISS (ZARYA),2026-09-28T21:32:30Z,-49.304249059574964,62.29769837440503,434.56602313934167,153.03779129377736,-52.307670596587364,10591.912210137683,2.9518068009890555,7.652375369431864,False
25544,ISS (ZARYA),2026-09-28T21:33:00Z,-49.87953545723288,65.01066718815815,434.9311178232749,151.62789453261695,-52.98268448604735,10679.302916300148,2.8740475572601727,7.652094635842676,False
25544,ISS (ZARYA),2026-09-28T21:33:30Z,-50.3837667309998,67.78731872511689,435.2700101801566,150.1920789176344,-53.64908161189909,10764.34253443419,2.795077033554198,7.651826969602288,False
25544,ISS (ZARYA),2026-09-28T21:34:00Z,-50.81417381755472,70.62127320432525,435.5817867892405,148.72860429913632,-54.30631135160393,10846.995574739596,2.7149515432173783,7.6515728898732975,False
25544,ISS (ZARYA),2026-09-28T21:34:30Z,-51.16828228949635,73.50494392110186,435.86564454012614,147.235720279203,-54.95379560033161,10927.228213029226,2.633725837776268,7.651332867949228,False
25544,ISS (ZARYA),2026-09-28T21:35:00Z,-51.44397644789058,76.42962481059257,436.12089343515504,145.71167167768328,-55.59092729579214,11005.008245815461,2.551453234623692,7.651107325911288,False
25544,ISS (ZARYA),2026-09-28T21:35:30Z,-51.63955808795478,79.38563463511441,436.34695890999564,144.15470563718648,-56.21706904264934,11080.305049081086,2.468185735090337,7.650896635492693,False
25544,ISS (ZARYA),2026-09-28T21:36:00Z,-51.75379636612667,82.3625149169745,436.5433836647454,142.56308057674275,-56.83155187431489,11153.089540460474,2.3839741337572202,7.650701117154672,False
25544,ISS (ZARYA),2026-09-28T21:36:30Z,-51.78596548064518,85.34927354375489,436.70982899989554,140.93507721180782,-57.43367419738549,11223.334144577904,2.2988681197762655,7.650521039377234,False
25544,ISS (ZARYA),2026-09-28T21:37:00Z,-51.73586753169867,88.33466114790352,436.84607565317725,139.26901185922114,-58.022700972152386,11291.012761316948,2.212916370900771,7.650356618166904,False
25544,ISS (ZARYA),2026-09-28T21:37:30Z,-51.60383890172542,91.30746368988846,436.9520241353388,137.56325223749153,-58.59786319115588,11356.10073680878,2.1261666408560593,7.65020801678257,False
25544,ISS (ZARYA),2026-09-28T21:38:00Z,-51.390739682925414,94.25679279827014,437.02769456442223,135.81623595159846,-59.15835772662637,11418.574836950404,2.038665840622272,7.650075345679802,False
25544,ISS (ZARYA),2026-09-28T21:38:30Z,-51.097926927336,97.17235568192837,437.0732260003189,134.0264918142862,-59.70334762629898,11478.413223277257,1.9504601141458897,7.649958662672737,False
25544,ISS (ZARYA),2026-09-28T21:39:00Z,-50.727213642373044,100.04468878160559,437.0888752828919,132.19266409840367,-60.23196294510983,11535.595431029527,1.8615949089476813,7.64985797331199,False
25544,ISS (ZARYA),2026-09-28T21:39:30Z,-50.28081635913079,102.86534334398874,437.0750153788074,130.31353973332776,-60.743302206977674,11590.102349266865,1.7721150420493843,7.649773231475883,False
25544,ISS (ZARYA),2026-09-28T21:40:00Z,-49.76129466663119,105.62701608834217,437.032133244222,128.38807834946124,-61.23643459532791,11641.91620289467,1.682064761601756,7.649704340171425,False
25544,ISS (ZARYA),2026-09-28T21:40:30Z,-49.171486298449935,108.32362330296861,436.9608272119474,126.4154449351487,-61.710402972330094,11691.020536480448,1.5914878045606498,7.649651152540587,False
25544,ISS (ZARYA),2026-09-28T21:41:00Z,-48.514441204624724,110.95032134084391,436.8618039137936,124.39504469934325,-62.16422782364679,11737.400199744383,1.5004274507249833,7.649613473066455,False
25544,ISS (ZARYA),2026-09-28T21:41:30Z,-47.79335761339965,113.50348007110004,436.735874750245,122.32655953185424,-62.596912216715,11781.041334620622,1.408926573422353,7.6495910589730896,False
25544,ISS (ZARYA),2026-09-28T21:42:00Z,-47.01152248114245,115.9806181367343,436.58395192174316,120.20998522602287,-63.007447844760165,11821.931363790529,1.3170276871017905,7.649583621811923,False
25544,ISS (ZARYA),2026-09-28T21:42:30Z,-46.17225804509463,118.3803098702456,436.40704403710026,118.04566838481554,-63.394822204877585,11860.058980601909,1.2247729920712955,7.649590829226947,False
25544,ISS (ZARYA),2026-09-28T21:43:00Z,-45.278875519509064,120.7020736138359,436.2062513168333,115.8343416852678,-63.758026925501945,11895.414140287485,1.1322044165976328,7.649612306889965,False
25544,ISS (ZARYA),2026-09-28T21:43:30Z,-44.334636374838794,122.94625027121202,435.9827604102918,113.57715594673957,-64.0960672163957,11927.988052410174,1.0393636565675188,7.649647640596639,False
25544,ISS (ZARYA),2026-09-28T21:44:00Z,-43.34272114975562,125.11387949892195,435.73783884765083,111.27570726114041,-64.40797236298998,11957.773174461301,0.9462922128964513,7.649696378513228,False
25544,ISS (ZARYA),2026-09-28T21:44:30Z,-42.306205380947404,127.20657931304073,435.4728291489138,108.93205732573672,-64.6928071282466,11984.763206550579,0.8530314268558785,7.649758033563515,False
25544,ISS (ZARYA),2026-09-28T21:45:00Z,-41.22804199227057,129.22643326218608,435.1891426141609,106.54874510219011,-64.94968386139303,12008.953087123313,0.7596225134802129,7.64983208594452,False
25544,ISS (ZARYA),2026-09-28T21:45:30Z,-40.111049347536856,131.17588785035196,434.8882528202656,104.12878803573888,-65.17777504807142,12030.338989652979,0.6661065932052025,7.649917985759427,False
25544,ISS (ZARYA),2026-09-28T21:46:00Z,-38.957904119148125,133.05766166296337,434.57168885114424,101.67567132749363,-65.37632597520691,12048.918320256224,0.5725247218811961,7.650015155755361,False
25544,ISS (ZARYA),2026-09-28T21:46:30Z,-37.77113813579476,134.8746666859175,434.24102828973616,99.19332416896577,-65.54466713223236,12064.689716184723,0.4789179192998593,7.650122994153506,False
25544,ISS (ZARYA),2026-09-28T21:47:00Z,-36.553138426036156,136.6299416010335,433.89789000129264,96.68608241384354,-65.68222593408908,12077.653045150651,0.38532719636462315,7.6502408775584785,False
25544,ISS (ZARYA),2026-09-28T21:47:30Z,-35.30614975393888,138.32659636170862,433.54392673879073,94.1586378511523,-65.78853733632825,12087.809405445627,0.2917935810460826,7.650368163933711,False
25544,ISS (ZARYA),2026-09-28T21:48:00Z,-34.03227903378104,139.96776706057648,433.18081760216097,91.61597500767368,-65.86325292313158,12095.161126824312,0.19835814321902778,7.650504195629299,False
25544,ISS (ZARYA),2026-09-28T21:48:30Z,-32.733501105804564,141.55657995087623,432.8102603844208,89.06329718750987,-65.90614808713002,12099.711772111918,0.10506201855166877,7.650648302448583,False
25544,ISS (ZARYA),2026-09-28T21:49:00Z,-31.4116654440754,143.09612344216282,432.43396383820595,86.50594417161815,-65.91712698582697,12101.466139517961,0.011946431534641314,7.650799804739651,False
25544,ISS (ZARYA),2026-09-28T21:49:30Z,-30.068503450673248,144.58942691926944,432.0536398972433,83.94930458472555,-65.89622504915349,12100.430265626726,-0.08094728220785903,7.650958016497837,False
25544,ISS (ZARYA),2026-09-28T21:50:00Z,-28.7056360629801,146.0394453097506,431.6709958877929,81.3987263208441,-65.84360892074865,12096.611429048788,-0.17357765419953064,7.651122248465379,False
25544,ISS (ZARYA),2026-09-28T21:50:30Z,-27.32458146330925,147.44904842647588,431.2877267654344,78.85942856111762,-65.75957383311845,12090.018154713884,-0.2659030618581876,7.651291811214278,False
25544,ISS (ZARYA),2026-09-28T21:51:00Z,-25.926762732501718,148.82101422565776,430.90550741306686,76.33641880093558,-65.64453853470104,12080.660218797886,-0.35788170757843946,7.651466018198808,False
25544,ISS (ZARYA),2026-09-28T21:51:30Z,-24.513515332581967,150.15802523472746,430.52598503589735,73.83441794251561,-65.49903799506852,12068.548654273012,-0.44947159799506503,7.651644188763977,False
25544,ISS (ZARYA),2026-09-28T21:52:00Z,-23.08609433743032,151.46266751583454,430.15077168905344,71.35779594150127,-65.32371420491432,12053.695757078207,-0.5406305233337696,7.651825651096764,False
25544,ISS (ZARYA),2026-09-28T21:52:30Z,-21.64568135962985,152.73743163033134,429.7814369735365,68.91051979203836,-65.11930545373252,12036.115092910899,-0.6313160366526844,7.652009745107092,False
25544,ISS (ZARYA),2026-09-28T21:53:00Z,-20.193391142006213,153.98471516211237,429.41950093537673,66.49611485697265,-64.88663450678676,12015.821504645246,-0.7214854328640362,7.652195825225805,False
25544,ISS (ZARYA),2026-09-28T21:53:30Z,-18.730277799885066,155.20682643645515,429.06642720245617,64.11763978211505,-64.62659611369442,11992.831120385737,-0.8110957273688406,7.65238326310754,False
25544,ISS (ZARYA),2026-09-28T21:54:00Z,-17.257340712531228,156.4059891401088,428.72361639245105,61.77767453423469,-64.34014426596899,11967.161362169967,-0.9001036341497931,7.652571450226587,False
25544,ISS (ZARYA),2026-09-28T21:54:30Z,-15.775530071742297,157.58434760692094,428.3923998244826,59.47832052269659,-64.02827958454073,11938.83095534076,-0.9884655431594828,7.652759800354474,False
25544,ISS (ZARYA),2026-09-28T21:55:00Z,-14.285752102491076,158.74397258239654,428.07403356560553,57.22121133298756,-63.69203716617123,11907.859938609821,-1.076137496833557,7.652947751908587,False
25544,ISS (ZARYA),2026-09-28T21:55:30Z,-12.788873975402858,159.88686732179193,427.7696928419378,55.00753232568143,-63.3324751559933,11874.269674843792,-1.1630751655555753,7.653134770161604,False
25544,ISS (ZARYA),2026-09-28T21:56:00Z,-11.285728434275136,161.01497391005518,427.480466842662,52.838047230062934,-62.95066424780069,11838.082862605426,-1.2492338218914993,7.653320349302302,False
25544,ISS (ZARYA),2026-09-28T21:56:30Z,-9.777118164074091,162.13017971979602,427.20735394305404,50.71312986715403,-62.547678249300226,11799.323548489741,-1.33456831340739,7.653504014338922,False
25544,ISS (ZARYA),2026-09-28T21:57:00Z,-8.263819926260492,163.23432394608568,426.9512573710653,48.632799245561266,-62.12458579011915,11758.017140302578,-1.4190330338777823,7.653685322836938,False
25544,ISS (ZARYA),2026-09-28T21:57:30Z,-6.7465884890644405,164.32920417495455,426.7129813394428,46.59675645562629,-61.68244319848572,11714.190421129833,-1.5025818926856225,7.653863866483951,False
25544,ISS (ZARYA),2026-09-28T21:58:00Z,-5.226160380726703,165.41658295718327,426.4932276633742,44.60442201356569,-61.22228852978129,11667.87156435732,-1.5851682822093396,7.6540392724750745,False
25544,ISS (ZARYA),2026-09-28T21:58:30Z,-3.7032574937862854,166.49819437036908,426.2925928809503,42.65497255305734,-60.745136696824595,11619.090149702884,-1.666745042987511,7.654211204713122,False
25544,ISS (ZARYA),2026-09-28T21:59:00Z,-2.1785905684446956,167.57575056127266,426.1115658913083,40.74737600651928,-60.25197562762536,11567.877180331665,-1.747264426445983,7.654379364818643,False
25544,ISS (ZARYA),2026-09-28T21:59:30Z,-0.6528625828807038,168.65094826720716,425.9505261225487,38.880424647758645,-59.743763360447915,11514.265101130473,-1.8266780549678614,7.654543492945759,False
25544,ISS (ZARYA),2026-09-28T22:00:00Z,0.8732279217861613,169.72547532016696,425.8097422388331,37.0527655721466,-59.22142597721513,11458.287818223533,-1.9049368790823866,7.654703368400592,False
25544,ISS (ZARYA),2026-09-28T22:00:30Z,2.398983554319815,170.80101714087553,425.6893713930449,35.262928364805404,-58.68585627327392,11399.980719821264,-1.9819911315477738,7.6548588100600625,False
25544,ISS (ZARYA),2026-09-28T22:01:00Z,3.9237047965056453,171.87926323156404,425.58945902873853,33.50934985050976,-58.13791306291043,11339.38069849466,-2.057790278096262,7.655009676589585,False
25544,ISS (ZARYA),2026-09-28T22:01:30Z,5.446686709130136,172.9619136772512,425.50993923205965,31.79039593091326,-57.57842102476508,11276.526174983659,-2.1322829646154795,7.6551558664592125,False
25544,ISS (ZARYA),2026-09-28T22:02:00Z,6.967215593269933,174.0506856640789,425.4506356312589,30.104380599564177,-57.00817099809887,11211.457123644765,-2.2054169605332516,7.655297317758677,False
25544,ISS (ZARYA),2026-09-28T22:02:30Z,8.484565579224004,175.14732002154338,425.4112628387918,28.44958228468888,-56.42792064916191,11144.215099658588,-2.277139098183347,7.65543400781264,False
25544,ISS (ZARYA),2026-09-28T22:03:00Z,9.997995115210824,176.25358779149357,425.3914284279087,26.824257709590654,-55.838395435734576,11074.84326811829,-2.3473952079269327,7.655565952598384,False
25544,ISS (ZARYA),2026-09-28T22:03:30Z,11.506743327766582,177.37129682182473,425.3906354328037,25.226653483060122,-55.240289806948496,11003.386435131111,-2.416130048819542,7.6556932059691745,False
25544,ISS (ZARYA),2026-09-28T22:04:00Z,13.010026225566106,178.5022983753947,425.4082853588583,23.655015642399924,-54.63426858420938,10929.891081068416,-2.483287234618319,7.655815858687187,False
25544,ISS (ZARYA),2026-09-28T22:04:30Z,14.507032718317063,179.6484937354328,425.44368168654995,22.10759737170505,-54.02096847728945,10854.405396106913,-2.5488091549434735,7.655934037271055,False
25544,ISS (ZARYA),2026-09-28T22:05:00Z,15.996920422458077,-179.18815922343603,425.4960338503153,20.58266511132808,-53.40099969721448,10776.979318208141,-2.612636891425436,7.656047902663703,False
25544,ISS (ZARYA),2026-09-28T22:05:30Z,17.4788112257711,-178.00563954459366,425.5644616711403,19.07850326280544,-52.774947634402814,10697.664573690208,-2.6747101286971975,7.656157648727101,False
25544,ISS (ZARYA),2026-09-28T22:06:00Z,18.951786583898603,-176.80185684445408,425.6480002193241,17.593417679067468,-52.14337457652384,10616.514720545825,-2.7349670601228695,7.656263500571321,False
25544,ISS (ZARYA),2026-09-28T22:06:30Z,20.4148825231956,-175.5746452019668,425.74560508195697,16.125738113685536,-51.506821445848864,10533.585194667203,-2.7933442881923978,7.656365712726049,False
25544,ISS (ZARYA),2026-09-28T22:07:00Z,21.867084326816663,-174.32175740035044,425.8561580073927,14.673819786093611,-50.86580954040034,10448.93335913724,-2.8497767195692405,7.656464567163532,False
25544,ISS (ZARYA),2026-09-28T22:07:30Z,23.307320884504392,-173.04085967451533,425.97847289764616,13.236044203568317,-50.22084226708915,10362.618556746796,-2.9041974548315386,7.656560371182486,False
25544,ISS (ZARYA),2026-09-28T22:08:00Z,24.734458691821736,-171.72952716027626,426.1113021176657,11.81081936481986,-49.57240685831511,10274.702165896366,-2.9565376730312147,7.656653455163332,False
25544,ISS (ZARYA),2026-09-28T22:08:30Z,26.147295491916815,-170.38524029314968,426.25334308934794,10.39657945569016,-48.92097606621892,10185.24766003333,-3.0067265112799633,7.656744170205582,False
25544,ISS (ZARYA),2026-09-28T22:09:00Z,27.54455356295575,-169.00538246545247,426.4032451368992,8.99178413399484,-48.26700983105342,10094.32067077103,-3.0546909396867887,7.656832885658914,False
25544,ISS (ZARYA),2026-09-28T22:09:30Z,28.924872667852874,-167.587239322334,426.55961654912954,7.594917488838697,-47.610956921961176,10001.98905482125,-3.1003556320978416,7.656919986559896,False
25544,ISS (ZARYA),2026-09-28T22:10:00Z,30.28680270065717,-166.1280001602427,426.72103182349286,6.204486749168962,-46.95325654994343,9908.322964858573,-3.143642833250138,7.657005870986863,False
25544,ISS (ZARYA),2026-09-28T22:10:30Z,31.62879608694473,-164.6247619858152,426.88603905623364,4.819020807397838,-46.29433995396101,9813.394924412507,-3.1844722231334557,7.657090947345779,False
25544,ISS (ZARYA),2026-09-28T22:11:00Z,32.94920002486277,-163.07453689819195,427.053167442487,3.4370686162976325,-45.634631962009976,9717.279906856482,-3.2227607795726194,7.657175631600389,False
25544,ISS (ZARYA),2026-09-28T22:11:30Z,34.246248690242616,-161.47426357111237,427.22093485003484,2.057197511000029,-44.97455252968081,9620.055418529191,-3.258422640300163,7.657260344460194,False
25544,ISS (ZARYA),2026-09-28T22:12:00Z,35.518055574601796,-159.82082372879114,427.3878554304796,0.6779915028835168,-44.314518259169446,9521.801585981482,-3.2913689660864613,7.657345508540027,False
25544,ISS (ZARYA),2026-09-28T22:12:30Z,36.76260617994415,-158.11106462419355,427.5524472317179,359.29804958811155,-43.654943901977894,9422.601247288967,-3.321507806844614,7.657431545505187,False
25544,ISS (ZARYA),2026-09-28T22:13:00Z,37.97775135972292,-156.34182862932383,427.7132397760076,357.9159841107323,-42.996243848656775,9322.540047307908,-3.348743973028029,7.6575188732162625,False
25544,ISS (ZARYA),2026-09-28T22:13:30Z,39.16120167133612,-154.50999111859738,427.8687815683857,356.5304192183109,-42.33883360889071,9221.706536675367,-3.3729789151023684,7.657607902887691,False
25544,ISS (ZARYA),2026-09-28T22:14:00Z,40.31052319120995,-152.61250784674425,428.0176475009068,355.1399894470021,-41.6831312850329,9120.192274263913,-3.3941106144067485,7.65769903627425,False
25544,ISS (ZARYA),2026-09-28T22:14:30Z,41.42313533664043,-150.6464729638567,428.15844611903606,353.7433384727891,-41.02955904183196,9018.09193269157,-3.4120334893218383,7.6577926628994355,False
25544,ISS (ZARYA),2026-09-28T22:15:00Z,42.496311334680755,-148.60918863706289,428.28982671737435,352.3391180661515,-40.378544574593626,8915.503406361224,-3.426638321347456,7.657889157339635,False
25544,ISS (ZARYA),2026-09-28T22:15:30Z,43.527182070438876,-146.49824692025192,428.41048623300935,350.92598728866096,-39.7305225773389,8812.527921354269,-3.437812206459352,7.657988876577756,False
25544,ISS (ZARYA),2026-09-28T22:16:00Z,44.51274412466875,-144.31162398671668,428.5191759061345,349.5026119717388,-39.0859362116535,8709.270146328849,-3.445438537975647,7.658092157439648,False
25544,ISS (ZARYA),2026-09-28T22:16:30Z,45.44987285916661,-142.0477860744559,428.61470767853456,348.0676645202611,-38.445238575863605,8605.838303372659,-3.4493970281004516,7.658199314126394,False
25544,ISS (ZARYA),2026-09-28T22:17:00Z,46.33534140995229,-139.70580546115792,428.6959603022988,346.6198240863013,-37.80889417287824,8502.344277529639,-3.4495637763524103,7.658310635855016,False
25544,ISS (ZARYA),2026-09-28T22:17:30Z,47.165846381122876,-137.28548348281333,428.7618851322538,345.1577771614606,-37.17738037350273,8398.90372345789,-3.4458113941895787,7.658426384619795,False
25544,ISS (ZARYA),2026-09-28T22:18:00Z,47.93804087380713,-134.7874760732522,428.8115115774271,343.6802186393508,-36.55118887019535,8295.636167378056,-3.4380091963256274,7.658546793085769,False
25544,ISS (ZARYA),2026-09-28T22:18:30Z,48.64857521399224,-132.2134156273107,428.8439521882388,342.1858534030377,-35.930827114111246,8192.665102139099,-3.4260234704544468,7.658672062625387,False
25544,ISS (ZARYA),2026-09-28T22:19:00Z,49.29414534616658,-129.56602134384616,428.85840735789816,340.6733984951963,-35.31681972580249,8090.118072858287,-3.4097178383453985,7.658802361508737,False
25544,ISS (ZARYA),2026-09-28T22:19:30Z,49.87154833583919,-126.84918882776984,428.85416961815895,339.1415859312399,-34.709709867091085,7988.126750183659,-3.388953722484903,7.65893782325694,False
25544,ISS (ZARYA),2026-09-28T22:20:00Z,50.377743791768616,-124.06804892478284,428.83062751136674,337.58916621740553,-34.11006055840889,7886.826987786647,-3.3635909335781955,7.659078545167633,False
25544,ISS (ZARYA),2026-09-28T22:20:30Z,50.809919322009314,-121.22898585374695,428.78726902240186,336.0149126363376,-33.518455922248286,7786.358860215817,-3.3334883952014933,7.659224587020621,False
25544,ISS (ZARYA),2026-09-28T22:21:00Z,51.16555744713795,-118.33960597410935,428.72368455614355,334.41762636173087,-32.93550232933364,7686.866676743979,-3.2985050226225807,7.659375969970926,False
25544,ISS (ZARYA),2026-09-28T22:21:30Z,51.44250080240919,-115.40865114007467,428.63956944774276,332.79614246045514,-32.361829419689336,7588.498966322175,-3.2585007731770412,7.659532675635668,False
25544,ISS (ZARYA),2026-09-28T22:22:00Z,51.639012072163766,-112.44585450305377,428.5347259948988,331.14933683493757,-31.798090966027306,7491.408428234735,-3.213337885436446,7.659694645380154,False
25544,ISS (ZARYA),2026-09-28T22:22:30Z,51.75382501078949,-109.4617415185237,428.40906500335035,329.476134149522,-31.244965541848494,7395.751842541455,-3.162882323607823,7.659861779807659,False
25544,ISS (ZARYA),2026-09-28T22:23:00Z,51.78618318078499,-106.46738421877065,428.26260683847084,327.775516771676,-30.703156951507125,7301.689933922818,-3.1070054419397075,7.6600339384565475,False
25544,ISS (ZARYA),2026-09-28T22:23:30Z,51.73586369457311,-103.47412176547952,428.09548197800507,326.0465347413959,-30.173394374367646,7209.387182137287,-3.045585881206694,7.660210939707086,False
25544,ISS (ZARYA),2026-09-28T22:24:00Z,51.60318423395032,-100.4932640895925,427.90793106268615,324.28831675954586,-29.656432170383166,7119.011571998003,-2.978511705369985,7.660392560899622,False
25544,ISS (ZARYA),2026-09-28T22:24:30Z,51.38899282947345,-97.5357973930598,427.7003044436436,322.500082157248,-29.153049290134568,7030.7342756027865,-2.9056827810902774,7.660578538664523,False
25544,ISS (ZARYA),2026-09-28T22:25:00Z,51.09464115825603,-94.61211006875521,427.4730612272616,320.6811537739838,-28.664048229154265,6944.729259583448,-2.827013395672515,7.660768569463396,False
25544,ISS (ZARYA),2026-09-28T22:25:30Z,50.721943295496956,-91.73175523017825,427.22676782013036,318.8309716309227,-28.19025346443471,6861.172810389828,-2.742435100172087,7.6609623103399995,False
25544,ISS (ZARYA),2026-09-28T22:26:00Z,50.27312278551558,-88.90326196348961,426.96209597887344,316.9491072391168,-27.732509311167775,6780.242971190285,-2.6518997536577413,7.661159379878247,False
25544,ISS (ZARYA),2026-09-28T22:26:30Z,49.75075148304138,-86.13400232805034,426.67982037124904,315.0352783295341,-27.29167714029384,6702.118884863346,-2.5553827321247176,7.66135935936377,False
25544,ISS (ZARYA),2026-09-28T22:27:00Z,49.15768381882245,-83.43011585101377,426.3808156572135,313.0893637353043,-26.868631903161837,6626.980038864859,-2.452886251422865,7.661561794144353,False
25544,ISS (ZARYA),2026-09-28T22:27:30Z,48.4969899910116,-80.79648852190324,426.06605310038253,311.1114180975651,-26.464257918972518,6555.005409501756,-2.3444427382152133,7.661766195183717,False
25544,ISS (ZARYA),2026-09-28T22:28:00Z,47.771891148715966,-78.23677962083484,425.73659672225364,309.10168600768384,-26.07944389419761,6486.372505356941,-2.2301181670193904,7.661972040802094,False
25544,ISS (ZARYA),2026-09-28T22:28:30Z,46.985699015934124,-75.75348736612688,425.39359901366595,307.06061514401415,-25.715077161299472,6421.256312314776,-2.1100152656057114,7.6621787785961555,False
25544,ISS (ZARYA),2026-09-28T22:29:00Z,46.141761706045614,-73.34804334310718,425.0382962196408,304.98886791454595,-25.372037146784077,6359.828145781028,-1.9842764765544756,7.662385827529933,False
25544,ISS (ZARYA),2026-09-28T22:29:30Z,45.24341678842884,-71.02092578491583,424.67200321583476,302.88733108295247,-25.051188105925593,6302.254419253542,-1.8530865508399672,7.662592580187527,False
25544,ISS (ZARYA),2026-09-28T22:30:00Z,44.2939520551596,-68.77178271877973,424.29610799654165,300.7571228392303,-24.753371192637278,6248.695342245999,-1.7166746413880944,7.662798405177635,False
25544,ISS (ZARYA),2026-09-28T22:30:30Z,43.29657393573183,-66.59955744333654,423.9120657961565,298.5995967826781,-24.479395967101272,6199.303564588833,-1.575315762082124,7.663002649679101,False
25544,ISS (ZARYA),2026-09-28T22:31:00Z,42.254383135847874,-64.50261047111546,423.52139286759234,296.41634231835565,-24.230031479246588,6154.222788114184,-1.4293314820781415,7.663204642116043,False
25544,ISS (ZARYA),2026-09-28T22:31:30Z,41.17035682863315,-62.47883372874607,423.12565994313456,294.20918103187194,-24.005997101144132,6113.586370476131,-1.2790897376323678,7.6634036949504445,False
25544,ISS (ZARYA),2026-09-28T22:32:00Z,40.047336587397055,-60.52575430375611,422.7264854045574,291.98015870255597,-23.80795331342843,6077.515949095159,-1.1250036646100048,7.66359910757949,False
25544,ISS (ZARYA),2026-09-28T22:32:30Z,38.88802119677895,-58.640626278594915,422.3255281912291,289.7315327410496,-23.63649267744061,6046.120115700527,-0.9675293844604507,7.663790169324377,False
25544,ISS (ZARYA),2026-09-28T22:33:00Z,37.69496349109623,-56.8205101715435,421.9244804762092,287.465754990512,-23.492131243262588,6019.493173415748,-0.807162713976109,7.663976162496991,False
25544,ISS (ZARYA),2026-09-28T22:33:30Z,36.470570424024665,-55.062340219962046,421.52506014191283,285.1854500045216,-23.375300651787192,5997.714008575634,-0.6444348130128745,7.664156365530193,False
25544,ISS (ZARYA),2026-09-28T22:34:00Z,35.21710565473597,-53.36298022542964,421.12900308806104,282.8933891001523,-23.28634118461844,5980.845108326366,-0.47990683211606583,7.664330056157431,False
25544,ISS (ZARYA),2026-09-28T22:34:30Z,33.93669402951002,-51.71926897552115,420.73805540608225,280.59246067189133,-23.22549599791935,5968.931752483611,-0.31416367069045736,7.664496514626835,False
25544,ISS (ZARYA),2026-09-28T22:35:00Z,32.631327432781035,-50.12805640317213,420.3539654547802,278.2856374245168,-23.19290674495143,5962.001404076308,-0.14780700220081194,7.664655026934996,False
25544,ISS (ZARYA),2026-09-28T22:35:30Z,31.30287157443784,-48.586231687148796,419.9784758735384,275.9759413350292,-23.18861074863434,5960.063317726155,0.01855223728171102,7.664804888065388,False
25544,ISS (ZARYA),2026-09-28T22:36:00Z,29.953073363359596,-47.090744463444715,419.61331556950006,273.6664072662083,-23.212539831490396,5963.1083786152885,0.18430167083000984,7.664945405216336,False
25544,ISS (ZARYA),2026-09-28T22:36:30Z,28.583568591359985,-45.63862023938534,419.2601917163257,271.3600462241522,-23.26452084964668,5971.109177725389,0.34883536837162227,7.665075901003549,False
25544,ISS (ZARYA),2026-09-28T22:37:00Z,27.19588971506072,-44.2269709971513,418.92078180207994,269.05980927041014,-23.34427791347306,5984.020321582231,0.5115615518591431,7.665195716622221,False
25544,ISS (ZARYA),2026-09-28T22:37:30Z,25.791473576369285,-42.853001857747856,418.5967257643234,266.76855306609855,-23.451436214572126,6001.7789674152,0.6719098794093953,7.665304214953952,False
25544,ISS (ZARYA),2026-09-28T22:38:00Z,24.37166894550727,-41.51401455872161,418.28961825036134,264.48900794191326,-23.58552732099921,6024.305567800733,0.8293380932729603,7.66540078360399,False
25544,ISS (ZARYA),2026-09-28T22:38:30Z,22.93774380678281,-40.20740838799121,418.00100104062585,262.22374926431166,-23.74599575345213,6051.504802890597,0.983337850966857,7.66548483785447,False
25544,ISS (ZARYA),2026-09-28T22:39:00Z,21.490892333762385,-38.93067911148313,417.73235567246826,259.97517270740764,-23.93220661761269,6083.266673547181,1.133439602009302,7.665555823519864,False
25544,ISS (ZARYA),2026-09-28T22:39:30Z,20.03224152378004,-37.68141634152712,417.4850963013279,257.7454738634784,-24.143454043278734,6119.467725277972,1.2792164203309413,7.665613219691245,False
25544,ISS (ZARYA),2026-09-28T22:40:00Z,18.562857477815943,-36.45729971139856,417.2605628353941,255.5366324364914,-24.37897017016661,6159.9723709095315,1.4202867515537174,7.66565654135634,False
25544,ISS (ZARYA),2026-09-28T22:40:30Z,17.083751324789816,-35.25609415191372,417.06001437857725,253.35040108011304,-24.637934422518498,6204.634279418485,1.5563160811637835,7.665685341883167,False
25544,ISS (ZARYA),2026-09-28T22:41:00Z,15.595884798779515,-34.075644507049006,416.88462301577164,251.18829877319064,-24.9194828286655,6253.297799176494,1.6870175714328464,7.665699215355388,False
25544,ISS (ZARYA),2026-09-28T22:41:30Z,14.10017548459788,-32.91386967556192,416.7354679724704,249.05160847974346,-25.222717164980992,6305.799385824351,1.8121517496349895,7.6656977987483685,False
25544,ISS (ZARYA),2026-09-28T22:42:00Z,12.597501752065721,-31.768756424492732,416.6135301795614,246.9413787235055,-25.54671373401516,6361.969007899478,1.9315253563836756,7.665680773935648,False
25544,ISS (ZARYA),2026-09-28T22:42:30Z,11.088707402720814,-30.638352986055487,416.51968727176063,244.85842862087932,-25.890531620995397,6421.631506873002,2.0449894803684003,7.66564786951616,False
25544,ISS (ZARYA),2026-09-28T22:43:00Z,9.57460605489841,-29.520762521767736,416.4547090464477,242.8033558618131,-26.253220309143444,6484.6078922132165,2.1524371146851555,7.66559886245354,False
25544,ISS (ZARYA),2026-09-28T22:43:30Z,8.055985294523857,-28.41413651475973,416.4192534072645,240.77654710277497,-26.633826569809045,6550.716556168544,2.2538002712272953,7.6655335795195425,False
25544,ISS (ZARYA),2026-09-28T22:44:00Z,6.533610619692431,-27.3166681331077,416.41386281423445,238.77819023683608,-27.03140057683037,6619.774397006209,2.3490467844747194,7.665451898534639,False
25544,ISS (ZARYA),2026-09-28T22:44:30Z,5.008229207477514,-26.226585592337653,416.4389612598259,236.808288027764,-27.445001224237753,6691.5978432333495,2.438176925966081,7.665353749399606,False
25544,ISS (ZARYA),2026-09-28T22:45:00Z,3.480573531454099,-25.14214553393172,416.49485178744527,234.86667263346916,-27.87370065185859,6766.003774780666,2.5212199372404007,7.665239114913088,False
25544,ISS (ZARYA),2026-09-28T22:45:30Z,1.951364858332305,-24.06162642757901,416.581714566073,232.95302059359307,-28.316588003955072,6842.810340122191,2.598230573518778,7.665108031370831,False
25544,ISS (ZARYA),2026-09-28T22:46:00Z,0.42131665193332685,-22.983321998349677,416.6996055317987,231.0668679125606,-28.772772461950574,6921.837670835533,2.669285734060052,7.664960588943469,False
25544,ISS (ZARYA),2026-09-28T22:46:30Z,-1.1088620874957673,-21.90553467503315,416.84845560390625,229.20762492848473,-29.241385603700124,7002.908497140353,2.734481238987602,7.664796931830723,False
25544,ISS (ZARYA),2026-09-28T22:47:00Z,-2.6384635207512255,-20.826569052670926,417.02807048017195,227.37459071708844,-29.72158314912188,7085.8486695125375,2.793928797180212,7.664617258190696,False
25544,ISS (ZARYA),2026-09-28T22:47:30Z,-4.166777676211721,-19.744725360562946,417.2381310127909,225.5669668356305,-30.212546155956304,7170.487592603447,2.8477531960715616,7.664421819844249,False
25544,ISS (ZARYA),2026-09-28T22:48:00Z,-5.6930891377299595,-18.65829292661303,417.4781941633817,223.7838702630481,-30.71348173046526,7256.658578429253,2.896089732212549,7.664210921755207,False
25544,ISS (ZARYA),2026-09-28T22:48:30Z,-7.216673686174323,-17.56554362993482,417.7476945321411,222.02434543814195,-31.223623316762094,7344.199126211728,2.9390818913437657,7.663984921288277,False
25544,ISS (ZARYA),2026-09-28T22:49:00Z,-8.736794866785536,-16.464725335868152,418.04594645343786,220.28737533685614,-31.74223062556878,7432.951136377168,2.976879278512925,7.66374422724756,False
25544,ISS (ZARYA),2026-09-28T22:49:30Z,-10.25270045439011,-15.354055311664197,418.37214664690407,218.57189156297207,-32.26858925924204,7522.76106614517,3.009635792322783,7.663489298699434,False
25544,ISS (ZARYA),2026-09-28T22:50:00Z,-11.76361878836519,-14.231713626466918,418.72537741020557,216.87678345331213,-32.80201008509691,7613.48003387652,3.0375080325827213,7.663220643584646,False
25544,ISS (ZARYA),2026-09-28T22:50:30Z,-13.268754949120309,-13.095836547021687,419.10461033685556,215.20090622017975,-33.34182840394357,7704.963878980281,3.0606539272148203,7.662938817125325,False
25544,ISS (ZARYA),2026-09-28T22:51:00Z,-14.767286747891324,-11.944509950211893,419.5087105397142,213.54308816990476,-33.887402955444315,7797.073183714261,3.0792315620622,7.662644420033605,False
25544,ISS (ZARYA),2026-09-28T22:51:30Z,-16.258360501818363,-10.775762786359069,419.93644135824167,211.90213704855145,-34.43811479673786,7889.673262706063,3.0933981960082737,7.662338096529328,False
25544,ISS (ZARYA),2026-09-28T22:52:00Z,-17.74108656684968,-9.587560642964279,420.3864695251925,210.27684557392774,-34.9933660858119,7982.634125482296,3.103309443378471,7.66202053217529,False
25544,ISS (ZARYA),2026-09-28T22:52:30Z,-19.214534602019338,-8.377799478593875,420.8573707661622,208.66599621840393,-35.552578796522354,8075.83041675715,3.10911860574559,7.661692451539156,False
25544,ISS (ZARYA),2026-09-28T22:53:00Z,-20.677728540378787,-7.144299620994004,421.3476358033585,207.06836530962025,-36.11519338793088,8169.141338698831,3.110976135873161,7.661354615692011,False
25544,ISS (ZARYA),2026-09-28T22:53:30Z,-22.12964124456998,-5.884800153711642,421.8556767332148,205.48272651704494,-36.68066744689731,8262.45055889263,3.109029217444538,7.661007819554264,False
25544,ISS (ZARYA),2026-09-28T22:54:00Z,-23.56918882896552,-4.596953852100885,422.3798337455971,203.9078537916683,-37.24847431951961,8355.646107241286,3.10342144535306,7.660652889100204,False
25544,ISS (ZARYA),2026-09-28T22:54:30Z,-24.99522463601839,-3.278322873673034,422.9183821512423,202.3425238242759,-37.81810174413319,8448.620264606741,3.094292592576092,7.660290678433189,False
25544,ISS (ZARYA),2026-09-28T22:55:00Z,-26.40653286231467,-1.9263754606871875,423.46953968250796,200.78551808538103,-38.38905049611238,8541.269445597785,3.0817784509467985,7.659922066744028,False
25544,ISS (ZARYA),2026-09-28T22:55:30Z,-27.801821840508726,-0.5384839753123589,424.0314740317922,199.23562450688712,-38.960833052614625,8633.494077545007,3.066010734437762,7.6595479551655705,False
25544,ISS (ZARYA),2026-09-28T22:56:00Z,-29.179716997576595,0.8880753391811623,424.60231059103984,197.6916388624067,-39.53297228369457,8725.198477384765,3.047117034826091,7.659169263536994,False
25544,ISS (ZARYA),2026-09-28T22:56:30Z,-30.538753528422088,2.356120393537061,425.1801403552972,196.15236589993438,-40.105000174791805,8816.290727885962,3.025220820806375,7.658786927091659,False
25544,ISS (ZARYA),2026-09-28T22:57:00Z,-31.877368847889155,3.868558511166954,425.76302795281276,194.616620277287,-40.676456584477336,8906.68255440252,3.0004414727381086,7.658401893082783,False
25544,ISS (ZARYA),2026-09-28T22:57:30Z,-33.19389491465054,5.428378232213993,426.3490197641265,193.0832273478657,-41.24688804049205,8996.289203116843,2.9728943462328887,7.65801511736134,False
25544,ISS (ZARYA),2026-09-28T22:58:00Z,-34.486550558490336,7.038636872575021,426.93615209262623,191.55102384128335,-41.81584657647362,9085.029321548924,2.942690858728753,7.65762756092085,False
25544,ISS (ZARYA),2026-09-28T22:58:30Z,-35.75343398918968,8.702442932138194,427.5224593492962,190.01885848093622,-42.382888611349394,9172.824841943748,2.9099385940335547,7.657240186423903,False
25544,ISS (ZARYA),2026-09-28T22:59:00Z,-36.992515721555634,10.422932336388929,428.1059822147833,188.48559257828782,-42.947573873122316,9259.600868009342,2.8747414205693835,7.656853954725171,False
25544,ISS (ZARYA),2026-09-28T22:59:30Z,-38.20163221773507,12.203237402225545,428.6847757425501,186.9501006415185,-43.50946436870624,9345.28556536187,2.8371996197130507,7.6564698214058655,False
25544,ISS (ZARYA),2026-09-28T23:00:00Z,-39.37848062464913,14.046447358635008,429.25691736760945,185.41127103449293,-44.068123401516424,9429.810055932983,2.797410021207164,7.656088733334316,False
27386,ENVISAT,2026-09-28T20:00:00Z,-14.098484686377828,-84.60575033302771,767.5756452134772,273.7360841039465,-52.99358218603813,11114.702191670085,-2.5187819136771714,7.469533682710911,False
27386,ENVISAT,2026-09-28T20:00:30Z,-12.312053547758524,-85.00759800257377,767.069345532045,275.2448285263369,-52.37380286629302,11038.205718728375,-2.580838145765049,7.469888328221764,False
27386,ENVISAT,2026-09-28T20:01:00Z,-10.524931711922948,-85.40576470728567,766.5933994704681,276.73365979574805,-51.74735341283424,10959.860869168433,-2.642001550580285,7.47023352915032,False
27386,ENVISAT,2026-09-28T20:01:30Z,-8.73720150730709,-85.80083894236508,766.14894421005,278.2038309453752,-51.11458842760718,10879.694990729877,-2.7022343739458687,7.47056871502861,False
27386,ENVISAT,2026-09-28T20:02:00Z,-6.948944614451177,-86.19338449611517,765.7369874097877,279.65657723050384,-50.4758464649521,10797.736579338994,-2.7614978094666505,7.470893359113122,False
27386,ENVISAT,2026-09-28T20:02:30Z,-5.160242257016222,-86.58394526169545,765.3584037322896,281.09311576529427,-49.83145103364099,10714.015311722314,-2.819751928466565,7.47120697970251,False
27386,ENVISAT,2026-09-28T20:03:00Z,-3.3711753633765684,-86.97304971566322,765.0139319223995,282.51464558600117,-49.1817115887925,10628.562080212445,-2.8769556039388173,7.4715091412765915,False
27386,ENVISAT,2026-09-28T20:03:30Z,-1.5818247055055397,-87.36121514237131,764.7041724526181,283.92234808068565,-48.52692451036398,10541.409029929264,-2.933066428005137,7.471799455452758,False
27386,ENVISAT,2026-09-28T20:04:00Z,0.20772897863305356,-87.74895167631557,764.4295857463944,285.3173877331489,-47.86737406631111,10452.589598544027,-2.9880406223452525,7.472077581756534,False
27386,ENVISAT,2026-09-28T20:04:30Z,1.9974048733599286,-88.13676622925071,764.1904909878965,286.700913135546,-47.2033333595621,10362.13855884019,-3.041832941027918,7.4723432282037425,False
27386,ENVISAT,2026-09-28T20:05:00Z,3.7871219785943686,-88.52516636593724,763.9870655237385,288.07405823055103,-46.53506525901468,10270.092064312887,-3.09439656513781,7.472596151692457,False
27386,ENVISAT,2026-09-28T20:05:30Z,5.576799002707542,-88.9146641908039,763.8193448594884,289.4379437494224,-45.86282331554213,10176.487698058014,-3.145682988561196,7.472836158203658,False
27386,ENVISAT,2026-09-28T20:06:00Z,7.366354249362329,-89.3057803082618,763.6872232504805,290.7936788173976,-45.18685266479872,10081.364525229363,-3.195641894257149,7.47306310281026,False
27386,ENVISAT,2026-09-28T20:06:30Z,9.155705492655802,-89.69904792134689,763.5904548840128,292.1423627021732,-44.507390919235355,9984.763149358323,-3.24422102030898,7.473276889494863,False
27386,ENVISAT,2026-09-28T20:07:00Z,10.944769834582592,-90.09501713719357,763.5286556465709,293.4850866850132,-43.82466905233583,9886.725772852718,-3.2913660150186863,7.473477470777422,False
27386,ENVISAT,2026-09-28T20:07:30Z,12.733463538424507,-90.49425955373512,763.5013054673205,294.8229360373939,-43.13891227865303,9787.296262017771,-3.337020280278304,7.47366484715463,False
27386,ENVISAT,2026-09-28T20:08:00Z,14.521701831068041,-90.89737320984457,763.507751225943,296.15699208869364,-42.45034093368434,9686.520216958275,-3.3811248024279514,7.47383906635371,False
27386,ENVISAT,2026-09-28T20:08:30Z,16.3093986664799,-91.30498799191803,763.5472102103314,297.48833437291114,-41.75917135818566,9584.445046754461,-3.423617969791752,7.474000222403904,False
27386,ENVISAT,2026-09-28T20:09:00Z,18.096466441565312,-91.71777160325102,763.618774107065,298.81804284403756,-41.06561679193661,9481.12005031812,-3.4644353760733946,7.474148454529723,False
27386,ENVISAT,2026-09-28T20:09:30Z,19.882815654331672,-92.13643621999995,763.72141350495,300.147200151265,-40.36988828253681,9376.596503370787,-3.5035096087942534,7.474283945870696,False
27386,ENVISAT,2026-09-28T20:10:00Z,21.668354492685623,-92.56174597900929,763.8539828896395,301.4768939660407,-39.67219561524917,9270.927751999356,-3.54077002197425,7.474406922033159,False
27386,ENVISAT,2026-09-28T20:10:30Z,23.452988340112693,-92.99452547017323,764.0152261050767,302.8082193536646,-38.97274827051255,9164.169313279133,-3.5761424922915297,7.474517649480101,False
27386,ENVISAT,2026-09-28T20:11:00Z,25.23661918193486,-93.43566943986251,764.2037822554794,304.1422811820948,-38.271756416237,9056.378983464807,-3.609549158018247,7.474616433765883,False
27386,ENVISAT,2026-09-28T20:11:30Z,27.019144892571713,-93.88615395492673,764.418192019677,305.4801965604711,-37.56943194267335,8947.616954280807,-3.6409081401236727,7.474703617623251,False
27386,ENVISAT,2026-09-28T20:12:00Z,28.800458380122425,-94.34704933036711,764.6569043479224,306.8230972989472,-36.86598954823831,8837.94593784992,-3.6701332450682345,7.474779578910624,False
27386,ENVISAT,2026-09-28T20:12:30Z,30.58044655935747,-94.81953519175964,764.918283509762,308.1721323802219,-36.161647885407504,8727.431300815744,-3.697133648996077,7.47484472842821,False
27386,ENVISAT,2026-09-28T20:13:00Z,32.35898911754309,-95.30491812951293,765.200616460379,309.52847043130816,-35.45663077652344,8616.14120821885,-3.7218135632790066,7.474899507612079,False
27386,ENVISAT,2026-09-28T20:13:30Z,34.13595702900569,-95.80465251167534,765.5021204913963,310.89330218168277,-34.75116851015432,8504.146777682488,-3.7440718816873764,7.474944386115817,False
27386,ENVISAT,2026-09-28T20:14:00Z,35.91121076331115,-96.32036516234157,765.8209511316343,312.2678428908091,-34.04549922946938,8391.522244450085,-3.763801809878164,7.474979859289809,False
27386,ENVISAT,2026-09-28T20:14:30Z,37.68459811770521,-96.85388479361987,766.1552102622541,313.65333472421975,-33.33987042495074,8278.345137787226,-3.7808904784211297,7.475006445568708,False
27386,ENVISAT,2026-09-28T20:15:00Z,39.4559515858215,-97.40727731367545,766.5029544103836,315.05104905265716,-32.634540544655216,8164.696469218174,-3.795218541252387,7.475024683777958,False
27386,ENVISAT,2026-09-28T20:15:30Z,41.2250851502181,-97.98288843937117,766.862203185014,316.4622886430643,-31.929780736061108,8050.660932992644,-3.806659762276878,7.475035130370638,False
27386,ENVISAT,2026-09-28T20:16:00Z,42.991790353860466,-98.58339544446251,767.2309478186688,317.88838970352475,-31.225876734383224,7936.32711908791,-3.8150805938742356,7.475038356606184,False
27386,ENVISAT,2026-09-28T20:16:30Z,44.75583146241844,-99.21187040696846,767.6071597786375,319.3307237362586,-30.523130912909394,7821.787738913681,-3.820339752325854,7.475034945682779,False
27386,ENVISAT,2026-09-28T20:17:00Z,46.51693947091027,-99.87185803040872,767.9887994115526,320.79069914357905,-29.821864511515976,7707.13986372318,-3.822287796725767,7.4750254898354624,False
27386,ENVISAT,2026-09-28T20:17:30Z,48.274804628998304,-100.56747206959348,768.3738245856531,322.26976252082295,-29.12242005975915,7592.485175499807,-3.820766719793301,7.475010587412092,False
27386,ENVISAT,2026-09-28T20:18:00Z,50.029067050453,-101.30351568863033,768.7601992955179,323.7693995579986,-28.42516401093254,7477.9302298122475,-3.8156095612390586,7.474990839939521,False
27386,ENVISAT,2026-09-28T20:18:30Z,51.779304821499494,-102.08563285232545,769.1459021947574,325.2911354577357,-27.73048960288834,7363.586729767275,-3.806640056979414,7.474966849192244,False
27386,ENVISAT,2026-09-28T20:19:00Z,53.5250188113788,-102.92050029891114,769.5289350230419,326.8365347612663,-27.038819960200446,7249.571809748215,-3.7936723406103856,7.474939214275958,False
27386,ENVISAT,2026-09-28T20:19:30Z,55.26561308889401,-103.8160730463548,769.9073308946231,328.407200456504,-26.350611450100217,7136.008327080207,-3.776510717177885,7.474908528738294,False
27386,ENVISAT,2026-09-28T20:20:00Z,57.00036941902768,-104.78190116104889,770.2791624167265,330.00477222284616,-25.666357301307247,7023.025159101093,-3.7549495334520113,7.47487537771899,False
27386,ENVISAT,2026-09-28T20:20:30Z,58.72841368993742,-105.82954227287017,770.6425496071955,331.6309236464942,-24.986591490086553,6910.757502322761,-3.728773173653771,7.474840335151506,False
27386,ENVISAT,2026-09-28T20:21:00Z,60.44867120343438,-106.97310393921616,770.995667582072,333.2873582179828,-24.311892891161943,6799.347169417511,-3.6977562148668683,7.474803961028019,False
27386,ENVISAT,2026-09-28T20:21:30Z,62.15980639604261,-108.22996372609542,771.3367539850229,334.97580390112614,-23.642889682141256,6688.9428786550025,-3.6616637821613107,7.4747667987393935,False
27386,ENVISAT,2026-09-28T20:22:00Z,63.86014049722174,-109.62173460938811,771.6641161320196,336.69800604050954,-22.980263978302396,6579.700529122279,-3.6202521496369497,7.474729372501435,False
27386,ENVISAT,2026-09-28T20:22:30Z,65.54753748516903,-111.17557148267336,771.9761378458658,338.4557183542362,-22.324756659414952,6471.783453573781,-3.5732696399647317,7.47469218487839,False
27386,ENVISAT,2026-09-28T20:23:00Z,67.21924384517392,-112.9259542347649,772.2712859568986,340.2506917419561,-21.677172331268146,6365.36263909151,-3.5204578812910516,7.474655714414295,False
27386,ENVISAT,2026-09-28T20:23:30Z,68.8716600841088,-114.91713680269002,772.5481164474157,342.0846606272639,-21.03838434109973,6260.616903876586,-3.4615534861079857,7.474620413382243,False
27386,ENVISAT,2026-09-28T20:24:00Z,70.50001018712216,-117.2065192031493,772.8052802191435,343.95932655175704,-20.409339737865476,6157.733016486484,-3.396290221324202,7.47458670566126,False
27386,ENVISAT,2026-09-28T20:24:30Z,72.09785703127919,-119.86926726944785,773.0415284643886,345.87633874872773,-19.791064034909862,6056.905741704375,-3.3244017414691456,7.474554984749801,False
27386,ENVISAT,2026-09-28T20:25:00Z,73.65638458872704,-123.00451948106411,773.2557176231842,347.8372714525021,-19.184665594253136,5958.337795066832,-3.2456249567789777,7.474525611924477,False
27386,ENVISAT,2026-09-28T20:25:30Z,75.16333038385488,-126.7433184524082,773.4468139103609,349.8435977494295,-18.591339408847027,5862.239685974362,-3.1597041035849562,7.47449891455183,False
27386,ENVISAT,2026-09-28T20:26:00Z,76.60141165103502,-131.25754063340224,773.613897397827,351.8966598543605,-18.01237001300001,5768.829427419536,-3.066395574588565,7.474475184560486,False
27386,ENVISAT,2026-09-28T20:26:30Z,77.94608546064977,-136.76648504835694,773.7561656392161,353.9976358073338,-17.449133203739656,5678.332088873688,-2.9654735496865134,7.474454677080182,False
27386,ENVISAT,2026-09-28T20:27:00Z,79.1626500074346,-143.5312389005992,773.8729368252647,356.14750273436476,-16.90309621028691,5590.9791680123135,-2.856736442461588,7.4744376092536005,False
27386,ENVISAT,2026-09-28T20:27:30Z,80.20337451247276,-151.81404413943235,773.9636524602504,358.346997007131,-16.375815909446846,5507.007757016318,-2.7400141418888957,7.474424159226039,False
27386,ENVISAT,2026-09-28T20:28:00Z,81.00709753244155,-161.7661297317642,774.0278795510295,0.5965718704619242,-15.868934657151073,5426.6594804568595,-2.615175982174056,7.474414465317371,False
27386,ENVISAT,2026-09-28T20:28:30Z,81.50634261178267,-173.22999960214705,774.0653123019307,2.8963533797880787,-15.384173298045477,5350.179184662428,-2.482139315901115,7.474408625379762,False
27386,ENVISAT,2026-09-28T20:29:00Z,81.64638220717163,174.43271909783348,774.0757733104242,5.246095798951197,-14.923320932849457,5277.813363140257,-2.340878497426917,7.4744066963439995,False
27386,ENVISAT,2026-09-28T20:29:30Z,81.40964228653215,162.23393115101013,774.0592142597012,7.645137930981461,-14.488221077205367,5209.808309617245,-2.1914340077373806,7.474408693956313,False
27386,ENVISAT,2026-09-28T20:30:00Z,80.82522575244577,151.12147245142575,774.0157161062403,10.092362175544112,-14.080753941771755,5146.407999462291,-2.0339213727126166,7.474414592706911,False
27386,ENVISAT,2026-09-28T20:30:30Z,79.95358413263605,141.60359869318654,773.9454887616955,12.586158391277937,-13.702814708404993,5087.851711869131,-1.86853945097636,7.474424325950432,False
27386,ENVISAT,2026-09-28T20:31:00Z,78.86188752577955,133.73633503898597,773.8488702700914,15.124394854392694,-13.356287872719866,5034.371418893056,-1.6955776036770598,7.474437786217874,False
27386,ENVISAT,2026-09-28T20:31:30Z,77.6080853961051,127.32363449959145,773.7263254828151,17.704398705737113,-13.043017965542786,4986.18898273977,-1.5154212169507437,7.474454825718632,False
27386,ENVISAT,2026-09-28T20:32:00Z,76.23632384051392,122.09635331951603,773.5784442355854,20.322948221668693,-12.76477724453823,4943.51321884943,-1.3285550395279153,7.47447525703044,False
27386,ENVISAT,2026-09-28T20:32:30Z,74.77836952418517,117.80231151761167,773.4059390328284,22.97627900319637,-12.523231242697369,4906.536897980232,-1.135563832175886,7.474498853974288,False
27386,ENVISAT,2026-09-28T20:33:00Z,73.25662703342941,114.23473146905357,773.2096422467906,25.66010571986007,-12.319903347531534,4875.433774516738,-0.9371299102833245,7.4745253526705016,False
27386,ENVISAT,2026-09-28T20:33:30Z,71.68689125731878,111.23315459203742,772.990502839996,28.36966038014856,-12.156139829958017,4850.355738841267,-0.7340272971538211,7.47455445277145,False
27386,ENVISAT,2026-09-28T20:34:00Z,70.08040325030215,108.67565738554075,772.7495826214004,31.099747248807297,-12.033076911331799,4831.4301974377595,-0.5271123894829147,7.4745858188655925,False
27386,ENVISAT,2026-09-28T20:34:30Z,68.44527616700913,106.47001230230921,772.4880520480609,33.844813551238516,-11.951611518846674,4818.757784127279,-0.31731125587435627,7.474619082046748,False
27386,ENVISAT,2026-09-28T20:35:00Z,66.78745854603983,104.54618735401688,772.2071855857365,36.59903407748622,-11.912377310732468,4812.4104986877,-0.10560392510630186,7.474653841641923,False
27386,ENVISAT,2026-09-28T20:35:30Z,65.11138210844912,102.8505787469346,771.9083566434449,39.35640682332862,-11.915727344263326,4812.43035492994,0.10699375098592885,7.474689667090216,False
27386,ENVISAT,2026-09-28T20:36:00Z,63.42040007203973,101.34174858956064,771.5930320984319,42.11085598899673,-11.961724420379884,4818.828599730751,0.31944988086140513,7.474726099964749,False
27386,ENVISAT,2026-09-28T20:36:30Z,61.71708710631684,99.98732094603713,771.2627664298149,44.85633809163637,-12.05013969561863,4831.585538925439,0.5307370471623184,7.474762656128961,False
27386,ENVISAT,2026-09-28T20:37:00Z,60.00344744041777,98.76172725467623,770.919195480444,47.586946704278525,-12.180459647681117,4850.650977375384,0.7398525742615724,7.474798828018018,False
27386,ENVISAT,2026-09-28T20:37:30Z,58.28106137156588,97.64456258355514,770.5640298681959,50.297011441805644,-12.351900967335405,4875.945251338389,0.9458375947563724,7.474834087035595,False
27386,ENVISAT,2026-09-28T20:38:00Z,56.55118992968131,96.61937875664381,770.1990480694924,52.981187259979826,-12.563432480052558,4907.360803981515,1.1477940627248402,7.474867886055766,False
27386,ENVISAT,2026-09-28T20:38:30Z,54.814850722860356,95.67279045629353,769.8260891991241,55.63453086222077,-12.813802822422245,4944.7642317047475,1.34489903091527,7.474899662019336,False
27386,ENVISAT,2026-09-28T20:39:00Z,53.07287365357129,94.79380679882765,769.4470455121342,58.25256193462495,-13.101572343895393,4987.998711598954,1.5364157237982101,7.4749288386135975,False
27386,ENVISAT,2026-09-28T20:39:30Z,51.325942379405475,93.9733265973601,769.0638546547125,60.83130794935184,-13.425147588857902,5036.886709822224,1.721701172976365,7.474954829024004,False
27386,ENVISAT,2026-09-28T20:40:00Z,49.57462554228291,93.2037535023928,768.6784916925359,63.367332286221725,-13.782816734222342,5091.232867149195,1.9002104103501645,7.474977038746234,False
27386,ENVISAT,2026-09-28T20:40:30Z,47.819400559564635,92.47869975005999,768.2929609462161,65.85774633193897,-14.172784494875192,5150.826960924492,2.071497416035692,7.474994868446522,False
27386,ENVISAT,2026-09-28T20:41:00Z,46.06067194162357,91.79275601927539,767.9092876647196,68.30020695929434,-14.593205233954782,5215.446851067598,2.2352131770347325,7.475007716858343,False
27386,ENVISAT,2026-09-28T20:41:30Z,44.29878553477969,91.1413110690929,767.5295095687346,70.69290132744777,-15.042213292709839,5284.861330213989,2.3911013212018046,7.47501498370304,False
27386,ENVISAT,2026-09-28T20:42:00Z,42.534039697663765,90.52040919909302,767.1556682970071,73.03452126928137,-15.517949851891446,5358.832812993708,2.538991848350497,7.475016072622172,False
27386,ENVISAT,2026-09-28T20:42:30Z,40.76669414569421,89.92663669805663,766.78980078952,75.32422965667355,-16.018585924480888,5437.1198153841915,2.678793491312917,7.4750103941091846,False
27386,ENVISAT,2026-09-28T20:43:00Z,38.996977004928006,89.3570306949944,766.4339306422485,77.56162109021213,-16.542341336249034,5519.479190726109,2.8104852130904625,7.474997368428041,False
27386,ENVISAT,2026-09-28T20:43:30Z,37.225090478082485,88.80900546073197,766.0900594687726,79.74667908570888,-17.087499763057586,5605.6681034359235,2.9341072924313485,7.474976428506612,False
27386,ENVISAT,2026-09-28T20:44:00Z,35.451215425472945,88.28029240541878,765.7601583046101,81.87973166816715,-17.652420055739285,5695.445733979653,3.0497523797799,7.474947022792619,False
27386,ENVISAT,2026-09-28T20:44:30Z,33.67551509044948,87.76889090228664,765.446159090481,83.96140697359473,-18.235544195474795,5788.574718990149,3.157556828010066,7.474908618060211,False
27386,ENVISAT,2026-09-28T20:45:00Z,31.89813814501702,87.27302772685414,765.1499462707931,85.99259013370704,-18.83540228909632,5884.822338355748,3.2576925251977373,7.474860702155405,False
27386,ENVISAT,2026-09-28T20:45:30Z,30.119221191190714,86.79112339613287,764.8733485438254,87.97438240281423,-19.450615042462314,5983.961466859882,3.3503593853318434,7.4748027866689135,False
27386,ENVISAT,2026-09-28T20:46:00Z,28.338890823512916,86.32176406657565,764.618130799639,89.90806319846327,-20.079894148733644,6085.771311647269,3.435778590666182,7.474734409525216,False
27386,ENVISAT,2026-09-28T20:46:30Z,26.557265335419917,85.8636779353237,764.3859862817641,91.79505547701805,-20.722041005826302,6190.03795882337,3.5141866280002754,7.474655137477041,False
27386,ENVISAT,2026-09-28T20:47:00Z,24.774456134735555,85.41571530811663,764.1785290076629,93.63689465796338,-21.375944140483178,6296.554753114697,3.5858301208366234,7.474564568494897,False
27386,ENVISAT,2026-09-28T20:47:30Z,22.990568920283962,84.97683166667674,763.9972864826941,95.43520114550569,-22.040575671832716,6405.122534110686,3.6509614294330857,7.474462334041628,False
27386,ENVISAT,2026-09-28T20:48:00Z,21.205704661296913,84.54607320000397,763.8436927409956,97.19165637079426,-22.71498709965286,6515.549751440502,3.7098349700454465,7.474348101222581,False
27386,ENVISAT,2026-09-28T20:48:30Z,19.419960413308797,84.12256436663995,763.7190817456192,98.9079821883079,-23.398304655238036,6627.652479546537,3.762704191651123,7.474221574802352,False
27386,ENVISAT,2026-09-28T20:49:00Z,17.63342999796681,83.70549713624602,763.6246811790897,100.58592339948376,-24.089724408554552,6741.254350776203,3.8098191416045757,7.474082499079728,False
27386,ENVISAT,2026-09-28T20:49:30Z,15.846204569270549,83.29412162225664,763.5616066536579,102.22723314119503,-24.78850728509026,6856.186423386967,3.851424549562805,7.4739306596129795,False
27386,ENVISAT,2026-09-28T20:50:00Z,14.058373084909787,82.88773786844065,763.5308563690861,103.83366085950188,-25.493974110809727,6972.286998976119,3.8877583603178945,7.473765884788206,False
27386,ENVISAT,2026-09-28T20:50:30Z,12.270022698273007,82.48568859213837,763.5333062436293,105.4069425869649,-26.205500773524708,7089.401401795753,3.919050649831156,7.4735880472242515,False
27386,ENVISAT,2026-09-28T20:51:00Z,10.48123908429144,82.08735271944279,763.5697055420501,106.94879324934655,-26.922513564117168,7207.381730536698,3.945522863875459,7.473397065008087,False
27386,ENVISAT,2026-09-28T20:51:30Z,8.692106710350126,81.69213957288731,763.6406730218591,108.46090074274372,-27.64448474053019,7326.086591413938,3.967387324619452,7.473192902755523,False
27386,ENVISAT,2026-09-28T20:52:00Z,6.902709061957841,81.29948359293121,763.7466936170073,109.94492154127927,-28.370928341242468,7445.3808198575325,3.984846956697438,7.472975572492588,False
27386,ENVISAT,2026-09-28T20:52:30Z,5.113128831688405,80.90883949053483,763.8881156753325,111.40247761739424,-29.10139626208137,7565.135196737429,3.9980951904758766,7.472745134353734,False
27386,ENVISAT,2026-09-28T20:53:00Z,3.3234480789251575,80.51967774102629,764.0651487636856,112.83515447931862,-29.8354746005181,7685.226163883343,4.007316006092888,7.4725016970937235,False
27386,ENVISAT,2026-09-28T20:53:30Z,1.5337483672370071,80.13148033919629,764.2778620517145,114.24450015288629,-30.572780264220004,7805.535542641875,4.012684087281034,7.4722454184107425,False
27386,ENVISAT,2026-09-28T20:54:00Z,-0.2558891143311144,79.74373674300092,764.5261832825805,115.63202495642709,-31.312957835346616,7925.9502583609365,4.014365058896111,7.471976505079123,False
27386,ENVISAT,2026-09-28T20:54:30Z,-2.0453834401779103,79.35593993854982,764.8098983359574,116.99920193769438,-32.05567667839374,8046.362072979536,4.012515786438965,7.471695212890665,False
27386,ENVISAT,2026-09-28T20:55:00Z,-3.83465384162839,78.96758256236616,765.1286513857489,118.34746786042162,-32.80062827692403,8166.66732730444,4.007284719680245,7.47140184640437,False
27386,ENVISAT,2026-09-28T20:55:30Z,-5.6236195994542415,78.57815301846014,765.4819456519527,119.67822464498755,-33.547523783044,8286.766694068656,3.998812265802833,7.471096758505195,False
27386,ENVISAT,2026-09-28T20:56:00Z,-7.412199929912081,78.18713152769321,765.8691447433248,120.99284118270593,-34.296091762772384,8406.564942477144,3.9872311802983704,7.4707803497730065,False
27386,ENVISAT,2026-09-28T20:56:30Z,-9.200313858633056,77.79398604500595,766.2894745844719,122.29265545667795,-35.04607612021507,8525.97071462492,3.972666966247998,7.470453067663775,False
27386,ENVISAT,2026-09-28T20:57:00Z,-10.987880076454724,77.3981679764494,766.7420259181329,123.57897691391074,-35.79723418365715,8644.896313924271,3.9552382746239374,7.470115405505773,False
27386,ENVISAT,2026-09-28T20:57:30Z,-12.77481677086061,76.99910762241862,767.2257573707453,124.85308904363048,-36.54933493713069,8763.25750548311,3.9350572999171836,7.469767901314146,False
27386,ENVISAT,2026-09-28T20:58:00Z,-14.561041426141811,76.59620926569144,767.7394990666967,126.11625212567189,-37.30215738163163,8880.973328226077,3.912230166776495,7.469411136428022,False
27386,ENVISAT,2026-09-28T20:58:30Z,-16.34647058464992,76.18884581260356,768.2819567738151,127.36970612052694,-38.05548901088235,8997.9659184387,3.8868573044729153,7.469045733974933,False
27386,ENVISAT,2026-09-28T20:59:00Z,-18.131019560506076,75.77635288249604,768.8517165606617,128.61467367920213,-38.8091243872954,9114.16034433345,3.859033806920126,7.468672357168018,False
27386,ENVISAT,2026-09-28T20:59:30Z,-19.914602095919957,75.35802222371967,769.4472499434157,129.8523632567555,-39.56286380456498,9229.484451180286,3.828849776721174,7.468291707442089,False
27386,ENVISAT,2026-09-28T21:00:00Z,-21.697129948657803,74.93309431333587,770.0669194982977,131.08397231817958,-40.31651202403914,9343.868716505765,3.7963906523020667,7.4679045224352665,False
27386,ENVISAT,2026-09-28T21:00:30Z,-23.478512397236393,74.50074997116128,770.7089849132842,132.31069062936453,-41.06987707274529,9457.246114847803,3.7617375176563272,7.467511573823476,False
27386,ENVISAT,2026-09-28T21:01:00Z,-25.258655647893534,74.06010078543565,771.3716094512521,133.53370362940709,-41.822769091533914,9569.551991538914,3.724967394592986,7.467113665015605,False
27386,ENVISAT,2026-09-28T21:01:30Z,-27.03746212420046,73.61017810591551,772.052866794753,134.7541958832115,-42.574999222414895,9680.723944999227,3.686153517652387,7.4667116287177615,False
27386,ENVISAT,2026-09-28T21:02:00Z,-28.814829616199436,73.1499203074701,772.7507482416207,135.97335461593795,-43.326378524576455,9790.701717019316,3.6453655920762564,7.466306324375447,False
27386,ENVISAT,2026-09-28T21:02:30Z,-30.59065026084689,72.6781579614785,773.4631702189298,137.19237333244868,-44.076716909056714,9899.42709053835,3.6026700353615926,7.465898635502969,False
27386,ENVISAT,2026-09-28T21:03:00Z,-32.36480931906134,72.19359646823914,774.1879820820697,138.41245552659473,-44.82582208227632,10006.843794428973,3.55813020305181,7.465489466909899,False
27386,ENVISAT,2026-09-28T21:03:30Z,-34.1371837063587,71.6947955973152,774.9229741647199,139.63481848591894,-45.57349848894926,10112.897414831445,3.5118065994816132,7.465079741834631,False
27386,ENVISAT,2026-09-28T21:04:00Z,-35.907640223395894,71.18014524601574,775.6658860450297,140.8606971981416,-46.31954624499362,10217.535312593849,3.4637570742497346,7.464670398995666,False
27386,ENVISAT,2026-09-28T21:04:30Z,-37.67603341887666,70.64783655081362,776.4144149925941,142.09134836569976,-47.06376005118968,10320.70654640481,3.4140370052100937,7.46426238957131,False
27386,ENVISAT,2026-09-28T21:05:00Z,-39.44220299919933,70.09582725888649,777.1662245607979,143.32805453428222,-47.805928078305975,10422.361801223318,3.3626994687857654,7.4638566741189525,False
27386,ENVISAT,2026-09-28T21:05:30Z,-41.20597067555166,69.52179997050735,777.9189532889237,144.57212834021223,-48.54583081440768,10522.453321640809,3.3097953983975947,7.463454219445212,False
27386,ENVISAT,2026-09-28T21:06:00Z,-42.96713630774588,68.92311147349493,778.670223478543,145.82491687990085,-49.283239864912424,10620.9348498284,3.2553737317889047,7.463055995438488,False
27386,ENVISAT,2026-09-28T21:06:30Z,-44.72547316226022,68.29673087594331,779.4176500088709,147.0878062020838,-50.01791669582058,10717.761567747648,3.199481548002597,7.462662971875542,False
27386,ENVISAT,2026-09-28T21:07:00Z,-46.48072204563638,67.63916355721236,780.1588491564074,148.3622259200041,-50.74961131036817,10812.890043326881,3.142164194734312,7.462276115213921,False
27386,ENVISAT,2026-09-28T21:07:30Z,-48.232583997994176,66.9463570350136,780.8914473845051,149.64965393622128,-51.47806084911911,10906.278180322915,3.0834654067601903,7.461896385381995,False
27386,ENVISAT,2026-09-28T21:08:00Z,-49.98071112667137,66.21358359812743,781.6130900694062,150.95162126648918,-52.202988103346065,10997.885171612468,3.02342741609396,7.4615247325785115,False
27386,ENVISAT,2026-09-28T21:08:30Z,-51.72469501504191,65.43529284894731,782.321450129945,152.26971694154437,-52.92409993134451,11087.671455672235,2.9620910545016015,7.461162094093454,False
27386,ENVISAT,2026-09-28T21:09:00Z,-53.4640519387091,64.6049249519055,783.0142365292481,153.60559295557516,-53.64108556726869,11175.598676029702,2.8994958489546225,7.460809391161922,False
27386,ENVISAT,2026-09-28T21:09:30Z,-55.19820383430184,63.714672121390585,783.6892026175431,154.96096921792204,-54.35361481205579,11261.629643478263,2.8356801105775715,7.460467525862788,False
27386,ENVISAT,2026-09-28T21:10:00Z,-56.926453555310076,62.75517131385197,784.344154286558,156.33763844891413,-55.06133609624969,11345.728300872353,2.770681017597828,7.4601373780734495,False
27386,ENVISAT,2026-09-28T21:10:30Z,-58.64795235417431,61.71510463830965,784.9769579069917,157.73747094177241,-55.76387440493997,11427.859690326719,2.7045346927818,7.459819802492062,False
27386,ENVISAT,2026-09-28T21:11:00Z,-60.36165665661327,60.580674831753235,785.5855480219603,159.16241908890447,-56.46082905588121,11507.989922663688,2.637276275797242,7.459515625738273,False
27386,ENVISAT,2026-09-28T21:11:30Z,-62.06626989658202,59.33491004880116,786.1679347704671,160.61452154245558,-57.15177132310008,11586.08614896029,2.5689399909180946,7.45922564354316,False
27386,ENVISAT,2026-09-28T21:12:00Z,-63.76016322760959,57.95673346949683,786.7222110164021,162.09590684430876,-57.83624190022855,11662.116534062628,2.4995592104495072,7.458950618038878,False
27386,ENVISAT,2026-09-28T21:12:30Z,-65.44126595216167,56.41970649314756,787.2465591600248,163.6087963193739,-58.51374820050062,11736.050231943576,2.429166514225694,7.458691275157989,False
27386,ENVISAT,2026-09-28T21:13:00Z,-67.10691193209556,54.690316666972784,787.7392576100854,165.15550597680695,-59.18376149411421,11807.857362790823,2.3577937455033195,7.45844830215222,False
27386,ENVISAT,2026-09-28T21:13:30Z,-68.75362113907778,52.725630287023684,788.1986868964166,166.73844710609436,-59.84571388872832,11877.508991721708,2.2854720635473917,7.4582223452398155,False
27386,ENVISAT,2026-09-28T21:14:00Z,-70.3767844543505,50.47006504838101,788.6233354040627,168.3601251879812,-60.49899516556748,11944.977109029225,2.212231993180487,7.458014007390246,False
27386,ENVISAT,2026-09-28T21:14:30Z,-71.9702027803788,47.8509718881976,789.0118047116229,170.02313666396194,-61.142949492325876,12010.234611872265,2.1381034715430958,7.457823846254552,False
27386,ENVISAT,2026-09-28T21:15:00Z,-73.52540598894078,44.77269416062196,789.3628145177938,171.73016302270875,-61.77687204519558,12073.255287329104,2.0631158922922275,7.4576523722489565,False
27386,ENVISAT,2026-09-28T21:15:30Z,-75.0306418441063,41.10894137849855,789.6752071416314,173.48396156882683,-62.40000558637606,12134.013796740675,1.9872981474428255,7.457500046798978,False
27386,ENVISAT,2026-09-28T21:16:00Z,-76.46938587939418,36.69407030781062,789.9479515834145,175.28735214149094,-63.011537060793195,12192.485661275437,1.910678667038165,7.4573672807504785,False
27386,ENVISAT,2026-09-28T21:16:30Z,-77.81821404241212,31.31618069381678,790.1801471345046,177.14319895259848,-63.61059429692298,12248.647248653177,1.8332854568175763,7.457254432953673,False
27386,ENVISAT,2026-09-28T21:17:00Z,-79.0440168299082,24.720799567232252,790.3710265258908,179.05438662357406,-64.196242921928,12302.475760969697,1.7551461340347023,7.457161809025305,False
27386,ENVISAT,2026-09-28T21:17:30Z,-80.10112237758821,16.64579697982478,790.5199586065821,181.0237894278264,-64.7674836309601,12353.949223570102,1.6762879615586221,7.457089660293648,False
27386,ENVISAT,2026-09-28T21:18:00Z,-80.93046768875698,6.922269851487761,790.6264505444296,183.0542327071208,-65.32324998421213,12403.046474914145,1.5967378803939936,7.457038182930253,False
27386,ENVISAT,2026-09-28T21:18:30Z,-81.46548437427333,-4.33896795846333,790.6901495432069,185.14844544653062,-65.86240694298468,12449.747157406266,1.5165225406953182,7.457007517271677,False
27386,ENVISAT,2026-09-28T21:19:00Z,-81.6494620067642,-16.564845784114496,790.7108440713312,187.30900308587775,-66.38375039517662,12494.031709118372,1.4356683314237018,7.4569977473337365,False
27386,ENVISAT,2026-09-28T21:19:30Z,-81.45970146245989,-28.782471636412726,790.6884645987129,189.53825985295666,-66.8860079609401,12535.881356390719,1.35420140868788,7.457008900520119,False
27386,ENVISAT,2026-09-28T21:20:00Z,-80.91958615492251,-40.02274762612491,790.6230838398963,191.83827025223263,-67.36784140515205,12575.278107260281,1.2721477228671565,7.457040947526386,False
27386,ENVISAT,2026-09-28T21:20:30Z,-80.08616802577662,-49.720325522827714,790.5149165026753,194.21069987222398,-67.82785101164919,12612.204745684066,1.1895330445800778,7.457093802439794,False
27386,ENVISAT,2026-09-28T21:21:00Z,-79.02599958627927,-57.770441920661945,790.3643185429861,196.65672641203878,-68.26458228764884,12646.644826525013,1.1063829895522834,7.4571673230345175,False
27386,ENVISAT,2026-09-28T21:21:30Z,-77.79795435781578,-64.3446966453941,790.1717859279876,199.17693278820104,-68.6765353576923,12678.582671259173,1.0227230424592066,7.457261311261168,False
27386,ENVISAT,2026-09-28T21:22:00Z,-76.44749131289457,-69.7056546708965,789.9379529108309,201.77119536154513,-69.06217736652343,12708.003364393517,0.9385785797416659,7.45737551392886,False
27386,ENVISAT,2026-09-28T21:22:30Z,-75.00754493061464,-74.10727136758942,789.6635898217635,204.43857166651983,-69.41995812918957,12734.892750542167,0.8539748914883871,7.457509623577168,False
27386,ENVISAT,2026-09-28T21:23:00Z,-73.50141136951615,-77.76070552864047,789.3496003817429,207.17719344575733,-69.74832913858506,12759.237432147964,0.7689372023853955,7.457663279534815,False
27386,ENVISAT,2026-09-28T21:23:30Z,-71.94552590106552,-80.83092003472278,788.9970185460164,209.98417212708705,-70.04576585972002,12781.024767816412,0.6834906917751484,7.457836069161119,False
27386,ENVISAT,2026-09-28T21:24:00Z,-70.35157941964032,-83.4436600363019,788.6070048864997,212.85552492211835,-70.31079300896066,12800.242871237682,0.5976605128529704,7.4580275292655145,False
27386,ENVISAT,2026-09-28T21:24:30Z,-68.72799978372224,-85.69416788029893,788.180842523327,215.78613021964142,-70.54201224491415,12816.880610669623,0.5114718110227386,7.458237147699981,False
27386,ENVISAT,2026-09-28T21:25:00Z,-67.08095667655812,-87.65478430963329,787.7199326171406,218.76972063528865,-70.73813140590877,12830.927608958862,0.4249497414379851,7.458464365118323,False
27386,ENVISAT,2026-09-28T21:25:30Z,-65.41503847236999,-89.38086332796803,787.2257894352913,221.7989207503946,-70.8979941473899,12842.374244073913,0.33811948574549794,7.458708576895814,False
27386,ENVISAT,2026-09-28T21:26:00Z,-63.73371035184742,-90.91516910179627,786.7000350064812,224.8653341319863,-71.02060859970618,12851.211650128962,0.25100626805609244,7.458969135202042,False
27386,ENVISAT,2026-09-28T21:26:30Z,-62.03962766634104,-92.29108730763063,786.1443933797841,227.95968075218505,-71.10517352390607,12857.431718873919,0.1636353701593356,7.45924535121928,False
27386,ENVISAT,2026-09-28T21:27:00Z,-60.334853162706516,-93.53496089243326,785.5606845055187,231.07198171181233,-71.15110042732522,12861.027101629052,0.07603214600288903,7.4595364974980285,False
27386,ENVISAT,2026-09-28T21:27:30Z,-58.62100974658907,-94.66779379043702,784.9508177568298,234.1917837144403,-71.15803023537086,12861.991211643275,-0.011777964540417796,7.45984181044112,False
27386,ENVISAT,2026-09-28T21:28:00Z,-56.89938948824931,-95.70650174641784,784.3167851122445,237.3084116626625,-71.12584340364457,12860.318226853737,-0.09976942259889059,7.460160492907007,False
27386,ENVISAT,2026-09-28T21:28:30Z,-55.17103251976062,-96.66483840929723,783.6606540209463,240.41123470193602,-71.05466277331915,12856.003093028216,-0.18791657789445462,7.460491716922681,False
27386,ENVISAT,2026-09-28T21:29:00Z,-53.436784924936774,-97.55408743404007,782.9845599740056,243.48992953545726,-70.94484897671768,12849.041527268959,-0.2761936569780388,7.460834626496073,False
27386,ENVISAT,2026-09-28T21:29:30Z,-51.69734176902638,-98.38358474041115,782.2906988059517,246.53472514066098,-70.7969887278864,12839.430021861488,-0.3645747520753572,7.461188340517555,False
27386,ENVISAT,2026-09-28T21:30:00Z,-49.95327947516875,-99.16111643588725,781.5813187527147,249.5366150793482,-70.61187681812947,12827.165848448112,-0.45303381051487107,7.461551955739758,False
27386,ENVISAT,2026-09-28T21:30:30Z,-48.205080465190505,-99.89322488658391,780.8587122930703,252.48752704982698,-70.39049302133098,12812.247062511895,-0.5415446246985122,7.461924549824654,False
27386,ENVISAT,2026-09-28T21:31:00Z,-46.45315211435966,-100.58544630257448,780.1252078020215,255.38044360585937,-70.13397535900346,12794.672508154013,-0.6300808225771285,7.462305184446676,False
27386,ENVISAT,2026-09-28T21:31:30Z,-44.69784147801158,-101.24249678886989,779.3831610458737,258.20947240931133,-69.84359126583782,12774.441823150035,-0.7186158585865214,7.46269290844029,False
27386,ENVISAT,2026-09-28T21:32:00Z,-42.939446839523264,-101.86841926850519,778.6349465496119,260.969868395799,-69.52070814241391,12751.555444273616,-0.8071230049922449,7.463086760980524,False
27386,ENVISAT,2026-09-28T21:32:30Z,-41.178226843661875,-102.46670043882207,777.8829488686093,263.6580133832396,-69.16676461074744,12726.014612874409,-0.8955753435916533,7.46348577478454,False
27386,ENVISAT,2026-09-28T21:33:00Z,-39.414407777635674,-103.04036458563951,777.1295537971466,266.27136072193105,-68.78324353956677,12697.821380702198,-0.9839457577094574,7.463888979322563,False
27386,ENVISAT,2026-09-28T21:33:30Z,-37.648189417901314,-103.59204938321608,776.377139547491,268.8083535561201,-68.37164762041029,12666.978615968454,-1.072206924421525,7.464295404026231,False
27386,ENVISAT,2026-09-28T21:34:00Z,-35.87974975659417,-104.12406756539546,775.6280679337266,271.26832528270523,-67.93347798927664,12633.4900096395,-1.1603313069331609,7.4647040814825925,False
27386,ENVISAT,2026-09-28T21:34:30Z,-34.109248845405034,-104.63845743574606,774.8846755951688,273.6513900863924,-67.47021612894673,12597.360081959396,-1.2482911470296822,7.46511405060191,False
27386,ENVISAT,2026-09-28T21:35:00Z,-32.33683193869078,-105.1370245011342,774.1492652945672,275.958330264175,-66.98330907117,12558.594189199592,-1.3360584575121834,7.465524359747728,False
27386,ENVISAT,2026-09-28T21:35:30Z,-30.562632075951726,-105.62137600061376,773.4240973266342,278.19048566811455,-66.47415775321153,12517.19853063978,-1.4236050145197432,7.465934069817561,False
27386,ENVISAT,2026-09-28T21:36:00Z,-28.7867722125639,-106.0929497135647,772.7113810725571,280.34964918726604,-65.94410826931508,12473.18015578161,-1.5109023496344023,7.4663422572629745,False
27386,ENVISAT,2026-09-28T21:36:30Z,-27.009366984046764,-106.5530381359609,772.0132667358624,282.43797089273176,-65.39444568940789,12426.546971807671,-1.5979217416513176,7.466748017037923,False
27386,ENVISAT,2026-09-28T21:37:00Z,-25.230524171176647,-107.00280888677374,771.3318372950584,284.45787236175386,-64.82639008639616,12377.307751293674,-1.684634207890417,7.467150465464562,False
27386,ENVISAT,2026-09-28T21:37:30Z,-23.45034591943834,-107.44332203190064,770.6691007077455,286.41197181097255,-64.24109441109923,12325.472140192442,-1.7710104949122902,7.4675487430060326,False
27386,ENVISAT,2026-09-28T21:38:00Z,-21.66892975567808,-107.87554487690493,770.0269824004055,288.30302000373007,-63.6396438713813,12271.050666107965,-1.857021068490947,7.467942016936033,False
27386,ENVISAT,2026-09-28T21:38:30Z,-19.88636943654581,-108.30036467375002,769.4073180771657,290.13384643097135,-63.0230565022314,12214.054746884893,-1.9426361026826489,7.468329483895512,False
27386,ENVISAT,2026-09-28T21:39:00Z,-18.102755656862637,-108.71859960324907,768.811846879857,291.907314967647,-62.39228465041243,12154.496699543572,-2.0278254678160996,7.46871037232707,False
27386,ENVISAT,2026-09-28T21:39:30Z,-16.318176640952874,-109.13100832903118,768.242204930244,293.6262880417349,-61.74821713648819,12092.389749593842,-2.112558717216592,7.469083944778267,False
27386,ENVISAT,2026-09-28T21:40:00Z,-14.532718636033472,-109.53829836669082,767.6999192843052,295.2935982878217,-61.091681895597304,12027.748040771528,-2.1968050724571433,7.469449500065457,False
27386,ENVISAT,2026-09-28T21:40:30Z,-12.746466323540478,-109.94113347010695,767.1864023261229,296.912026662317,-60.4234489341634,11960.586645241556,-2.280533406916312,7.469806375290301,False
27386,ENVISAT,2026-09-28T21:41:00Z,-10.959503161808763,-110.34014020392317,766.7029466279043,298.48428604926977,-59.7442334719658,11890.921574324635,-2.363712227399981,7.470153947701691,False
27386,ENVISAT,2026-09-28T21:41:30Z,-9.171911671522404,-110.73591384462324,766.2507203000342,300.013009465502,-59.05469916696331,11818.769789807759,-2.446309653565115,7.470491636396413,False
27386,ENVISAT,2026-09-28T21:42:00Z,-7.383773673767211,-111.1290237316787,765.8307628532324,301.50074206802634,-58.35546134409608,11744.14921591029,-2.5282933948603037,7.4708189038524,False
27386,ENVISAT,2026-09-28T21:42:30Z,-5.595170489296832,-111.52001817330532,765.4439815924158,302.949936265214,-57.64709016905689,11667.078751981326,-2.6096307246725643,7.47113525728923,False
27386,ENVISAT,2026-09-28T21:43:00Z,-3.806183106633496,-111.90942899845193,765.0911485595773,304.36294933023487,-56.93011372429736,11587.578286021271,-2.690288451341206,7.471440249850983,False
27386,ENVISAT,2026-09-28T21:43:30Z,-2.0168923258879845,-112.29777583614063,764.7728980401721,305.7420430058294,-56.205020957493566,11505.668709123303,-2.770232885669325,7.47173348160739,False
27386,ENVISAT,2026-09-28T21:44:00Z,-0.22737888460348843,-112.68557019579052,764.4897246450353,307.0893846723014,-55.47226448307185,11421.371930948333,-2.8494298045287345,7.47201460036988,False
27386,ENVISAT,2026-09-28T21:44:30Z,1.5622764284437611,-113.0733194163737,764.2419819768812,308.4070497237656,-54.73226322538581,11334.710896354023,-2.9278444101148753,7.4722833023197355,False
27386,ENVISAT,2026-09-28T21:45:00Z,3.351992665846711,-113.46153054892523,764.0298818878128,309.6970248620027,-53.98540489836062,11245.709603319321,-3.0054412843663347,7.472539332446435,False
27386,ENVISAT,2026-09-28T21:45:30Z,5.141688615044557,-113.85071423483218,763.8534943310424,310.96121207206215,-53.23204832099098,11154.393122313448,-3.082184338015183,7.472782484794894,False
27386,ENVISAT,2026-09-28T21:46:00Z,6.931282687142042,-114.2413886424153,763.7127478074764,312.2014330907297,-52.47252557155206,11060.787617281665,-3.1580367536798475,7.473012602521036,False
27386,ENVISAT,2026-09-28T21:46:30Z,8.720692795427166,-114.63408352580969,763.607430404567,313.4194342182535,-51.7071439858009,10964.920368434818,-3.2329609223523263,7.4732295777560145,False
27386,ENVISAT,2026-09-28T21:47:00Z,10.509836217718233,-115.02934447360471,763.5371914220453,314.61689135667217,-50.9361880061485,10866.819797050808,-3.3069183725645734,7.473433351279869,False
27386,ENVISAT,2026-09-28T21:47:30Z,12.298629436212877,-115.42773741994749,763.5015435763502,315.7954151852464,-50.15992088992219,10766.515492521463,-3.3798696914396724,7.473623912006524,False
27386,ENVISAT,2026-09-28T21:48:00Z,14.086987948053558,-115.82985349823748,763.4998657724964,316.9565564059779,-49.37858628547412,10664.038241897199,-3.451774436750776,7.473801296282341,False
27386,ENVISAT,2026-09-28T21:48:30Z,15.874826039008509,-116.23631432754729,763.5314064296457,318.1018110106731,-48.5924096853149,10559.420062218407,-3.522591039010791,7.473965587001596,False
27386,ENVISAT,2026-09-28T21:49:00Z,17.662056511780026,-116.64777783451613,763.5952873438188,319.23262553591843,-47.80159976550848,10452.694235943714,-3.592276692507763,7.474116912542558,False
27386,ENVISAT,2026-09-28T21:49:30Z,19.4485903592055,-117.06494472996351,763.6905080687063,320.3504022847921,-47.00634962060138,10343.895349828863,-3.6607872340769685,7.474255445528961,False
27386,ENVISAT,2026-09-28T21:50:00Z,21.234336371096283,-117.48856577973376,763.815950793105,321.4565045039178,-46.206837903166715,10233.05933763966,-3.728077008259963,7.474381401422013,False
27386,ENVISAT,2026-09-28T21:50:30Z,23.01920066151812,-117.9194500353086,763.9703856913078,322.5522615128616,-45.40322987692445,10120.223527134545,-3.794098717344348,7.474495036948962,False
27386,ENVISAT,2026-09-28T21:51:00Z,24.803086100882705,-118.3584742216476,764.1524767205835,323.6389737892537,-44.59567839212484,10005.426691789575,-3.8588032545971225,7.474596648374817,False
27386,ENVISAT,2026-09-28T21:51:30Z,26.585891634148073,-118.80659352051633,764.3607878380666,324.7179180188011,-43.78432479176855,9888.709107802593,-3.9221395188050403,7.474686569624506,False
27386,ENVISAT,2026-09-28T21:52:00Z,28.367511462524433,-119.2648540381136,764.593789607452,325.7903521236626,-42.9692997570366,9770.112616965433,-3.9840542080039882,7.474765170263289,False
27386,ENVISAT,2026-09-28T21:52:30Z,30.147834061171697,-119.73440731014055,764.8498661646961,326.85752028669833,-42.150724100257285,9649.680696065696,-4.044491590023672,7.474832853343874,False
27386,ENVISAT,2026-09-28T21:53:00Z,31.926740999086654,-120.21652727847236,765.1273225099809,327.92065799226265,-41.32870951371441,9527.458533550714,-4.103393247179961,7.474890053129239,False
27386,ENVISAT,2026-09-28T21:53:30Z,33.7041055193537,-120.71263027700884,765.424392092716,328.9809971072299,-40.503359282728596,9403.493114274668,-4.160697792119056,7.474937232700607,False
27386,ENVISAT,2026-09-28T21:54:00Z,35.47979082757653,-121.2242986963572,765.7392446548406,330.03977102851985,-39.67476897168722,9277.833313244952,-4.216340551445585,7.474974881460609,False
27386,ENVISAT,2026-09-28T21:54:30Z,37.25364802296888,-121.75330916692339,766.069994297273,331.0982199257998,-38.843027092056424,9150.529999386868,-4.270253213347933,7.475003512541977,False
27386,ENVISAT,2026-09-28T21:55:00Z,39.025513589091496,-122.30166632013483,766.4147077335816,332.15759611042,-38.008215762032506,9021.636150473334,-4.322363434964361,7.475023660132662,False
27386,ENVISAT,2026-09-28T21:55:30Z,40.79520633839245,-122.871643474097,766.7714126947367,333.2191695637882,-37.17041136822178,8891.206980494268,-4.372594404704447,7.475035876728462,False
27386,ENVISAT,2026-09-28T21:56:00Z,42.562523674423424,-123.46583196635397,767.1381064485586,334.2842336606874,-36.32968524081993,8759.300080898853,-4.420864354152271,7.475040730324701,False
27386,ENVISAT,2026-09-28T21:56:30Z,44.3272369953123,-124.0872013536122,767.5127643974783,335.3541111251543,-35.48610435506902,8625.975577311186,-4.467086013519721,7.475038801558719,False
27386,ENVISAT,2026-09-28T21:57:00Z,46.08908600787434,-124.73917336051758,767.8933487184297,336.43016025862767,-34.63973207345714,8491.296303510955,-4.51116600388842,7.475030680815075,False
27386,ENVISAT,2026-09-28T21:57:30Z,47.84777164825305,-125.42571334879688,768.2778170090479,337.51378148223233,-33.79062894525961,8355.327994689842,-4.553004158679769,7.475016965305702,False
27386,ENVISAT,2026-09-28T21:58:00Z,49.602947204373876,-126.15144428117716,768.6641309048567,338.6064242368324,-32.93885358259356,8218.13950222855,-4.592492765911967,7.474998256137201,False
27386,ENVISAT,2026-09-28T21:58:30Z,51.35420709631373,-126.921789796971,769.0502646327111,339.7095942862006,-32.08446363539482,8079.8030325112295,-4.6295157218570715,7.4749751553776616,False
27386,ENVISAT,2026-09-28T21:59:00Z,53.10107257619155,-127.74315527697927,769.4342134666645,340.82486146979824,-31.227516891627015,7940.3944125872495,-4.663947585697532,7.474948263135385,False
27386,ENVISAT,2026-09-28T21:59:30Z,54.842973334221526,-128.6231589145864,769.8140020532707,341.9538679522072,-30.3680725338313,7799.9933858211925,-4.695652523722166,7.4749181746617595,False
27386,ENVISAT,2026-09-28T22:00:00Z,56.57922360444999,-129.5709292057413,770.1876925742466,343.0983370158517,-29.50619258891356,7658.6839410293,-4.724483130522615,7.4748854774906315,False
27386,ENVISAT,2026-09-28T22:00:30Z,58.30899079455862,-130.59749147542243,770.5533927158086,344.26008244169793,-28.641943615095652,7516.554678993951,-4.750279113585772,7.474850748626229,False
27386,ENVISAT,2026-09-28T22:01:00Z,60.03125382999907,-131.71627488048298,770.9092634148936,345.4410185189897,-27.77539867844547,7373.699220671949,-4.772865826711355,7.4748145517915585,False
27386,ENVISAT,2026-09-28T22:01:30Z,61.74474716421132,-132.9437839409982,771.2535263539706,346.6431707182668,-26.906639681581265,7230.216661859159,-4.792052636869976,7.4747774347490035,False
27386,ENVISAT,2026-09-28T22:02:00Z,63.447884544304834,-134.30049673451376,771.5844711773967,347.868687051916,-26.03576011940162,7086.212079547444,-4.807631108642351,7.47473992670448,False
27386,ENVISAT,2026-09-28T22:02:30Z,65.13865378598865,-135.81207775283164,771.9004624037151,349.11985013095676,-25.16286835127119,6941.797095683338,-4.819372990371167,7.474702535806199,False
27386,ENVISAT,2026-09-28T22:03:00Z,66.814469445933,-137.51103001164154,772.1999460096525,350.39908990493484,-24.28809149647117,6797.090504509074,-4.827027986931856,7.474665746748768,False
27386,ENVISAT,2026-09-28T22:03:30Z,68.47196350022864,-139.43896131569048,772.4814556632898,351.7089970407594,-23.41158008017484,6652.218970090321,-4.8303213058915695,7.47463001849278,False
27386,ENVISAT,2026-09-28T22:04:00Z,70.10668357004444,-141.64970435066297,772.7436185850328,353.0523368538954,-22.533513581204126,6507.317800986904,-4.8289509673046345,7.474595782109711,False
27386,ENVISAT,2026-09-28T22:04:30Z,71.71265185679114,-144.21360063153574,772.9851610168758,354.4320636475501,-21.65410706060488,6362.531809237094,-4.822584873101853,7.474563438761318,False
27386,ENVISAT,2026-09-28T22:05:00Z,73.28171318002978,-147.22329488614548,773.2049132818518,355.8513352383506,-20.773619081795136,6218.016260820948,-4.810857640850807,7.4745333578221915,False
27386,ENVISAT,2026-09-28T22:05:30Z,74.80256547183663,-150.80126318731362,773.4018144170892,357.31352734480055,-19.89236116862675,6073.937924444186,-4.793367219699521,7.474505875153552,False
27386,ENVISAT,2026-09-28T22:06:00Z,76.25932493482338,-155.1086625414326,773.5749163655894,358.8222473812588,-19.01070908652432,5930.476224685037,-4.769671325027288,7.474481291535695,False
27386,ENVISAT,2026-09-28T22:06:30Z,77.62945881924561,-160.35305557723393,773.7233877132575,0.38134702737089876,-18.129116272616454,5787.824504077349,-4.7392837545202084,7.474459871265779,False
27386,ENVISAT,2026-09-28T22:07:00Z,78.88102303530447,-166.78723750566851,773.8465169594386,1.994932721979589,-17.248129781023515,5646.191396312351,-4.701670684313025,7.474441840927066,False
27386,ENVISAT,2026-09-28T22:07:30Z,79.9696502000264,-174.6801069645106,773.9437153106635,3.6673729520278098,-16.368409145049867,5505.802309094257,-4.656247092201683,7.474427388334835,False
27386,ENVISAT,2026-09-28T22:08:00Z,80.83718029813613,175.77471517054252,774.0145189889028,5.403300861256839,-15.4907485821829,5366.901009835071,-4.602373518745456,7.474416661663574,False
27386,ENVISAT,2026-09-28T22:08:30Z,81.41639010339183,164.63917695095202,774.0585910472079,7.20761028091384,-14.616102971388202,5229.751299941287,-4.539353459724564,7.474409768759188,False
27386,ENVISAT,2026-09-28T22:09:00Z,81.64713397242706,152.42973104458642,774.0757226871795,9.085442784260469,-13.745617998585168,5094.638752986069,-4.466431787813458,7.474406776639128,False
27386,ENVISAT,2026-09-28T22:09:30Z,81.50100103260012,140.09907853427487,774.065834074165,11.042162785006822,-12.880664778364602,4961.872478421506,-4.382794729967129,7.474407711182731,False
27386,ENVISAT,2026-09-28T22:10:00Z,80.99631231930026,128.6560156866377,774.028974647796,13.083317059701558,-12.022879086767592,4831.786854345691,-4.287572079798148,7.474412557012962,False
27386,ENVISAT,2026-09-28T22:10:30Z,80.18820593379115,118.73089298609587,773.9653229267955,15.21457440792783,-11.174205048596669,4704.743149943903,-4.179842497676699,7.474421257570146,False
27386,ENVISAT,2026-09-28T22:11:00Z,79.14417531195535,110.47444790704657,773.8751858087483,17.441640543516378,-10.336942669261843,4581.130929888011,-4.058642935163566,7.474433715377365,False
27386,ENVISAT,2026-09-28T22:11:30Z,77.92519216462843,103.73225704829116,773.7589973669772,19.770142849851503,-9.51379793837443,4461.3690991738895,-3.9229833945406196,7.474449792496345,False
27386,ENVISAT,2026-09-28T22:12:00Z,76.57876066468849,98.24144688177033,773.6173171481305,22.205479503791167,-8.707933316671312,4345.9064085219225,-3.7718683646161977,7.474469311171884,False
27386,ENVISAT,2026-09-28T22:12:30Z,75.1393929006172,93.74142259472585,773.4508279758007,24.752627926404013,-7.923015218640623,4235.221199267054,-3.6043263078826913,7.474492054661997,False
27386,ENVISAT,2026-09-28T22:13:00Z,73.6314923483299,90.01366426217082,773.260333266912,27.415908861798048,-7.1632536335776535,4129.820127025062,-3.419448439020132,7.474517768250299,False
27386,ENVISAT,2026-09-28T22:13:30Z,72.07224442503968,86.88702496985492,773.0467538692475,30.19870499224691,-6.433427364825797,4030.235571324227,-3.21643763854719,7.474546160436109,False
27386,ENVISAT,2026-09-28T22:14:00Z,70.47384474135004,84.23105056118047,772.8111244299918,33.10313722528541,-5.738886701436132,3937.021423429988,-2.994667588363961,7.4745769042972965,False
27386,ENVISAT,2026-09-28T22:14:30Z,68.84506334946826,81.94705029809225,772.5545893067715,36.129707885662675,-5.085524002998827,3850.746958842208,-2.7537510128508123,7.474609639019875,False
27386,ENVISAT,2026-09-28T22:15:00Z,67.1923054586358,79.9601913972768,772.2783980342572,39.27692797734844,-4.479702175861756,3771.9885584704134,-2.4936142295453645,7.474643971587867,False
27386,ENVISAT,2026-09-28T22:15:30Z,65.52032463222496,78.21332011995024,771.9839003608763,42.54095491820741,-3.9281319777268364,3701.3191567631106,-2.2145731354273965,7.474679478626086,False
27386,ENVISAT,2026-09-28T22:16:00Z,63.83270433108231,76.66236509886689,771.6725408718717,45.91527646320208,-3.4376921551443815,3639.2954748530633,-1.9174035223073314,7.47471570838799,False
27386,ENVISAT,2026-09-28T22:16:30Z,62.13218644631674,75.27298271286345,771.3458532163628,49.39048390273147,-3.015192040907053,3586.443340552573,-1.6033966713699899,7.474752182880049,False
27386,ENVISAT,2026-09-28T22:17:00Z,60.420898446998265,74.01812069225711,771.0054539577873,52.954180415455625,-2.6670843588746975,3543.241687219635,-1.2743901395237218,7.474788400113513,False
27386,ENVISAT,2026-09-28T22:17:30Z,58.70051272156324,72.8762441176558,770.6530360684955,56.59106597254026,-2.399145744887851,3510.106122769281,-0.9327641875445939,7.474823836473983,False
27386,ENVISAT,2026-09-28T22:18:00Z,56.97236000817255,71.83003540146541,770.2903620908737,60.28322661666835,-2.2161521081836772,3487.3732129900027,-0.5813969083556575,7.4748579491986025,False
27386,ENVISAT,2026-09-28T22:18:30Z,55.23751131205415,70.86543354086422,769.9192569887506,64.01063343278705,-2.1215829347192785,3475.2867654982483,-0.22357584381620757,7.47489017895037,False
27386,ENVISAT,2026-09-28T22:19:00Z,53.49683788682643,69.97091739602874,769.5416007145636,67.75182798728474,-2.117390429873477,3473.98737575222,0.13712987060944618,7.474919952478514,False
27386,ENVISAT,2026-09-28T22:19:30Z,51.75105573245845,69.13696577047558,769.1593205187567,71.4847419553224,-2.203864378844612,3483.506276228621,0.4970262687843682,7.4749466853536894,False
27386,ENVISAT,2026-09-28T22:20:00Z,50.00075901587061,68.35564669066571,768.7743830296839,75.18757591455254,-2.3796119100500728,3503.7641295874273,0.8524644563896329,7.474969784766325,False
27386,ENVISAT,2026-09-28T22:20:30Z,48.246445463148945,67.62030196720958,768.3887861332514,78.83965181300739,-2.641655191018473,3534.5748885070143,1.2000054225565882,7.474988652376246,False
27386,ENVISAT,2026-09-28T22:21:00Z,46.48853586092754,66.92530268330046,768.0045506829097,82.42215830981486,-2.985633190698262,3575.6543040172305,1.5365625160279464,7.47500268720154,False
27386,ENVISAT,2026-09-28T22:21:30Z,44.72738918453492,66.26585797292672,767.6237120717799,85.91872673380946,-3.4060799924468723,3626.6322022355,1.8595084857545527,7.475011288534406,False
27386,ENVISAT,2026-09-28T22:22:00Z,42.96331444339649,65.63786420136768,767.2483116995925,89.31580282167934,-3.8967446110927426,3687.0673453781787,2.1667401215835924,7.475013858871692,False
27386,ENVISAT,2026-09-28T22:22:30Z,41.19658003630143,65.0377850465446,766.8803883681622,92.60280890792792,-4.450916758076689,3756.4635830648676,2.4567000692511884,7.475009806847769,False
27386,ENVISAT,2026-09-28T22:23:00Z,39.427421198958314,64.46255541348229,766.5219696399591,95.7721165973842,-5.061728434963461,3834.286073599908,2.7283608877414594,7.474998550157386,False
27386,ENVISAT,2026-09-28T22:23:30Z,37.65604597625483,63.909503878740885,766.1750631948445,98.81886716093419,-5.722410276466361,3919.976565697695,2.9811799715564753,7.474979518456205,False
27386,ENVISAT,2026-09-28T22:24:00Z,35.882640043440304,63.37628965186266,765.8416482208852,101.74068478527698,-6.426491586349717,4012.9670159557086,3.2150353608631046,7.474952156226883,False
27386,ENVISAT,2026-09-28T22:24:30Z,34.10737062158099,62.8608509926521,765.5236668751205,104.53732754986133,-7.1679419114234,4112.691115634519,3.4301520433189463,7.474915925598653,False
27386,ENVISAT,2026-09-28T22:25:00Z,32.33038967463915,62.36136273036846,765.2230158508855,107.21031508191882,-7.941258581718497,4218.59356629884,3.6270267355961456,7.474870309108599,False
27386,ENVISAT,2026-09-28T22:25:30Z,30.55183653242255,61.87620106153603,764.9415380878054,109.76256300170651,-8.741508594752448,4330.137151815102,3.8063569772029515,7.474814812393098,False
27386,ENVISAT,2026-09-28T22:26:00Z,28.771840051425347,61.40391420330066,764.681014660942,112.1980448137655,-9.56433484652345,4446.807796127432,3.968978198181695,7.474748966798191,False
27386,ENVISAT,2026-09-28T22:26:30Z,26.99052040117682,60.94319778428532,764.4431568848494,114.52149336200601,-10.40593662616718,4568.117877178525,4.115810562863656,7.474672331897941,False
27386,ENVISAT,2026-09-28T22:27:00Z,25.207990545215438,60.492874088284125,764.2295986680763,116.73814712874535,-11.263033157047808,4693.608099131591,4.247815987364945,7.474584497910349,False
27386,ENVISAT,2026-09-28T22:27:30Z,23.424357471589552,60.05187444622669,764.0418891527366,118.85354172077935,-12.13281734357539,4822.848221782816,4.3659647888707855,7.47448508800068,False
27386,ENVISAT,2026-09-28T22:28:00Z,21.639723216840743,59.6192242118228,763.8814856729599,120.8733436880175,-13.012905167057465,4955.436920807347,4.471210883719292,7.474373760462655,False
27386,ENVISAT,2026-09-28T22:28:30Z,19.854185718911555,59.1940298652462,763.749747064917,122.80322202971185,-13.901284603817084,5091.001015769366,4.5644742126697215,7.474250210768361,False
27386,ENVISAT,2026-09-28T22:29:00Z,18.06783952779666,58.775467875157375,763.6479273597332,124.64875198495407,-14.796266628867095,5229.194262298427,4.646629039217634,7.474114173478366,False
27386,ENVISAT,2026-09-28T22:29:30Z,16.280776397549978,58.36277501676554,763.5771698892148,126.41534563937046,-15.696439847980903,5369.69586535946,4.718496859429384,7.473965424003998,False
27386,ENVISAT,2026-09-28T22:30:00Z,14.49308577915603,57.955239897390435,763.5385018323996,128.10820423497557,-16.600629551224564,5512.2088349622345,4.78084281872416,7.4738037802144826,False
27386,ENVISAT,2026-09-28T22:30:30Z,12.704855230528649,57.5521954834299,763.5328292293742,129.73228764534863,-17.507861459544774,5656.4582751909265,4.834374710969905,7.47362910388207,False
27386,ENVISAT,2026-09-28T22:31:00Z,10.91617075734518,57.153012456701354,763.5609324864027,131.29229713679157,-18.417330094571486,5802.189672387623,4.879743812545412,7.473441301959133,False
27386,ENVISAT,2026-09-28T22:31:30Z,9.127117096367195,56.75709325514767,763.6234623944074,132.79266819305386,-19.32837149456673,5949.167228363054,4.917546964671141,7.473240327681763,False
27386,ENVISAT,2026-09-28T22:32:00Z,7.33777795129337,56.36386667455934,763.7209366804328,134.2375707877911,-20.24043988779967,6097.172269036435,4.9483294551410575,7.473026181495088,False
27386,ENVISAT,2026-09-28T22:32:30Z,5.548236189900366,55.972782925075364,763.8537371091198,135.6309150223073,-21.153087887881753,6246.001747203886,4.972588364308102,7.472798911796308,False
27386,ENVISAT,2026-09-28T22:33:00Z,3.7585740102369756,55.583309049763706,764.0221071487352,136.97636049893794,-22.065949770798156,6395.466849498995,4.990776131215787,7.47255861549213,False
27386,ENVISAT,2026-09-28T22:33:30Z,1.968873082846027,55.194924623142526,764.2261502134037,138.27732817504523,-22.97872741398697,6545.391711401788,5.003304166888052,7.4723054383679255,False
27386,ENVISAT,2026-09-28T22:34:00Z,0.17921467541354216,54.80711765542954,764.4658284905588,139.53701374638862,-23.891178512321673,6695.612239813741,5.010546396193301,7.472039575266873,False
27386,ENVISAT,2026-09-28T22:34:30Z,-1.6103202341930065,54.419380634020946,764.7409623596236,140.75840185095296,-24.803106726656868,6845.975039800829,5.012842650520914,7.471761270077827,False
27386,ENVISAT,2026-09-28T22:35:00Z,-3.3996508508067804,54.03120663762701,765.0512304050327,141.94428057471336,-25.714353462850518,6996.336440252885,5.010501863565229,7.471470815531667,False
27386,ENVISAT,2026-09-28T22:35:30Z,-5.1886964552189205,53.642085460321425,765.3961700238646,143.09725588903865,-26.624791019840817,7146.561612113148,5.003805044231736,7.471168552806367,False
27386,ENVISAT,2026-09-28T22:36:00Z,-6.977376292304478,53.25149968325128,765.7751786253081,144.21976576295435,-27.534316882989298,7296.523772305635,4.993008016013462,7.470854870941947,False
27386,ENVISAT,2026-09-28T22:36:30Z,-8.765609448397464,52.85892063004827,766.1875154163685,145.31409378020822,-28.442848972512593,7446.103466325418,4.978343922754964,7.470530206067152,False
27386,ENVISAT,2026-09-28T22:37:00Z,-10.55331471207312,52.46380413910598,766.6323037652604,146.38238215573318,-29.350321686475617,7595.18792257936,4.960025507722965,7.470195040440347,False
27386,ENVISAT,2026-09-28T22:37:30Z,-12.340410412124479,52.06558608054667,767.108534131259,147.4266440946446,-30.256682603337424,7743.670471834824,4.938247177344613,7.469849901307922,False
27386,ENVISAT,2026-09-28T22:38:00Z,-14.126814226003408,51.66367753862099,767.6150675469158,148.4487754722017,-31.16188973094314,7891.450025522335,4.913186863544346,7.469495359584183,False
27386,ENVISAT,2026-09-28T22:38:30Z,-15.912442951277182,51.257459570650255,768.1506396361174,149.4505658387757,-32.06590920737688,8038.430607075941,4.885007699877607,7.469132028357319,False
27386,ENVISAT,2026-09-28T22:39:00Z,-17.697212231756655,50.8462774411262,768.7138651487663,150.43370877208073,-32.96871337470236,8184.520930959437,4.853859527023981,7.468760561226768,False
27386,ENVISAT,2026-09-28T22:39:30Z,-19.48103622874643,50.429434213735334,769.3032429907082,151.39981161152843,-33.87027915966414,8329.634024489174,4.819880242959909,7.468381650477936,False
27386,ENVISAT,2026-09-28T22:40:00Z,-21.26382722641275,50.006183564005866,769.9171617252352,152.35040461816453,-34.770586706319435,8473.686888016931,4.783197012501126,7.467996025100781,False
27386,ENVISAT,2026-09-28T22:40:30Z,-23.045495158341947,49.57572165030921,770.5539055204082,153.2869496090621,-35.66961821460932,8616.600189465074,4.743927350033783,7.467604448659429,False
27386,ENVISAT,2026-09-28T22:41:00Z,-24.82594704001318,49.137177849214716,771.2116605147056,154.21084811874942,-36.56735694631969,8758.297989601473,4.702180088269853,7.467207717020562,False
27386,ENVISAT,2026-09-28T22:41:30Z,-26.605086288907625,48.68960412203497,771.8885215717597,155.12344914198778,-37.463786366087206,8898.707494818458,4.658056244808127,7.466806655948736,False
27386,ENVISAT,2026-09-28T22:42:00Z,-28.382811910187172,48.231962729558255,772.5824993934959,156.02605651352843,-38.35888939011277,9037.758834510478,4.611649797248945,7.466402118577494,False
27386,ENVISAT,2026-09-28T22:42:30Z,-30.15901752107234,47.76311194977352,773.2915279595478,156.91993598075265,-39.252647719412955,9175.38486045867,4.563048376590579,7.465994982765387,False
27386,ENVISAT,2026-09-28T22:43:00Z,-31.933590180946517,47.281789374054235,774.0134722600526,157.80632202562575,-40.14504123774726,9311.520965901816,4.512333887688676,7.46558614834661,False
27386,ENVISAT,2026-09-28T22:43:30Z,-33.70640898640125,46.786592257047346,774.7461362877214,158.686424492418,-41.036047457091534,9446.104922229015,4.459583064658906,7.465176534286296,False
27386,ENVISAT,2026-09-28T22:44:00Z,-35.47734338037192,46.27595426690235,775.4872712545109,159.5614350782246,-41.92564099562561,9579.076731447802,4.404867968289099,7.464767075750906,False
27386,ENVISAT,2026-09-28T22:44:30Z,-37.246251111541085,45.74811781755933,776.2345839978198,160.43253374394314,-42.81379307489464,9710.378492787293,4.348256431771354,7.46435872110438,False
27386,ENVISAT,2026-09-28T22:45:00Z,-39.01297576324353,45.2011009511616,776.9857455406282,161.30089510470285,-43.70047102401526,9839.95428196916,4.289812460392522,7.4639524288411945,False
27386,ENVISAT,2026-09-28T22:45:30Z,-40.77734374894944,44.632657460973505,777.7383997701004,162.16769486035045,-44.5856377797171,9967.750041844623,4.229596590201406,7.463549164467481,False
27386,ENVISAT,2026-09-28T22:46:00Z,-42.539160642098395,44.04022858082297,778.4901721990036,163.03411632914276,-45.46925137154645,10093.713483234062,4.167666210126568,7.463149897341737,False
27386,ENVISAT,2026-09-28T22:46:30Z,-44.29820666906676,43.42088408630387,779.2386787747423,163.9013571509688,-46.351264381826375,10217.793994933236,4.1040758515249935,7.462755597486753,False
27386,ENVISAT,2026-09-28T22:47:00Z,-46.054231141728735,42.77125001339493,779.9815347009954,164.77063623051322,-47.23162336995957,10339.94256196429,4.038877448701277,7.462367232384452,False
27386,ENVISAT,2026-09-28T22:47:30Z,-47.80694553517315,42.08741934263951,780.7163632375888,165.64320099590688,-48.11026825035484,10460.111691247937,3.972120573547768,7.46198576376554,False
27386,ENVISAT,2026-09-28T22:48:00Z,-49.55601481923532,41.364840838192954,781.440804444917,166.52033505458948,-48.98713161270287,10578.25534396419,3.9038526471052184,7.461612144405748,False
27386,ENVISAT,2026-09-28T22:48:30Z,-51.30104651866589,40.598179651513924,782.1525238399424,167.40336633567588,-49.862137972457155,10694.328873945646,3.834119130537792,7.461247314940509,False
27386,ENVISAT,2026-09-28T22:49:00Z,-53.04157679004112,39.78114112880272,782.849220931736,168.2936758169101,-50.73520293824856,10808.288971522079,3.7629636977347625,7.460892200709847,False
27386,ENVISAT,2026-09-28T22:49:30Z,-54.77705253999888,38.9062462518131,783.5286376056289,169.19270694490214,-51.6062322814325,10920.09361229261,3.6904283915147817,7.460547708645154,False
27386,ENVISAT,2026-09-28T22:50:00Z,-56.50680823335056,37.96454293525603,784.1885663259534,170.10197586943536,-52.47512089114251,11029.70201036248,3.616553765183424,7.460214724209366,False
27386,ENVISAT,2026-09-28T22:50:30Z,-58.23003549632776,36.94523147631039,784.8268581287385,171.02308262691523,-53.341751595907624,11137.074575627235,3.5413790110089782,7.459894108401857,False
27386,ENVISAT,2026-09-28T22:51:00Z,-59.94574282562604,35.83517403984353,785.4414303767962,171.95772342418059,-54.20599383013733,11242.17287473383,3.4649420770043657,7.459586694839176,False
27386,ENVISAT,2026-09-28T22:51:30Z,-61.65270153683934,34.61824605776765,786.030274251051,172.90770419253118,-55.06770212043354,11344.95959538654,3.387279773255022,7.459293286922401,False
27386,ENVISAT,2026-09-28T22:52:00Z,-63.34937231995285,33.27447023961582,786.5914619532736,173.87495560264233,-55.92671436269463,11445.398513700657,3.3084278688937374,7.45901465510172,False
27386,ENVISAT,2026-09-28T22:52:30Z,-65.03380408753347,31.778849348125668,787.1231535966953,174.86154975445868,-56.78284985620787,11543.454464337812,3.2284211807063103,7.4587515342482495,False
27386,ENVISAT,2026-09-28T22:53:00Z,-66.70349268224838,30.09977920093648,787.6236037624902,175.86971878174197,-57.63590705527009,11639.093313186233,3.1472936542399106,7.458504621142998,False
27386,ENVISAT,2026-09-28T22:53:30Z,-68.35518062896585,28.196875622803457,788.0911677015027,176.90187563866422,-58.485660992128004,11732.281932371669,3.0650784381946514,7.4582745720921855,False
27386,ENVISAT,2026-09-28T22:54:00Z,-69.98456919022756,26.017987352656483,788.5243071619811,177.96063736481722,-59.33186031707076,11822.988177407955,2.9818079527918004,7.45806200067791,False
27386,ENVISAT,2026-09-28T22:54:30Z,-71.58589861783841,23.495098747505637,788.9215958256118,179.04885115413083,-60.17422389210827,11911.180866316803,2.897513952733559,7.457867475652389,False
27386,ENVISAT,2026-09-28T22:55:00Z,-73.15132923965686,20.5387861678022,789.2817243355128,180.16962358046712,-61.01243686357705,11996.829760561273,2.8122275853055094,7.457691518983727,False
27386,ENVISAT,2026-09-28T22:55:30Z,-74.67002293899193,17.030991779198555,789.6035049013146,181.32635335481544,-61.84614612608176,12079.905547656079,2.7259794441070833,7.4575346040604735,False
27386,ENVISAT,2026-09-28T22:56:00Z,-76.12678485258293,12.816431369317563,789.8858754679733,182.5227680011017,-62.674955075072624,12160.379825328515,2.638799618845256,7.457397154061578,False
27386,ENVISAT,2026-09-28T22:56:30Z,-77.5001025091016,7.694749938748047,790.1279034361946,183.76296483209853,-63.498417528001745,12238.225087118688,2.5507177415748936,7.45727954049792,False
27386,ENVISAT,2026-09-28T22:57:00Z,-78.75950230585032,1.4202976084973271,790.3287889239583,185.0514565723948,-64.31603067419975,12313.414709317094,2.4617630297249535,7.4571820819308,False
27386,ENVISAT,2026-09-28T22:57:30Z,-79.86257938061138,-6.273307393367379,790.487867559945,186.39322189539493,-65.12722689152659,12385.92293914941,2.3719643262115766,7.457105042872163,False
27386,ENVISAT,2026-09-28T22:58:00Z,-80.75334152545484,-15.591774898187257,790.6046128009933,187.79376099110019,-65.93136424364123,12455.72488411308,2.2813501369179674,7.457048632870709,False
27386,ENVISAT,2026-09-28T22:58:30Z,-81.36592184559694,-26.512458796953958,790.678637767287,189.25915602775166,-66.72771544717138,12522.796502423282,2.1899486657325107,7.457013005787225,False
27386,ENVISAT,2026-09-28T22:59:00Z,-81.63901493918509,-38.582766035994,790.7096965900668,190.79613596016557,-67.51545507277498,12587.114594448427,2.097787847416983,7.456998259261944,False
27386,ENVISAT,2026-09-28T22:59:30Z,-81.53970804713178,-50.90023663671174,790.697685268317,192.41214450742362,-68.29364472465598,12648.656795115216,2.004895378428935,7.457004434375812,False
27386,ENVISAT,2026-09-28T23:00:00Z,-81.08042163828355,-62.449427501831565,790.642642032013,194.11540917140087,-69.06121593093474,12707.401567204723,1.9112987458827828,7.457031515507029,False
5,VANGUARD 1,2026-09-28T20:00:00Z,-13.0760128642641,26.976269293160613,1960.8895062477372,173.5920832025198,-20.977644334365902,8100.1493881993,-1.4518597098166228,7.025514367289929,False
5,VANGUARD 1,2026-09-28T20:00:30Z,-12.3183006402694,28.081737247807,1998.835784899098,172.3393089708023,-20.30001590881286,8057.233068938091,-1.409233982232084,6.994548280069355,False
5,VANGUARD 1,2026-09-28T20:01:00Z,-11.56200467805236,29.16912660608665,2036.7555906369141,171.08619730299392,-19.62787693009795,8015.607072191761,-1.3658009897334467,6.963751214813324,False
5,VANGUARD 1,2026-09-28T20:01:30Z,-10.80753657227424,30.239209325186838,2074.62655998522,169.83255219143075,-18.961635869811406,7975.294891243288,-1.3216095284730296,6.933138980094009,False
5,VANGUARD 1,2026-09-28T20:02:00Z,-10.055277627353982,31.292735310635628,2112.4269463494584,168.57819724870035,-18.301704766610232,7936.318550972335,-1.2767087880458492,6.902726585808141,False
5,VANGUARD 1,2026-09-28T20:02:30Z,-9.305580715673885,32.330432390752826,2150.1356144732786,167.32297587055,-17.648498788756722,7898.698596782382,-1.2311482971991428,6.872528270992695,False
5,VANGUARD 1,2026-09-28T20:03:00Z,-8.558772060601235,33.35300643412036,2187.7320338706795,166.06675138627637,-17.0024357221203,7862.454085207494,-1.1849778664817745,6.842557531851247,False
5,VANGUARD 1,2026-09-28T20:03:30Z,-7.815152942442732,34.36114158612377,2225.196271348412,164.80940719268173,-16.363935385280097,7827.602576292226,-1.1382475275656279,6.812827149832537,False
5,VANGUARD 1,2026-09-28T20:04:00Z,-7.075001326619499,35.35550060324121,2262.508982721182,163.5508468678738,-15.733418974091862,7794.160127848097,-1.0910074690698004,6.783349219625152,False
5,VANGUARD 1,2026-09-28T20:04:30Z,-6.3385734140907575,36.33672526688058,2299.651403821629,162.29099426051528,-15.11130833866092,7762.141291691396,-1.043307968783659,6.7541351769435956,False
5,VANGUARD 1,2026-09-28T20:05:00Z,-5.606105114895028,37.305436860574986,2336.6053408936814,161.02979355047867,-14.498025196424246,7731.559111971604,-0.995199322290638,6.725195826001962,False
5,VANGUARD 1,2026-09-28T20:05:30Z,-4.877813446106106,38.26223669690706,2373.3531604586783,159.76720927631118,-13.89399028561986,7702.425125695958,-0.9467317680621591,6.696541366580028,False
5,VANGUARD 1,2026-09-28T20:06:00Z,-4.153897856035675,39.20770668217445,2409.8777787323356,158.50322632521713,-13.299622464140294,7674.749365553171,-0.8979554091899278,6.668181420603451,False
5,VANGUARD 1,2026-09-28T20:06:30Z,-3.4345414768471203,40.142409908616315,2446.162650666027,157.23784988117777,-12.715337759401429,7648.54036513434,-0.8489201320021794,6.640125058171117,False
5,VANGUARD 1,2026-09-28T20:07:00Z,-2.7199123079341527,41.066891265625,2482.191758682908,155.97110532678502,-12.141548375418628,7623.805166638241,-0.79967552188302,6.612380822971101,False
5,VANGUARD 1,2026-09-28T20:07:30Z,-2.0101643327253407,41.98167806240157,2517.9496011683223,154.7030380948745,-11.578661663922569,7600.549331139236,-0.7502707767011622,6.584956757041461,False
5,VANGUARD 1,2026-09-28T20:08:00Z,-1.3054385715707635,42.88728065604,2553.421180775059,153.43371346581162,-11.027079066795567,7578.776951483301,-0.7007546183028295,6.557860424835753,False
5,VANGUARD 1,2026-09-28T20:08:30Z,-0.6058640735322232,43.78419307966436,2588.591992594615,152.16321630701836,-10.487195037588062,7558.490667859851,-0.6511752026005218,6.531098936565221,False
5,VANGUARD 1,2026-09-28T20:09:00Z,0.08844115009401994,44.67289366638995,2623.448012242474,150.89165075137308,-9.959395950281,7539.6916860861575,-0.6015800288268276,6.504678970795398,False
5,VANGUARD 1,2026-09-28T20:09:30Z,0.7773692476862774,45.55384566540153,2657.9756839004485,149.61913981182087,-9.444059003718253,7522.37979861698,-0.5520158485745619,6.478606796281893,False
5,VANGUARD 1,2026-09-28T20:10:00Z,1.46082170188517,46.427497847375044,2692.161908358179,148.3458249296847,-8.941551130350314,7506.553408278355,-0.5025285752616084,6.45288829303368,False
5,VANGUARD 1,2026-09-28T20:10:30Z,2.138708554024885,47.29428509663358,2725.9940310851134,147.07186545523595,-8.45222791809136,7492.209554700724,-0.45316319469896127,6.427528972602152,False
5,VANGUARD 1,2026-09-28T20:11:00Z,2.8109476757766356,48.15462898832769,2759.4598303680364,145.79743805916638,-7.976432554063798,7479.3439434110805,-0.4039636774288966,6.402533997593594,False
5,VANGUARD 1,2026-09-28T20:11:30Z,3.477464085369739,49.00893834899031,2792.5475055413826,144.52273607470894,-7.514494798917519,7467.950977517333,-0.35497289351544176,6.377908200409558,False
5,VANGUARD 1,2026-09-28T20:12:00Z,4.138189305883923,49.85760979941286,2825.2456653368026,143.2479687705623,-7.066730000241984,7458.023791904114,-0.3062325304451279,6.353656101221604,False
5,VANGUARD 1,2026-09-28T20:12:30Z,4.793060763145247,50.701028278885126,2857.5433163723824,141.97336055577185,-6.633438153301441,7449.554289836364,-0.2577830147828795,6.329781925191851,False
5,VANGUARD 1,2026-09-28T20:13:00Z,5.442021220931542,51.539567550231475,2889.429851803397,140.69915011829275,-6.214903016885103,7442.533181848935,-0.2096634381876393,6.306289618950471,False
5,VANGUARD 1,2026-09-28T20:13:30Z,6.085018251242576,52.37359068517926,2920.8950401505463,139.42558949987654,-5.811391291598839,7436.95002678214,-0.16191148835586558,6.2831828663454425,False
5,VANGUARD 1,2026-09-28T20:14:00Z,6.722003737523343,53.20345052985405,2951.9290143217363,138.15294311058432,-5.423151867333727,7432.793274809158,-0.11456338540690812,6.260465103480548,False
5,VANGUARD 1,2026-09-28T20:14:30Z,7.352933408797865,54.02949015025379,2982.5222608387494,136.8814866871,-5.050415145989453,7430.050312285145,-0.0676538241714775,6.238139533060201,False
5,VANGUARD 1,2026-09-28T20:15:00Z,7.977766402836171,54.852043257714755,3012.6656092817384,135.61150619966094,-4.693392444735488,7428.70750823311,-0.02121592277828451,6.216209138058797,False
5,VANGUARD 1,2026-09-28T20:15:30Z,8.596464856515956,55.671434614478905,3042.350221959543,134.3432967131354,-4.3522754843582865,7428.750262275282,0.024718822132219407,6.194676694735381,False
5,VANGUARD 1,2026-09-28T20:16:00Z,9.20899352164876,56.48798041945283,3071.56758381237,133.0771612085035,-4.027235966342077,7430.163053804671,0.07012057330552812,6.173544785014723,False
5,VANGUARD 1,2026-09-28T20:16:30Z,9.815319404741208,57.30198867457918,3100.309492557298,131.8134093711924,-3.718425241435785,7432.929492191898,0.11496118370592455,6.152815808252944,False
5,VANGUARD 1,2026-09-28T20:17:00Z,10.415411429038805,58.113759531775386,3128.5680490749655,130.55235635388948,-3.4259740715715314,7437.032367806705,0.15921422015751371,6.132491992413545,False
5,VANGUARD 1,2026-09-28T20:17:30Z,11.009240117558162,58.92358562105099,3156.3356480475018,129.2943215209902,-3.149992486042751,7442.453703645055,0.20285497976844172,6.112575404670706,False
5,VANGUARD 1,2026-09-28T20:18:00Z,11.596777295684072,59.73175235991849,3183.604968846348,128.03962718283725,-2.890569731950055,7449.174807340846,0.2458604991597957,6.0930679614642305,False
5,VANGUARD 1,2026-09-28T20:18:30Z,12.17799581209529,60.538538244496486,3210.368966672467,126.78859732772844,-2.647774318023763,7457.176323350044,0.2882095566007839,6.073971438026859,False
5,VANGUARD 1,2026-09-28T20:19:00Z,12.752869276878362,61.344215122685036,3236.6208639513793,125.54155635977347,-2.4216541500377735,7466.438285097165,0.32988266721487386,6.055287477404041,False
5,VANGUARD 1,2026-09-28T20:19:30Z,13.321371815679363,62.14904844965294,3262.354141980356,124.29882785085563,-2.2122367552334916,7476.940166877275,0.3708620714737366,6.03701759898891,False
5,VANGUARD 1,2026-09-28T20:20:00Z,13.883477838921541,62.95329752609233,3287.5625328295932,123.06073331451294,-2.019529592391419,7488.660935319897,0.41113171725914965,6.019163206591378,False
5,VANGUARD 1,2026-09-28T20:20:30Z,14.439161825116628,63.7572157194744,3312.2400114950506,121.82759100958764,-1.8435204434581305,7501.5791002225005,0.45067723581189045,6.001725596062254,False
5,VANGUARD 1,2026-09-28T20:21:00Z,14.988398117386547,64.56105066869445,3336.380788301113,120.59971478095632,-1.6841778820599698,7515.672764579466,0.48948591193324015,5.9847059624921135,False
5,VANGUARD 1,2026-09-28T20:21:30Z,15.531160732370868,65.36504447238062,3359.979301550887,119.3774129443311,-1.5414518136361803,7530.919673638344,0.5275466488360202,5.9681054070042645,False
5,VANGUARD 1,2026-09-28T20:22:00Z,16.067423180814565,66.16943386119983,3383.0302104234083,118.16098722148222,-1.4152740814360234,7547.297262828224,0.5648499280736021,5.95192494315903,False
5,VANGUARD 1,2026-09-28T20:22:30Z,16.597158299037446,66.97445035438055,3405.5283881108035,116.95073173184907,-1.305559132343394,7564.782704421267,0.6013877649888282,5.936165502990424,False
5,VANGUARD 1,2026-09-28T20:23:00Z,17.120338090762882,67.78032040082796,3427.4689151972857,115.7469320455167,-1.2122047360663522,7583.352952799001,0.6371536601507005,5.920827942689253,False
5,VANGUARD 1,2026-09-28T20:23:30Z,17.636933578614602,68.58726550500695,3448.8470732721808,114.54986430218176,-1.1350927511527302,7602.984788210869,0.6721425472428382,5.905913047952559,False
5,VANGUARD 1,2026-09-28T20:24:00Z,18.146914664812485,69.39550233785407,3469.658338776461,113.35979439976228,-1.0740899310539644,7623.6548589224485,0.7063507378783261,5.891421539013801,False
5,VANGUARD 1,2026-09-28T20:24:30Z,18.650250000534328,70.20524283300836,3489.8983770771792,112.17697725558412,-1.0290487635615997,7645.33972167382,0.7397758638091608,5.877354075370728,False
5,VANGUARD 1,2026-09-28T20:25:00Z,19.14690686351936,71.01669426851227,3509.563036766896,111.00165614238632,-0.9998083368541261,7668.015880370965,0.7724168169898622,5.863711260225519,False
5,VANGUARD 1,2026-09-28T20:25:30Z,19.636851043502812,71.83005933426772,3528.648344183763,109.83406210049822,-0.9861952256186847,7691.659822957226,0.8042736879439357,5.8504936446520235,False
5,VANGUARD 1,2026-09-28T20:26:00Z,20.120046735128994,72.645536185406,3547.1504981486382,108.67441342689351,-0.9880243908160149,7716.248056416561,0.8353477028636974,5.83770173150387,False
5,VANGUARD 1,2026-09-28T20:26:30Z,20.596456438002413,73.46331848179129,3565.0658649144016,107.52291524105735,-1.0051000869650955,7741.7571398785585,0.8656411598542856,5.82533597907732,False
5,VANGUARD 1,2026-09-28T20:27:00Z,21.066040863621563,74.28359541393804,3582.3909733246824,106.3797591268169,-1.0372167711123756,7768.163715808655,0.8951573647126261,5.813396804540972,False
5,VANGUARD 1,2026-09-28T20:27:30Z,21.52875884891862,75.10655171538367,3599.1225101767504,105.24512284891665,-1.0841600079095957,7795.444539265769,0.9239005666017165,5.801884587145258,False
5,VANGUARD 1,2026-09-28T20:28:00Z,21.98456727620009,75.93236766190648,3615.257315785197,104.1191701421691,-1.1457073657622676,7823.576505240582,0.9518758939604963,5.790799671223181,False
5,VANGUARD 1,2026-09-28T20:28:30Z,22.43342099932168,76.76121905768659,3630.792379742863,103.00205057075989,-1.2216292992408833,7852.536674077099,0.9790892909580247,5.7801423689930225,False
5,VANGUARD 1,2026-09-28T20:29:00Z,22.875272775903678,77.59327720869183,3645.724836873891,101.8938994546959,-1.3116900135239493,7882.302295004191,1.0055474547723284,5.76991296317462,False
5,VANGUARD 1,2026-09-28T20:29:30Z,23.310073205512918,78.428708883499,3660.051963376763,100.79483785998791,-1.4156483069484285,7912.850827800358,1.0312577739485285,5.760111709428095,False
5,VANGUARD 1,2026-09-28T20:30:00Z,23.737770673665377,79.26767626185469,3673.7711731520617,99.7049726488284,-1.5332583883220965,7944.159962633346,1.0562282680589818,5.750738838625746,False
5,VANGUARD 1,2026-09-28T20:30:30Z,24.158311301603078,80.1103368711774,3686.8800143122567,98.62439658580469,-1.6642706659546425,7976.20763810965,1.0804675288621688,5.741794558965538,False
5,VANGUARD 1,2026-09-28T20:31:00Z,24.57163890181152,80.9568435114277,3699.37616587044,97.5531884958085,-1.808432505931805,8008.972057588469,1.1039846631311918,5.733279057934523,False
5,VANGUARD 1,2026-09-28T20:31:30Z,24.97769493919601,81.80734416854749,3711.2574346030256,96.49141346944042,-1.9654889574912155,8042.431703806366,1.1267892372913477,5.725192504131442,False
5,VANGUARD 1,2026-09-28T20:32:00Z,25.376418497972768,82.66198191695214,3722.521752085037,95.43912311130374,-2.135183443814558,8076.565351872458,1.148891223988222,5.717535048954838,False
5,VANGUARD 1,2026-09-28T20:32:30Z,25.767746254251445,83.5208948114502,3733.1671718938837,94.3963558267598,-2.317258416939062,8111.352080693051,1.1703009506787772,5.710306828164688,False
5,VANGUARD 1,2026-09-28T20:33:00Z,26.151612454325054,84.38421576896107,3743.191866978221,93.36313714275236,-2.5114559758112063,8146.771282882505,1.1910290503165866,5.703507963324483,False
5,VANGUARD 1,2026-09-28T20:33:30Z,26.527948898766464,85.25207244071657,3752.594127190773,92.33948005808924,-2.717518446951125,8182.802673233108,1.2110864141860536,5.697138563129084,False
5,VANGUARD 1,2026-09-28T20:34:00Z,26.89668493231374,86.12458707530875,3761.372356980237,91.32538541909537,-2.9351889274002065,8219.426295800165,1.2304841469139285,5.691198724625687,False
5,VANGUARD 1,2026-09-28T20:34:30Z,27.257747439676784,87.00187637330916,3769.525073241661,90.32084231631313,-3.164211789979368,8256.622529671908,1.2492335236768377,5.6856885343321935,False
5,VANGUARD 1,2026-09-28T20:35:00Z,27.611060847307808,87.88405133411996,3777.050903321851,89.3258284982842,-3.404333151155585,8294.372093491125,1.2673459496025659,5.680608069258795,False
5,VANGUARD 1,2026-09-28T20:35:30Z,27.956547131219544,88.77121709571773,3783.948583177755,88.34031079865444,-3.655301301981142,8332.656048789264,1.2848329213504623,5.67595739783743,False
5,VANGUARD 1,2026-09-28T20:36:00Z,28.29412583095336,89.66347276819302,3790.2169556860113,87.36424557290512,-3.916867102867326,8371.455802203554,1.3017059908447859,5.6717365807633096,False
5,VANGUARD 1,2026-09-28T20:36:30Z,28.62371406979034,90.56091126191897,3795.854969101881,86.39757914135949,-4.1887843430602985,8410.753106638376,1.3179767311228674,5.6679456717524195,False
5,VANGUARD 1,2026-09-28T20:37:00Z,28.94522658128257,91.46361911129976,3800.8616756654524,85.44024823532652,-4.470810065875502,8450.5300614343,1.333656704250025,5.6645847182189675,False
5,VANGUARD 1,2026-09-28T20:37:30Z,29.258575742136877,92.3716762948989,3805.2362303527843,84.49218044369077,-4.762704860775001,8490.769111594462,1.3487574312429274,5.661653761876333,False
5,VANGUARD 1,2026-09-28T20:38:00Z,29.56367161177364,93.28515605386657,3808.9778897744136,83.55329465646244,-5.06423312385587,8531.453046166971,1.3632903639500191,5.659152839262235,False
5,VANGUARD 1,2026-09-28T20:38:30Z,29.86042197823362,94.20412470852831,3812.086011213513,82.6235015042041,-5.375163287646406,8572.564995777866,1.3772668588019716,5.6570819821946765,False
5,VANGUARD 1,2026-09-28T20:39:00Z,30.14873241086829,95.128641475586,3814.560051808699,81.70270378993312,-5.695268022038721,8614.088429425916,1.390698152376846,5.655441218157077,False
5,VANGUARD 1,2026-09-28T20:39:30Z,30.428506319670582,96.0587582866657,3816.3995678773945,80.7907969121678,-6.02432440761598,8656.007150564057,1.4035953386944984,5.654230570616528,False
5,VANGUARD 1,2026-09-28T20:40:00Z,30.699645021343184,96.99451960982735,3817.604214380008,79.88766927718609,-6.362114082929815,8698.30529252732,1.415969348164165,5.653450059276116,False
5,VANGUARD 1,2026-09-28T20:40:30Z,30.96204781209631,97.93596227542929,3818.1737445240997,78.99320269907157,-6.708423367188508,8740.9673133506,1.4278309281036325,5.653099700262691,False
5,VANGUARD 1,2026-09-28T20:41:00Z,31.215612047179466,98.88311530796506,3818.108009508361,78.10727278618086,-7.063043359876596,8783.977990025245,1.4391906247485797,5.653179506250877,False
5,VANGUARD 1,2026-09-28T20:41:30Z,31.46023322712789,99.83599976555462,3817.4069584061904,77.22974931285987,-7.425770018809828,8827.322412240457,1.4500587666704445,5.6536894865239065,False
5,VANGUARD 1,2026-09-28T20:42:00Z,31.695805090638242,100.7946285886093,3816.0706381886957,76.36049657560152,-7.796404218010473,8870.985975641697,1.4604454495202848,5.654629646971577,False
5,VANGUARD 1,2026-09-28T20:42:30Z,31.922219714011398,101.7590064596154,3814.0991938875013,75.4993737326898,-8.174751786922636,8914.954374656383,1.4703605220177451,5.655999990025143,False
5,VANGUARD 1,2026-09-28T20:43:00Z,32.139367617028654,102.7291296756599,3811.4928688974674,74.64623512681838,-8.560623532274324,8959.213594913694,1.4798135731055506,5.65780051452885,False
5,VANGUARD 1,2026-09-28T20:43:30Z,32.34713787509552,103.70498603553278,3808.2520054201464,73.80093059017379,-8.953835243942292,9003.749905295077,1.4888139201900616,5.6600312155471695,False
5,VANGUARD 1,2026-09-28T20:44:00Z,32.545418237488704,104.68655474330058,3804.3770450481356,72.96330573153982,-9.354207686121294,9048.54984964859,1.4973705983932402,5.662692084106938,False
5,VANGUARD 1,2026-09-28T20:44:30Z,32.73409525144933,105.67380633019586,3799.8685294915936,72.13320220517171,-9.761566575045025,9093.600238199344,1.5054923507392681,5.665783106872892,False
5,VANGUARD 1,2026-09-28T20:45:00Z,32.9130543918257,106.66670259630226,3794.727101448551,71.31045796152935,-10.175742544261213,9138.88813866337,1.513187619204971,5.669304265754223,False
5,VANGUARD 1,2026-09-28T20:45:30Z,33.08218019604398,107.66519657457225,3788.9535056181444,70.49490747920359,-10.596571098901086,9184.400867128561,1.5204645365656053,5.673255537441734,False
5,VANGUARD 1,2026-09-28T20:46:00Z,33.241356403928414,108.66923251804766,3782.548589860869,69.68638197873443,-11.023892559595469,9230.12597868043,1.5273309189668762,5.677636892871094,False
5,VANGUARD 1,2026-09-28T20:46:30Z,33.390466102061154,109.67874591265857,3775.5133065053506,68.88470961783467,-11.457551997321811,9276.051257828725,1.5337942591601748,5.682448296611063,False
5,VANGUARD 1,2026-09-28T20:47:00Z,33.52939187219805,110.69366351683682,3767.8487138044397,68.08971566841703,-11.897399159927534,9322.164708734006,1.5398617203398757,5.687689706172632,False
5,VANGUARD 1,2026-09-28T20:47:30Z,33.658015943269724,111.71390342957112,3759.555977542203,67.3012226754841,-12.343288391236134,9368.454545257413,1.5455401305242578,5.693361071236054,False
5,VANGUARD 1,2026-09-28T20:48:00Z,33.77622034644483,112.73937518839541,3750.6363727937796,66.51905059799712,-12.795078543572494,9414.909180854878,1.5508359774230902,5.6994623327918035,False
5,VANGUARD 1,2026-09-28T20:48:30Z,33.883887072685425,113.76997989831285,3741.0912858407596,65.74301693210433,-13.252632884318215,9461.517218314992,1.5557554037417953,5.705993422191103,False
5,VANGUARD 1,2026-09-28T20:49:00Z,33.98089823220703,114.80561039308,3730.922216243997,64.97293681672065,-13.715818997319934,9508.267439371639,1.5603042028690326,5.712954260101835,False
5,VANGUARD 1,2026-09-28T20:49:30Z,34.067136215202666,115.84615142945573,3720.1307790770443,64.20862312190854,-14.184508679613822,9555.148794184146,1.564487814903793,5.720344755364331,False
5,VANGUARD 1,2026-09-28T20:50:00Z,34.14248385317637,116.89147991536774,3708.718707322757,63.44988652013274,-14.658577834127838,9602.150390707673,1.5683113229749932,5.728164803741934,False
5,VANGUARD 1,2026-09-28T20:50:30Z,34.206824580204994,117.94146517238632,3696.6878544355677,62.69653554069673,-15.137906358801967,9649.261483953871,1.5717794498148705,5.736414286560823,False
5,VANGUARD 1,2026-09-28T20:51:00Z,34.260042593418405,118.99596923289094,3684.040197073349,61.9483766075147,-15.622378032619864,9696.471465155671,1.574896554544163,5.745093069232407,False
5,VANGUARD 1,2026-09-28T20:51:30Z,34.30202301198422,120.05484717183145,3670.7778380019136,61.20521406051356,-16.1118803988802,9743.769850832901,1.5776666296358175,5.754200999651702,False
5,VANGUARD 1,2026-09-28T20:52:00Z,34.332652033875455,121.11794747309612,3656.9030091748723,60.46685016069726,-16.606304646151976,9791.146271775093,1.58009329802145,5.763737906465351,False
5,VANGUARD 1,2026-09-28T20:52:30Z,34.351817089689085,122.1851124297832,3642.418074993804,59.73308507919326,-17.10554548710347,9838.5904619326,1.582179810310943,5.773703597200551,False
5,VANGUARD 1,2026-09-28T20:53:00Z,34.359406992802136,123.25617857789067,3627.325535751129,59.003716870239444,-17.609501035566502,9886.092247230883,1.5839290420951877,5.784097856248145,False
5,VANGUARD 1,2026-09-28T20:53:30Z,34.35531208515495,124.33097716228771,3611.6280312604704,58.27854142830211,-18.118072681979907,9933.641534302293,1.5853434913064561,5.794920442690607,False
5,VANGUARD 1,2026-09-28T20:54:00Z,34.339424377978844,125.40933463375087,3595.3283446783607,57.55735242935049,-18.63116496739745,9981.228299138065,1.5864252756126422,5.8061710879662165,False
5,VANGUARD 1,2026-09-28T20:54:30Z,34.31163768681133,126.4910731756019,3578.4294065212653,56.83994125626563,-19.14868545620982,10028.842575663506,1.5871761298230236,5.817849493360093,False
5,VANGUARD 1,2026-09-28T20:55:00Z,34.27184776018025,127.5760112581717,3560.9342988823987,56.12609690835582,-19.670544607663693,10076.47444423513,1.5875974032863884,5.829955327311991,False
5,VANGUARD 1,2026-09-28T20:55:30Z,34.219952401381654,128.66396421906987,3542.8462598527294,55.4156058949103,-20.19665564622161,10124.114020057741,1.587690057264951,5.842488222530425,False
5,VANGUARD 1,2026-09-28T20:56:00Z,34.155851582829655,129.75474486710326,3524.1686881505475,54.708252112609316,-20.726934430806324,10171.751441523289,1.5874546622682395,5.855447772902212,False
5,VANGUARD 1,2026-09-28T20:56:30Z,34.07944755251641,130.84816410737983,3504.9051479644736,54.003816706625,-21.261299322893073,10219.376858467718,1.5868913953346209,5.86883353018555,False
5,VANGUARD 1,2026-09-28T20:57:00Z,33.990644932186854,131.94403158502126,3485.0593740143186,53.3020779151422,-21.799671053409853,10266.980420344775,1.5860000372500942,5.882645000474825,False
5,VANGUARD 1,2026-09-28T20:57:30Z,33.88935080690665,133.0421563447446,3464.635276834567,52.602810896970205,-22.34197258836635,10314.552264315465,1.5847799696953682,5.89688164042429,False
5,VANGUARD 1,2026-09-28T20:58:00Z,33.77547480578366,134.1423475034035,3443.636948285633,51.905787541877025,-22.888128993082482,10362.082503249474,1.5832301723154334,5.911542853217122,False
5,VANGUARD 1,2026-09-28T20:58:30Z,33.64892917368232,135.24441493256208,3422.068667296558,51.210776263156916,-23.43806729489203,10409.561213638046,1.581349219707661,5.926627984266635,False
5,VANGUARD 1,2026-09-28T20:59:00Z,33.50962883387441,136.34816994797504,3399.9349058457465,50.517541771949524,-23.991716344098368,10456.978423412678,1.5791352783265158,5.9421363166339765,False
5,VANGUARD 1,2026-09-28T20:59:30Z,33.35749144164513,137.45342600299324,3377.240335182494,49.82584483263753,-24.549006673015796,10504.324099671046,1.5765861033054585,5.958067066148488,False
5,VANGUARD 1,2026-09-28T21:00:00Z,33.19243742898805,138.55999938273467,3353.989832295142,49.13544199868186,-25.10987035281037,10551.588136304286,1.573699035199482,5.974419376214195,False
5,VANGUARD 1,2026-09-28T21:00:30Z,33.014390040619006,139.66770989599877,3330.188486630732,48.44608532809334,-25.67424084786489,10598.760341524552,1.5704709966528914,5.991192312285923,False
5,VANGUARD 1,2026-09-28T21:01:00Z,32.82327536162804,140.77638156194092,3305.8416070689573,47.757522077674444,-26.24205286736135,10645.830425290413,1.566898489001872,6.008384855999129,False
5,VANGUARD 1,2026-09-28T21:01:30Z,32.61902233721178,141.88584328867464,3280.954729156102,47.06949437501699,-26.81324221373296,10692.787986630912,1.5629775888197033,6.025995898934891,False
5,VANGUARD 1,2026-09-28T21:02:00Z,32.401562785025135,142.99592954086765,3255.533622603229,46.38173886730651,-27.387745627531736,10739.622500858784,1.5587039444221575,6.044024236001781,False
5,VANGUARD 1,2026-09-28T21:02:30Z,32.17083140076993,144.10648099402036,3229.584299049681,45.6939863455551,-27.96550062839671,10786.323306684539,1.554072772344698,6.062468558417588,False
5,VANGUARD 1,2026-09-28T21:03:00Z,31.926765757796108,145.21734517263124,3203.1130200998223,45.00596134321819,-28.5464453514877,10832.879593214575,1.549078853816114,6.081327446268597,False
5,VANGUARD 1,2026-09-28T21:03:30Z,31.669306301509128,146.32837707044845,3176.126305630446,44.31738170750359,-29.130518379044496,10879.280386850889,1.5437165312459655,6.100599360630246,False
5,VANGUARD 1,2026-09-28T21:04:00Z,31.398396339557348,147.4394397504711,3148.630942376239,43.62795814206167,-29.717658566351673,10925.514538078352,1.5379797047564974,6.120282635225679,False
5,VANGUARD 1,2026-09-28T21:04:30Z,31.11398202880923,148.55040492315212,3120.6339927927365,42.93739371924699,-30.307804861573935,10971.570708149009,1.5318618287861887,6.140375467602864,False
5,VANGUARD 1,2026-09-28T21:05:00Z,30.81601236022679,149.66115350129584,3092.1428041974527,42.24538336015084,-30.900896118789948,11017.437355664975,1.5253559087997937,6.160875909809842,False
5,VANGUARD 1,2026-09-28T21:05:30Z,30.50443914286237,150.77157613040063,3063.165018191943,41.55161328044725,-31.496870903462835,11063.10272306168,1.5184544981418415,6.181781858544817,False
5,VANGUARD 1,2026-09-28T21:06:00Z,30.179216988242157,151.88157369355827,3033.708580362756,40.85576039989637,-32.09566728958806,11108.554822998058,1.5111496950761822,6.203091044760802,False
5,VANGUARD 1,2026-09-28T21:06:30Z,29.840303296505606,152.9910577902018,3003.781750260677,40.15749171324288,-32.6972226476377,11153.781424657558,1.5034331400592686,6.224801022702312,False
5,VANGUARD 1,2026-09-28T21:07:00Z,29.487658245732177,154.0999511884274,2973.3931116560066,39.45646361996223,-33.301473422398736,11198.770039971145,1.4952960132965634,6.246909158352246,False
5,VANGUARD 1,2026-09-28T21:07:30Z,29.121244785951788,155.20818825069816,2942.5515830658883,38.75232121027304,-33.908354899673625,11243.507909767724,1.4867290326419726,6.269412617267446,False
5,VANGUARD 1,2026-09-28T21:08:00Z,28.74102863942387,156.31571533317376,2911.2664285505325,38.04469750450922,-34.51780096074971,11287.981989865177,1.477722451900126,6.292308351780047,False
5,VANGUARD 1,2026-09-28T21:08:30Z,28.34697830876958,157.42249115911486,2879.547268768634,37.333212642817024,-35.12974382348728,11332.17893711555,1.4682660596021448,6.315593087545885,False
5,VANGUARD 1,2026-09-28T21:09:00Z,27.939065094698414,158.52848716700575,2847.4040922889258,36.61747302193792,-35.744113768675604,11376.085095416973,1.458349178327534,6.339263309415634,False
5,VANGUARD 1,2026-09-28T21:09:30Z,27.51726312500568,159.63368783437517,2814.8472671433265,35.8970703756074,-36.36083885032226,11419.686481712242,1.4479606646555958,6.363315246612437,False
5,VANGUARD 1,2026-09-28T21:10:00Z,27.08154939666201,160.73809097848982,2781.8875526128927,35.17158079486374,-36.97984458833431,11462.968771994243,1.4370889098317836,6.387744857194788,False
5,VANGUARD 1,2026-09-28T21:10:30Z,26.631903832828694,161.84170803515505,2748.5361112325004,34.44056368448577,-37.6010536419164,11505.917287336877,1.425721841248056,6.4125478117872845,False
5,VANGUARD 1,2026-09-28T21:11:00Z,26.168309356648557,162.94456431736802,2714.8045209959746,33.703560651318526,-38.22438546197088,11548.516979984432,1.4138469248359637,6.437719476564709,False
5,VANGUARD 1,2026-09-28T21:11:30Z,25.69075198375614,164.04669925534898,2680.7047877441814,32.960094320337355,-38.849755920498644,11590.752419522089,1.4014511684874718,6.463254895474198,False
5,VANGUARD 1,2026-09-28T21:12:00Z,25.199220935483467,165.14816661985608,2646.249357715287,32.20966707393421,-39.477076914898454,11632.607779161657,1.388521126621024,6.4891487716830465,False
5,VANGUARD 1,2026-09-28T21:12:30Z,24.693708774713297,166.2490347308519,2611.4511302283445,31.45175970973342,-40.106255944940145,11674.06682218249,1.375042906020219,6.515395448246021,False
5,VANGUARD 1,2026-09-28T21:13:00Z,24.174211566490797,167.3493866534337,2576.323470476746,30.685830012287177,-40.73719565983929,11715.11288856167,1.3610021730840167,6.541988887982646,False
5,VANGUARD 1,2026-09-28T21:13:30Z,23.64072906541027,168.44932038332024,2540.8802223949106,29.91131123371111,-41.369793372821626,11755.728881843223,1.3463841626331126,6.568922652565981,False
5,VANGUARD 1,2026-09-28T21:14:00Z,23.09326493192973,169.54894902405536,2505.135721564495,29.127610478414073,-42.00394054021692,11795.897256293161,1.3311736884281016,6.596189880823158,False
5,VANGUARD 1,2026-09-28T21:14:30Z,22.531826979772703,170.64840095816393,2469.104808120113,28.334106987109102,-42.63952220190893,11835.600004393811,1.3153551555648038,6.623783266254789,False
5,VANGUARD 1,2026-09-28T21:15:00Z,21.95642745658381,171.74782001455708,2432.8028396079867,27.530150315410243,-43.27641637973667,11874.818644737661,1.2989125749210808,6.65169503378697,False
5,VANGUARD 1,2026-09-28T21:15:30Z,21.367083360067408,172.84736563445472,2396.2457037480963,26.715058402607255,-43.914493430131664,11913.534210385278,1.2818295798388197,6.6799169157747365,False
5,VANGUARD 1,2026-09-28T21:16:00Z,20.76381679187256,173.94721303805449,2359.4498310452514,25.888115526668123,-44.55361534697322,11951.727237756952,1.2640894452343632,6.708440127282495,False
5,VANGUARD 1,2026-09-28T21:16:30Z,20.146655351510958,175.047553394138,2322.432207188466,25.048570142157786,-45.19363501033577,11989.377756134172,1.2456751093399778,6.737255340675449,False
5,VANGUARD 1,2026-09-28T21:17:00Z,19.515632572597372,176.14859399474702,2285.2103851709185,24.195632598674855,-45.83439537648729,12026.465277853973,1.226569198287799,6.766352659565576,False
5,VANGUARD 1,2026-09-28T21:17:30Z,18.8707884037547,177.25055843702128,2247.802497058423,23.3284727385779,-46.47572860414035,12062.968789285816,1.2067540537536185,6.795721592164145,False
5,VANGUARD 1,2026-09-28T21:18:00Z,18.212169736535927,178.3536868140435,2210.227265327495,22.446217374534687,-47.11745511158591,12098.866742684713,1.1862117638895147,6.82535102410359,False
5,VANGUARD 1,2026-09-28T21:18:30Z,17.539830982688922,179.45823591664967,2172.504013685469,21.5479476493269,-47.75938255904919,12134.137049026856,1.1649241977741627,6.855229190804901,False
5,VANGUARD 1,2026-09-28T21:19:00Z,16.8538347031564,-179.4355205523171,2134.6526772818306,20.63269628335463,-48.40130475015902,12168.757071933154,1.1428730436229109,6.8853436494763915,False
5,VANGUARD 1,2026-09-28T21:19:30Z,16.154252291075796,-178.32729174961034,2096.693812206265,19.699444718392044,-49.04300044623161,12202.703622803514,1.1200398509937062,6.915681250848741,False
5,VANGUARD 1,2026-09-28T21:20:00Z,15.44116471118306,-177.2167694479435,2058.64860417065,18.74712017083385,-49.68423208659177,12235.95295728067,1.096406077235269,6.946228110758941,False
5,VANGUARD 1,2026-09-28T21:20:30Z,14.714663297760124,-176.10362777587454,2020.53887625253,17.77459261279671,-50.324744408114185,12268.480773181635,1.0719531384159469,6.97696958172163,False
5,VANGUARD 1,2026-09-28T21:21:00Z,13.974850613473107,-174.9875229406148,1982.3870955843552,16.780671706480934,-50.96426295675116,12300.262210029347,1.0466624649756635,7.007890224631868,False
5,VANGUARD 1,2026-09-28T21:21:30Z,13.221841371067406,-173.8680929330197,1944.2163788493308,15.764103725111593,-51.60249248401064,12331.271850338102,1.0205155623280353,7.038973780774699,False
5,VANGUARD 1,2026-09-28T21:22:00Z,12.455763420009383,-172.74495721480406,1906.0504964495105,14.723568504321246,-52.239115221208685,12361.48372280106,0.9934940766400775,7.070203144326064,False
5,VANGUARD 1,2026-09-28T21:22:30Z,11.676758799932557,-171.6177163881418,1867.9138751994362,13.65767647993516,-52.873789024701225,12390.871307541029,0.9655798659969466,7.101560335554184,False
5,VANGUARD 1,2026-09-28T21:23:00Z,10.88498486246568,-170.48595184819118,1829.831599386043,12.564965882994668,-53.50614538591885,12419.407543593832,0.9367550771400638,7.133026474955992,False
5,VANGUARD 1,2026-09-28T21:23:30Z,10.080615463042053,-169.34922541989303,1791.8294100410346,11.443900181060824,-54.13578730072792,12447.064838790851,0.9070022279514035,7.164581758575537,False
5,VANGUARD 1,2026-09-28T21:24:00Z,9.263842223774919,-168.20707898067866,1753.9337022524235,10.292865875983665,-54.76228699418336,12473.815082220384,0.8763042958225649,7.196205434784434,False
5,VANGUARD 1,2026-09-28T21:24:30Z,8.434875868297196,-167.05903407136358,1716.1715203429333,9.110170793595728,-55.38518349855092,12499.62965944821,0.8446448120116428,7.227875782822208,False
5,VANGUARD 1,2026-09-28T21:25:00Z,7.5939476291204,-165.90459149856434,1678.570550739066,7.894043030863299,-56.00398008505475,12524.479470677068,0.81200796206044,7.259570093416742,False
5,VANGUARD 1,2026-09-28T21:25:30Z,6.741310727536762,-164.74323093234113,1641.1591123459987,6.642630760066928,-56.6181415534091,12548.334952031968,0.7783786922837382,7.2912646518317885,False
5,VANGUARD 1,2026-09-28T21:26:00Z,5.877241925617688,-163.57441050411327,1603.9661442426684,5.3540031296922965,-57.22709138773459,12571.166100154003,0.7437428222991082,7.322934723709702,False
5,VANGUARD 1,2026-09-28T21:26:30Z,5.002043149388998,-162.39756641085984,1567.0211905146598,4.026152546564819,-57.83020879331696,12592.942500282315,0.7080871635000761,7.35455454409494,False
5,VANGUARD 1,2026-09-28T21:27:00Z,4.116043181369793,-161.2121125326575,1530.354382033072,2.6569986736760955,-58.42682563632737,12613.633358005063,0.6713996433000637,7.386097310052288,False
5,VANGUARD 1,2026-09-28T21:27:30Z,3.219599420160921,-160.0174400724202,1493.9964150008448,1.2443945332689599,-59.016223317822124,12633.207534846595,0.6336694349084033,7.417535177302271,False
5,VANGUARD 1,2026-09-28T21:28:00Z,2.3130997037053844,-158.81291722783047,1457.9785260841234,359.78613516218513,-59.597629625053465,12651.633587855382,0.5948870923002577,7.448839261318788,False
5,VANGUARD 1,2026-09-28T21:28:30Z,1.396964191966575,-157.5978889076059,1422.3324639568336,358.27996932598177,-60.17021561709678,12668.87981334195,0.5550446899587544,7.479979643342653,False
5,VANGUARD 1,2026-09-28T21:29:00Z,0.47164730366021806,-156.37167650599454,1387.0904570955952,356.72361485488125,-60.733092618613206,12684.914294902324,0.5141359668581145,7.510925381773133,False
5,VANGUARD 1,2026-09-28T21:29:30Z,-0.462360299528067,-155.1335777519295,1352.285177675157,355.11477821468173,-61.28530941529426,12699.70495584417,0.4721564740560291,7.5416445294024514,False
5,VANGUARD 1,2026-09-28T21:30:00Z,-1.404529689254938,-153.88286665141456,1317.9497014268536,353.45117896099464,-61.82584976732411,12713.219616112608,0.42910372513636824,7.572104156958327,False
5,VANGUARD 1,2026-09-28T21:30:30Z,-2.3542916168027017,-152.61879354491944,1284.1174633449848,351.7305797381991,-62.35363038272196,12725.426053786081,0.3849773486349846,7.602270383407942,False
5,VANGUARD 1,2026-09-28T21:31:00Z,-3.311034440540618,-151.34058530434743,1250.822209145119,349.95082246169187,-62.86749952041773,12736.292071184922,0.33977924144701205,7.632108413463602,False
5,VANGUARD 1,2026-09-28T21:31:30Z,-4.274102047555982,-150.04744569771577,1218.0979424070263,348.1098712504332,-63.36623642224613,12745.785565601716,0.2935137220925532,7.661582582703957,False
5,VANGUARD 1,2026-09-28T21:32:00Z,-5.242791784654674,-148.73855595325642,1185.9788673588614,346.2058625386319,-63.84855180242758,12753.874604627812,0.24618768258515195,7.690656410697124,False
5,VANGUARD 1,2026-09-28T21:32:30Z,-6.216352415989282,-147.413075558784,1154.4993272993818,344.23716257315766,-64.31308964994129,12760.52750600737,0.19781073752756492,7.719292662463908,False
5,VANGUARD 1,2026-09-28T21:33:00Z,-7.193982127259907,-146.07014333629192,1123.6937386842399,342.2024321779544,-64.7584306208085,12765.712921909053,0.1483953689324058,7.747453418574294,False
5,VANGUARD 1,2026-09-28T21:33:30Z,-8.174826599031672,-144.70887883626273,1093.5965209462383,340.10069822379626,-65.1830973092075,12769.399927455823,0.097957065153712,7.775100154104837,False
5,VANGUARD 1,2026-09-28T21:34:00Z,-9.157977174661614,-143.32838410087317,1064.2420221625416,337.93143067251594,-65.58556168385242,12771.558113303425,0.04651445221451816,7.802193826612348,False
5,VANGUARD 1,2026-09-28T21:34:30Z,-10.142469151588186,-141.92774584992512,1035.6644407255305,335.6946233728041,-65.96425495350641,12772.157682004863,-0.005910584274965547,7.828694973197932,False
5,VANGUARD 1,2026-09-28T21:35:00Z,-11.127280228141801,-140.5060381478686,1007.8977432241029,333.3908759915339,-66.31758007691995,12771.16954784136,-0.059292788486509096,7.854563816640571,False
5,VANGUARD 1,2026-09-28T21:35:30Z,-12.111329141735272,-139.0623256147986,980.9755787918787,331.0214736163018,-66.64392705271159,12768.565439743821,-0.11360343695280802,7.879760380476441,False
5,VANGUARD 1,2026-09-28T21:36:00Z,-13.093474538131284,-137.59566724806268,954.931190232886,328.5884597348803,-66.94169100992016,12764.318006868973,-0.16881025630392826,7.904244612785026,False
5,VANGUARD 1,2026-09-28T21:36:30Z,-14.072514115756135,-136.10512092422417,929.7973222830275,326.09469758941015,-67.20929296965603,12758.400926337996,-0.22487735810472087,7.927976518326121,False
5,VANGUARD 1,2026-09-28T21:37:00Z,-15.047184093081139,-134.58974865303236,905.6061274240188,323.54391444516125,-67.44520296577706,12750.78901258522,-0.2817651926954454,7.950916298538571,False
5,VANGUARD 1,2026-09-28T21:37:30Z,-16.01615905160125,-133.04862265538114,882.3890697128496,320.940723244456,-67.64796500754704,12741.458327710898,-0.3394305238662281,7.9730244987824666,False
5,VANGUARD 1,2026-09-28T21:38:00Z,-16.97805221110205,-131.48083233546882,860.1768271435668,318.2906165648529,-67.81622315497779,12730.386292178553,-0.3978264260804192,7.994262162066661,False
5,VANGUARD 1,2026-09-28T21:38:30Z,-17.93141619817132,-129.88549221273647,838.9991931016431,315.59992885583523,-67.94874777972333,12717.551795149138,-0.45690230581432234,8.014590988369296,False
5,VANGUARD 1,2026-09-28T21:39:00Z,-18.874744372695158,-128.26175087119685,818.8849775148849,312.87576460934775,-68.04446092624713,12702.935303701068,-0.5166039483876743,8.033973498523336,False
5,VANGUARD 1,2026-09-28T21:39:30Z,-19.806472780234678,-126.60880097172932,799.8619083442153,310.12589234889447,-68.10245959576007,12686.51897014953,-0.5768735914220613,8.052373201507406,False
5,VANGUARD 1,2026-09-28T21:40:00Z,-20.724982800650295,-124.92589035575334,781.9565340874012,307.358606913837,-68.12203577158431,12668.286736650838,-0.637650025795274,8.069754763862877,False
5,VANGUARD 1,2026-09-28T21:40:30Z,-21.628604564506524,-123.2123342457154,765.1941279935742,304.5825651890372,-68.10269210276367,12648.224436255052,-0.6988687246543053,8.086084179847516,False
5,VANGUARD 1,2026-09-28T21:41:00Z,-22.515621208256142,-121.46752851884416,749.5985947052761,301.8066028458508,-68.04415236412234,12626.319889565377,-0.7604620006979368,8.10132894083893,False
5,VANGUARD 1,2026-09-28T21:41:30Z,-23.384274036738216,-119.69096399405174,735.1923800510788,299.03954147725625,-67.94636610168644,12602.562996159986,-0.8223591915781048,8.115458202425277,False
5,VANGUARD 1,2026-09-28T21:42:00Z,-24.23276865630878,-117.88224162844018,721.9963847120048,296.2899964563558,-67.80950722482838,12576.94581994861,-0.8844868728698144,8.128442947562764,False
5,VANGUARD 1,2026-09-28T21:42:30Z,-25.059282133578815,-116.0410884687395,710.0298824744019,293.56619577520945,-67.6339666827325,12549.46266765711,-0.9467690976564764,8.140256144146363,False
5,VANGUARD 1,2026-09-28T21:43:00Z,-25.861971222700628,-114.1673741454671,699.3104437607373,290.8758190421887,-67.42033972135458,12520.110159675256,-1.0091276613593911,8.150872895333437,False
5,VANGUARD 1,2026-09-28T21:43:30Z,-26.638981687747957,-112.26112763417716,689.8538651002168,288.2258638974261,-67.16940851933295,12488.887292548607,-1.0714823900290964,8.160270580978567,False
5,VANGUARD 1,2026-09-28T21:44:00Z,-27.38845872583913,-110.32255394118735,681.6741051595492,285.62254463365855,-66.88212121872968,12455.79549245905,-1.133751449918233,8.168428988588138,False
5,VANGUARD 1,2026-09-28T21:44:30Z,-28.108558470608187,-108.35205030341368,674.7832279055464,283.0712251280801,-66.55956848365835,12420.838659110424,-1.1958516757729774,8.175330432279083,False
5,VANGUARD 1,2026-09-28T21:45:00Z,-28.79746052490156,-106.35022142690696,669.1913534107154,280.5763856338941,-66.20295873632136,12384.02319951954,-1.2576989149394227,8.18095985833432,False
5,VANGUARD 1,2026-09-28T21:45:30Z,-29.45338143593281,-104.31789323128837,664.906616747531,278.14162081849776,-65.81359314771315,12345.35805130295,-1.3192083840731519,8.18530493607955,False
5,VANGUARD 1,2026-09-28T21:46:00Z,-30.074588986588623,-102.2561245232275,661.9351353428464,275.76966483899173,-65.39284132045886,12304.854695159423,-1.3802950349742227,8.188356132965344,False
5,VANGUARD 1,2026-09-28T21:46:30Z,-30.6594171345067,-100.16621599562272,660.2809850824799,273.4624382765024,-64.94211841855599,12262.527156337736,-1.440873925895657,8.190106772922267,False
5,VANGUARD 1,2026-09-28T21:47:00Z,-31.206281386798583,-98.04971594921342,659.9461853737317,271.22111138180816,-64.4628642986048,12218.391995008451,-1.5008605945096771,8.190553077255796,False
5,VANGUARD 1,2026-09-28T21:47:30Z,-31.713694355938685,-95.90842216223038,660.9306932845317,269.04617821545605,-63.956524999998514,12172.46828556463,-1.5601714286603847,8.189694187566175,False
5,VANGUARD 1,2026-09-28T21:48:00Z,-32.180281203396284,-93.74437939724524,663.2324067890029,266.9375367663367,-63.42453677348976,12124.77758498681,-1.6187240310363489,8.187532170405971,False
5,VANGUARD 1,2026-09-28T21:48:30Z,-32.60479464496521,-91.55987213497802,666.847177060395,264.89457086485106,-62.86831267835465,12075.343890526214,-1.6764375739627906,8.184072003621546,False
5,VANGUARD 1,2026-09-28T21:49:00Z,-32.986129168447576,-89.35741226166111,671.7688296638655,262.9162305449145,-62.28923166217733,12024.193587071155,-1.7332331406496673,8.179321544560205,False
5,VANGUARD 1,2026-09-28T21:49:30Z,-33.32333410338241,-87.13972160567528,677.9891944174443,261.0011083531119,-61.68862995394903,11971.355384657241,-1.7890340494532428,8.173291480555212,False
5,VANGUARD 1,2026-09-28T21:50:00Z,-33.61562518579906,-84.90970941482932,685.4981436094484,259.1475098846685,-61.067794547904725,11916.860246677716,-1.8437661579706213,8.165995262322381,False
5,VANGUARD 1,2026-09-28T21:50:30Z,-33.86239428040987,-82.67044507803264,694.2836381829005,257.35351750247463,-60.42795852780974,11860.741309465715,-1.8973581440871183,8.15744902111319,False
5,VANGUARD 1,2026-09-28T21:51:00Z,-34.06321695913539,-80.42512660719446,704.3317814348492,255.6170467452516,-59.770297972646325,11803.03379394051,-1.9497417615151178,8.147671470654572,False
5,VANGUARD 1,2026-09-28T21:51:30Z,-34.21785768689845,-78.17704560041811,715.6268797116194,253.93589535908103,-59.09593019186885,11743.774910142556,-2.0008520677062167,8.136683795081273,False
5,VANGUARD 1,2026-09-28T21:52:00Z,-34.32627243246522,-75.92954958130248,728.1515095349251,252.30778519457553,-58.405913054148954,11683.003755477832,-2.050627622499839,8.124509524205129,False
5,VANGUARD 1,2026-09-28T21:52:30Z,-34.388608599700596,-73.6860027462677,741.8865905460653,250.73039742288634,-57.70124519638224,11620.761207574948,-2.0990106562819206,8.111174397588869,False
5,VANGUARD 1,2026-09-28T21:53:00Z,-34.405202259447776,-71.44974623482595,756.81146362458,249.2014016507087,-56.98286692476864,11557.08981265908,-2.1459472069001606,8.096706218978536,False
5,VANGUARD 1,2026-09-28T21:53:30Z,-34.376572749164616,-69.22405906355625,772.9039735126496,247.71847957877748,-56.251661645931954,11492.033670372773,-2.1913872250203976,8.08113470271102,False
5,VANGUARD 1,2026-09-28T21:54:00Z,-34.30341479154359,-67.01212082929176,790.140555260724,246.2793438651457,-55.50845769124415,11425.638315976898,-2.2352846480399235,8.064491313746021,False
5,VANGUARD 1,2026-09-28T21:54:30Z,-34.1865883596869,-64.81697719374705,808.4963238051674,244.88175283798927,-54.75403042079869,11357.950600847176,-2.2775974430874264,8.04680910297528,False
5,VANGUARD 1,2026-09-28T21:55:00Z,-34.02710658077723,-62.64150901903718,827.9451659910064,243.52352166468376,-53.98910451452592,11289.018572166742,-2.318287620014818,8.028122539440353,False
5,VANGUARD 1,2026-09-28T21:55:30Z,-33.82612201938774,-60.48840584212939,848.4598343630543,242.202530532768,-53.21435637631117,11218.891352680383,-2.3573212156286973,8.008467341044648,False
5,VANGUARD 1,2026-09-28T21:56:00Z,-33.58491171361489,-58.360144170575836,870.0120420692176,240.91673034091295,-52.43041659270897,11147.619021331882,-2.394668250713395,7.987880305274895,False
5,VANGUARD 1,2026-09-28T21:56:30Z,-33.30486135154438,-56.25897086740404,892.5725582412424,239.6641463391196,-51.63787240127304,11075.25249556715,-2.430302661647073,7.9663991413634045,False
5,VANGUARD 1,2026-09-28T21:57:00Z,-32.98744897272823,-54.18689168288248,916.1113032530955,238.4428800994294,-50.83727013438136,11001.843416012027,-2.4642022086309763,7.944062305215307,False
5,VANGUARD 1,2026-09-28T21:57:30Z,-32.63422856124574,-52.145664799420324,940.5974432905597,237.25111014464454,-50.02911761363306,10927.444034188467,-2.496348362707197,7.92090883831082,False
5,VANGUARD 1,2026-09-28T21:58:00Z,-32.24681386609206,-50.13679909116785,965.9994837036907,236.08709151304765,-49.21388647718887,10852.107103864664,-2.5267261738567046,7.89697821166908,False
5,VANGUARD 1,2026-09-28T21:58:30Z,-31.826862744058257,-48.16155666854903,992.2853606628578,234.94915449263613,-48.39201442808374,10775.885776552492,-2.555324122547526,7.8723101758219185,False
5,VANGUARD 1,2026-09-28T21:59:00Z,-31.37606227353109,-46.22095918422103,1019.4225306766742,233.83570271977638,-47.56390739636802,10698.83350161769,-2.582133957121998,7.846944617618172,False
5,VANGUARD 1,2026-09-28T21:59:30Z,-30.89611483756291,-44.31579731857691,1047.3780575826806,232.74521080304388,-46.729941611297455,10621.003931380545,-2.607150519410313,7.820921424537465,False
5,VANGUARD 1,2026-09-28T22:00:00Z,-30.38872532431843,-42.44664283912545,1076.1186966660302,231.67622160411418,-45.8904655826244,10542.45083152575,-2.6303715609098144,7.794280357061474,False
5,VANGUARD 1,2026-09-28T22:00:30Z,-29.855589544826795,-40.61386263319457,1105.6109756091687,230.62734328271685,-45.045801992040396,10463.227997066735,-2.651797551795778,7.767060929520432,False
5,VANGUARD 1,2026-09-28T22:01:00Z,-29.298383923700026,-38.81763414265514,1135.8212720236659,229.5972461919263,-44.196249497353115,10383.389174049526,-2.671431484930883,7.739302299707501,False
5,VANGUARD 1,2026-09-28T22:01:30Z,-28.718756479520813,-37.05796167617276,1166.715887356707,228.5846596924615,-43.342084453074435,10302.98798711578,-2.6892786769172092,7.711043167441378,False
5,VANGUARD 1,2026-09-28T22:02:00Z,-28.11831907841168,-35.33469313355724,1198.2611170135954,227.588368940262,-42.483562551812014,10222.077872987902,-2.705346568101402,7.682321682145174,False
5,VANGUARD 1,2026-09-28T22:02:30Z,-27.498640917488085,-33.647536742405144,1230.4233165738415,226.60721168950909,-41.620920391396105,10140.712019884313,-2.719644523291402,7.653175359416977,False
5,VANGUARD 1,2026-09-28T22:03:00Z,-26.861243173999064,-31.996077475243702,1263.1689640212487,225.6400751435262,-40.754376972948734,10058.94331282456,-2.73218363478976,7.623641006476436,False
5,VANGUARD 1,2026-09-28T22:03:30Z,-26.2075947408893,-30.3797928818762,1296.4647179406954,224.68589287788055,-39.8841351352919,9976.824284738606,-2.7429765291859862,7.593754656298407,False
5,VANGUARD 1,2026-09-28T22:04:00Z,-25.53910895937498,-28.79806813409764,1330.2774716723357,223.74364185352115,-39.010382931063084,9894.407073249153,-2.7520371791922855,7.563551510174083,False
5,VANGUARD 1,2026-09-28T22:04:30Z,-24.85714125359231,-27.25021013680998,1364.5744034384609,222.8123395326519,-38.13329495000146,9811.74338297027,-2.7593807216464583,7.533065888389267,False
5,VANGUARD 1,2026-09-28T22:05:00Z,-24.162987570297176,-25.735460609130254,1399.3230224906763,221.89104110576795,-37.253033594657495,9728.88445312296,-2.7650232826548966,7.502331188658677,False
5,VANGUARD 1,2026-09-28T22:05:30Z,-23.45788352766646,-24.253008081684385,1434.4912113440698,220.97883683508056,-36.36975031377242,9645.881030250877,-2.768981810700611,7.471379851923433,False
5,VANGUARD 1,2026-09-28T22:06:00Z,-22.743004180392372,-22.801998791264086,1470.0472641908839,220.07484951692885,-35.483586798324694,9562.78334578745,-2.771273918405612,7.440243335086665,False
5,VANGUARD 1,2026-09-28T22:06:30Z,-22.019464313234057,-21.38154648236936,1505.959921600849,219.17823206390352,-34.594676145169686,9479.641098215145,-2.771917733508857,7.408952090246281,False
5,VANGUARD 1,2026-09-28T22:07:00Z,-21.28831918122176,-19.990741146876573,1542.1984016309916,218.28816520582285,-33.703143992996495,9396.503439536858,-2.7709317595035468,7.377535549971259,False
5,VANGUARD 1,2026-09-28T22:07:30Z,-20.55056562139595,-18.628656749427805,1578.7324274825285,217.40385530772738,-32.80910963514509,9313.41896576909,-2.7683347462741676,7.346022118160664,False
5,VANGUARD 1,2026-09-28T22:08:00Z,-19.80714346809611,-17.2943579974539,1615.5322518497314,216.5245323021898,-31.91268711367764,9230.435711156175,-2.7641455709773437,7.314439166027592,False
5,VANGUARD 1,2026-09-28T22:08:30Z,-19.058937210913424,-15.986906222273575,1652.5686781148424,215.64944773289042,-31.013986298938633,9147.601145802315,-2.7583831293304875,7.2828130327543095,False
5,VANGUARD 1,2026-09-28T22:09:00Z,-18.30677784137692,-14.705364441537263,1689.8130785500878,214.77787290592488,-30.113113958593015,9064.96217640435,-2.7510662373982004,7.251169030373935,False
5,VANGUARD 1,2026-09-28T22:09:30Z,-17.55144484121039,-13.448801675096668,1727.2374096864328,213.90909714550347,-29.21017482012496,8982.56514978367,-2.7422135439087496,7.219531452451399,False
5,VANGUARD 1,2026-09-28T22:10:00Z,-16.793668271110548,-12.21629658533744,1764.8142250180385,213.0424261504013,-28.305272630386487,8900.455858892692,-2.7318434530789717,7.187923586146657,False
5,VANGUARD 1,2026-09-28T22:10:30Z,-16.034130924880166,-11.006940511178128,1802.5166852067082,212.177180447887,-27.398511215750986,8818.679550987024,-2.7199740578858203,7.156367727266167,False
5,VANGUARD 1,2026-09-28T22:11:00Z,-15.27347051904144,-9.819839961750628,1840.3185659487453,211.31269394212913,-26.4899955462608,8737.28093765863,-2.7066230836906855,7.1248851979295535,False
5,VANGUARD 1,2026-09-28T22:11:30Z,-14.512281892686387,-8.654118631558411,1878.1942636703213,210.44831255419982,-25.57983280679662,8656.304206412364,-2.6918078420938127,7.093496366495266,False
5,VANGUARD 1,2026-09-28T22:12:00Z,-13.751119196707949,-7.508918994826222,1916.1187992071334,209.58339295142665,-24.66813347827074,8575.793033490623,-2.6755451948799163,7.062220669417247,False
5,VANGUARD 1,2026-09-28T22:12:30Z,-12.990498055224169,-6.383403531926352,1954.067819624169,208.71730136413166,-23.755012431497807,8495.790597643681,-2.657851527900122,7.031076634724192,False
5,VANGUARD 1,2026-09-28T22:13:00Z,-12.230897685238093,-5.276755636050044,1992.0175983292963,207.84941248825695,-22.840590036073394,8416.339594543093,-2.638742734724535,7.000081906833388,False
5,VANGUARD 1,2026-09-28T22:13:30Z,-11.472762963627826,-4.188180244004139,2029.9450336197708,206.97910847315632,-21.92499328653388,8337.482251561278,-2.6182342098983002,6.969253272441707,False
5,VANGUARD 1,2026-09-28T22:14:00Z,-10.716506432842865,-3.116904230217104,2067.82764580423,206.105777994106,-21.008356947502453,8259.260342622782,-2.59634085162431,6.938606687250613,False
5,VANGUARD 1,2026-09-28T22:14:30Z,-9.962510238837599,-2.062176598972747,2105.6435730346166,205.22881540979526,-20.090824719219203,8181.715202844008,-2.5730770736942294,6.908157303305309,False
5,VANGUARD 1,2026-09-28T22:15:00Z,-9.211127996704263,-1.023268506146,2143.371565969766,204.34762000583683,-19.172550424597503,8104.887742696705,-2.5484568264905216,6.877919496754022,False
5,VANGUARD 1,2026-09-28T22:15:30Z,-8.462686580777751,0.0005268622067658514,2180.990981396171,203.46159532576286,-18.25369921823223,8028.818461413909,-2.522493626872698,6.847906895844804,False
5,VANGUARD 1,2026-09-28T22:16:00Z,-7.717487837485713,1.0098945301176807,2218.481774913516,202.57014859184778,-17.334448817529747,7953.547459384216,-2.495200596760588,6.818132409005155,False
5,VANGUARD 1,2026-09-28T22:16:30Z,-6.975810220059266,2.005498069723954,2255.824492796699,201.67269021872002,-16.414990755311614,7879.114449267778,-2.4665905102160406,6.788608252858815,False
5,VANGUARD 1,2026-09-28T22:17:00Z,-6.237910345236339,2.98798001861372,2293.0002631319844,200.7686334234349,-15.495531652739754,7805.558765583743,-2.436675848812579,6.759345980056664,False
5,VANGUARD 1,2026-09-28T22:17:30Z,-5.504024472767532,3.957962360397292,2329.990786320082,199.85739393658727,-14.576294510681754,7732.919372526816,-2.405468865069749,6.730356506813008,False
5,VANGUARD 1,2026-09-28T22:18:00Z,-4.774369909044667,4.916047054778202,2366.7783250351213,198.93838981960246,-13.657520016739651,7661.234869768671,-2.372981653701572,6.701650140050582,False
5,VANGUARD 1,2026-09-28T22:18:30Z,-4.049146336669754,5.862816605181117,2403.345693720086,198.01104139426772,-12.739467864352301,7590.54349601505,-2.3392262304044213,6.6732366040730025,False
5,VANGUARD 1,2026-09-28T22:19:00Z,-3.3285370721165846,6.798834653781671,2439.676247693694,197.07477129125434,-11.82241807938388,7520.883130095427,-2.3042146178728506,6.645125066695028,False
5,VANGUARD 1,2026-09-28T22:19:30Z,-2.6127102539366036,7.724646595160406,2475.7538719359104,196.12900462528253,-10.9066723486095,7452.291289377582,-2.267958938694209,6.6173241647738195,False
5,VANGUARD 1,2026-09-28T22:20:00Z,-1.901819964001602,8.640780201403157,2511.5629696213123,195.1731693050259,-9.992555343153468,7384.805125294562,-2.2304715147133285,6.589842029088709,False
5,VANGUARD 1,2026-09-28T22:20:30Z,-1.1960072846488154,9.547746252216825,2547.0884504517167,194.20669648697265,-9.080416029018707,7318.461415810183,-2.191764972415704,6.562686308535896,False
5,VANGUARD 1,2026-09-28T22:21:00Z,-0.49540129439305264,10.4460391650258,2582.3157188485393,193.2290211827072,-8.170628955155777,7253.296554636259,-2.15185235379753,6.535864193601871,False
5,VANGUARD 1,2026-09-28T22:21:30Z,0.19987999483709742,11.33613762060843,2617.230662047717,192.23958302991326,-7.26359550843086,7189.346537055544,-2.110747232128791,6.509382439096942,False
5,VANGUARD 1,2026-09-28T22:22:00Z,0.8897287562086046,12.218505180744353,2651.819638146953,191.23782723771484,-6.359745123094433,7126.646942204036,-2.0684638319275948,6.483247386127869,False
5,VANGUARD 1,2026-09-28T22:22:30Z,1.5740465193282358,13.093590894870202,2686.069464140593,190.22320571740494,-5.459536431058381,7065.2329117048985,-2.0250171523831004,6.457464983302664,False
5,VANGUARD 1,2026-09-28T22:23:00Z,2.252743391744962,13.961829893450764,2719.9674039828024,189.1951784096031,-4.5634583374758195,7005.139124554874,-1.9804230933634543,6.432040807158594,False
5,VANGUARD 1,2026-09-28T22:23:30Z,2.9257373278239576,14.82364396607623,2753.501156707332,188.15321481899971,-3.672031004737127,6946.3997682066,-1.9346985830561922,6.406980081815623,False
5,VANGUARD 1,2026-09-28T22:24:00Z,3.592953442454277,15.679442122821774,2786.658844637225,187.09679576739254,-2.7858067261847252,6889.048505806067,-1.8878617061813503,6.382287697855263,False
5,VANGUARD 1,2026-09-28T22:24:30Z,4.254323366986016,16.529621137745284,2819.429001706956,186.02541537505363,-1.9053706694780137,6833.118439589567,-1.8399318316182212,6.357968230433889,False
5,VANGUARD 1,2026-09-28T22:25:00Z,4.909784645012172,17.3745660735858,2851.800561922792,184.93858327959867,-1.0313414679196744,6778.6420704725115,-1.7909297381891525,6.334025956638131,False
5,VANGUARD 1,2026-09-28T22:25:30Z,5.559280165597016,18.214650787121997,2883.762847978526,183.83582709986865,-0.16437163682861974,6725.6512539085925,-1.7408777372434725,6.3104648720965,False
5,VANGUARD 1,2026-09-28T22:26:00Z,6.202757631779281,19.05023841470971,2915.3055600478083,182.7166951505873,0.6948522092789686,6674.177152132221,-1.6897997905994875,6.287288706859281,True
5,VANGUARD 1,2026-09-28T22:26:30Z,6.840169062178327,19.88168183780448,2946.4187647661297,181.58075941088657,1.545609363759326,6624.250182948226,-1.6377216223209017,6.264500940564182,True
5,VANGUARD 1,2026-09-28T22:27:00Z,7.47147032367916,20.70932412833992,2977.092884416224,180.42761874676867,2.387145284916487,6575.899965277308,-1.58467082274154,6.242104816905261,True
5,VANGUARD 1,2026-09-28T22:27:30Z,8.096620693295694,21.533498973945076,3007.3186863289584,179.25690238377396,3.2186721291424982,6529.155261712257,-1.5306769431047582,6.220103357423096,True
5,VANGUARD 1,2026-09-28T22:28:00Z,8.715582447370176,22.354531083167753,3037.0872725082763,178.0682736214631,4.039369585962449,6484.043918392757,-1.4757715791542385,6.198499374636751,True
5,VANGUARD 1,2026-09-28T22:28:30Z,9.328320476399819,23.17273657076976,3066.39006948858,176.8614337762806,4.84838604017971,6440.592802554372,-1.4199884420186835,6.177295484537598,True
5,VANGUARD 1,2026-09-28T22:29:00Z,9.934801923886459,23.988423323461856,3095.2188184316637,175.63612633295594,5.644840085045297,6398.827738156259,-1.363363414747648,6.156494118465375,True
5,VANGUARD 1,2026-09-28T22:29:30Z,10.53499584764571,24.8018913461857,3123.5655654666016,174.39214127821464,6.427822408349602,6358.77344004455,-1.3059345929290882,6.136097534389068,True
5,VANGUARD 1,2026-09-28T22:30:00Z,11.128872902195168,25.613433089412514,3151.422652278795,173.12931958255103,7.196398070750124,6320.453447147939,-1.247742307892172,6.116107827612239,True
5,VANGUARD 1,2026-09-28T22:30:30Z,11.71640504082556,26.423333757633934,3178.782706948695,171.8475577881067,7.949609192012707,6283.890055252097,-1.1888291311433252,6.096526940926075,True
5,VANGUARD 1,2026-09-28T22:31:00Z,12.297565236127618,27.231871599472324,3205.6386350434777,170.54681265167113,8.68647805658659,6249.104249932395,-1.1292398588327084,6.077356674230437,True
5,VANGUARD 1,2026-09-28T22:31:30Z,12.872327217793956,28.039318179721732,3231.9836109624407,169.2271057830074,9.406010644648427,6216.1156402597735,-1.0690214752543092,6.058598693644279,True
5,VANGUARD 1,2026-09-28T22:32:00Z,13.44066522659527,28.84593863369202,3257.811069536298,167.88852820953446,10.107200588612333,6184.942393921509,-1.0082230946143358,6.0402545401264325,True
5,VANGUARD 1,2026-09-28T22:32:30Z,14.002553783481442,29.651991904135514,3283.1146978786146,166.53124478968016,10.789033548080203,6155.601174418201,-0.9468958805753289,6.022325637628247,True
5,VANGUARD 1,2026-09-28T22:33:00Z,14.557967472922376,30.45773096119092,3307.888427491549,165.15549838866286,11.450491988512464,6128.10708100426,-0.8850929433686805,6.0048133007960285,True
5,VANGUARD 1,2026-09-28T22:33:30Z,15.106880739508618,31.26340300554723,3332.1264266197613,163.76161372352223,12.090560340178792,6102.473592049242,-0.8228692146063465,5.9877187422462415,True
5,VANGUARD 1,2026-09-28T22:34:00Z,15.649267697076297,32.06924965528108,3355.8230928543426,162.35000077790946,12.708230505082001,6078.7125124794375,-0.7602813002427075,5.971043079429927,True
5,VANGUARD 1,2026-09-28T22:34:30Z,16.18510194954757,32.87550711653833,3378.97304598201,160.92115768362783,13.302507669934705,6056.833925945768,-0.6973873125070543,5.954787341106818,True
5,VANGUARD 1,2026-09-28T22:35:00Z,16.714356422811505,33.68240633847194,3401.571121077682,159.47567296394882,13.872416373716176,6036.846152333166,-0.6342466819661171,5.938952473446512,True
5,VANGUARD 1,2026-09-28T22:35:30Z,17.237003206993343,34.490173152610126,3423.612361837201,158.01422703539063,14.417006768853605,6018.755711184719,-0.5709199512379421,5.923539345774711,True
5,VANGUARD 1,2026-09-28T22:36:00Z,17.75301340851548,35.299028397031485,3445.0920141462207,156.53759286890403,14.93536100598624,6002.5672915675,-0.507468552202377,5.9085487559817045,True
5,VANGUARD 1,2026-09-28T22:36:30Z,18.26235701141807,36.10918802545596,3466.005519882457,155.04663572000072,15.426599664112578,5988.283728840087,-0.443954568877407,5.893981435609388,True
5,VANGUARD 1,2026-09-28T22:37:00Z,18.765002747464074,36.920863201681534,3486.348510947886,153.54231184884813,15.889888140742544,5975.905988719852,-0.3804404883925302,5.8798380546321845,True
5,VANGUARD 1,2026-09-28T22:37:30Z,19.260917974521693,37.73426037939307,3506.1168035247656,152.0256661678694,16.324442911100398,5965.433158966872,-0.316988942752459,5.866119225948952,True
5,VANGUARD 1,2026-09-28T22:38:00Z,19.75006856291047,38.549581367758314,3525.3063925552397,150.49782877328147,16.729537561803404,5956.862448917677,-0.2536624442487003,5.852825509597973,True
5,VANGUARD 1,2026-09-28T22:38:30Z,20.232418789284527,39.36702338292622,3543.9134464375443,148.96001034047075,17.1045085027556,5950.189197016674,-0.1905231175354174,5.839957416710996,True
5,VANGUARD 1,2026-09-28T22:39:00Z,20.707931237733494,40.18677908563468,3561.934301935423,147.4134963886558,17.448760261947083,5945.406886399143,-0.12763243145693845,5.827515413219793,True
5,VANGUARD 1,2026-09-28T22:39:30Z,21.176566707864847,41.00903660524602,3579.3654592981416,145.859640447822,17.76177027132666,5942.507168487137,-0.0650509337246533,5.815499923326745,True
5,VANGUARD 1,2026-09-28T22:40:00Z,21.638284129554236,41.83397955026458,3596.203577584962,144.29985619015494,18.043093057991392,5941.479894466067,-0.002837991515278007,5.803911332753617,True
5,VANGUARD 1,2026-09-28T22:40:30Z,22.093040484203147,42.66178700577373,3612.4454701919485,142.73560861624665,18.292363763699733,5942.313154423876,0.05894845906577842,5.792749991778831,True
5,VANGUARD 1,2026-09-28T22:41:00Z,22.540790732274772,43.49263351778338,3628.0881005756146,141.16840441450475,18.50930092699239,5944.993323839218,0.12025215184820201,5.7820162180756185,True
5,VANGUARD 1,2026-09-28T22:41:30Z,22.981487747001793,44.32668906497385,3643.128578171238,139.5997816362939,18.693708475529647,5949.505117035546,0.1810187152224425,5.771710299360649,True
5,VANGUARD 1,2026-09-28T22:42:00Z,23.415082254081323,45.16411901783954,3657.5641544999153,138.0312988513667,18.845476891552327,5955.831647132705,0.24119588019555196,5.7618324958646605,True
5,VANGUARD 1,2026-09-28T22:42:30Z,23.8415227773107,46.00508408576448,3671.392219462514,136.4645239637825,18.964583529810106,5963.954491974967,0.3007336698756534,5.752383042633579,True
5,VANGUARD 1,2026-09-28T22:43:00Z,24.260755590072,46.84974025214196,3684.610297816279,134.9010228801588,19.051092084703757,5973.853765446048,0.35958456869145095,5.743362151669691,True
5,VANGUARD 1,2026-09-28T22:43:30Z,24.672724672597273,47.698238697941875,3697.2160458300036,133.3423482265337,19.10515122069075,5985.508193546651,0.41770367001827946,5.734770013921941,True
5,VANGUARD 1,2026-09-28T22:44:00Z,25.0773716750103,48.55072571406351,3709.2072481151995,131.79002830870067,19.12699239707144,5998.895194568838,0.4750488012452201,5.7266068011330535,True
5,VANGUARD 1,2026-09-28T22:44:30Z,25.47463588611727,49.40734260290447,3720.5818146294555,130.24555650301747,19.11692693407271,6013.990962683675,0.5315806256854314,5.718872667551518,True
5,VANGUARD 1,2026-09-28T22:45:00Z,25.864454207977396,50.26822556953023,3731.3377778494782,128.71038125110132,19.07534238153771,6030.770554239106,0.5872627210920639,5.711567751515411,True
5,VANGUARD 1,2026-09-28T22:45:30Z,26.246761136245155,51.133505602933084,3741.4732901098455,127.18589681291431,19.00269826363251,6049.207976069658,0.6420616348882056,5.704692176915452,True
5,VANGUARD 1,2026-09-28T22:46:00Z,26.6214887463572,52.00330834794308,3750.986621105635,125.67343490954781,18.899521282843907,6069.276275124661,0.6959469165489911,5.69824605454313,True
5,VANGUARD 1,2026-09-28T22:46:30Z,26.988566685593348,52.87775396831215,3759.8761555555698,124.17425736094692,18.766400073657863,6090.94762873816,0.7488911278642522,5.692229483330341,True
5,VANGUARD 1,2026-09-28T22:47:00Z,27.347922171096826,53.75695700169014,3768.1403910236486,122.68954979541657,18.603979600644834,6114.193434893879,0.8008698320820182,5.6866425514856935,True
5,VANGUARD 1,2026-09-28T22:47:30Z,27.69947999388326,54.64102620705013,3775.777935895927,121.2204164792388,18.412955297371195,6138.984401864522,0.8518615631492878,5.68148533753342,True
5,VANGUARD 1,2026-09-28T22:48:00Z,28.043162528972097,55.53006440551977,3782.787507511576,119.7678762858024,18.194067041464592,6165.290636655619,0.9018477764730907,5.676757911258755,True
5,VANGUARD 1,2026-09-28T22:48:30Z,28.37888975167757,56.42416831525551,3789.1679304450035,118.33285979737695,17.94809305793794,6193.0817317147275,0.95081278275513,5.6724603345649225,True
5,VANGUARD 1,2026-09-28T22:49:00Z,28.706579260159582,57.32342838141315,3794.9181349376063,116.91620750770039,17.675843837289193,6222.326849429932,0.9987436665785605,5.668592662245519,True
5,VANGUARD 1,2026-09-28T22:49:30Z,29.026146304307925,58.227928602045196,3800.0371554772537,115.51866907257313,17.37815614794008,6252.994803978432,1.045630191486607,5.6651549426760806,True
5,VANGUARD 1,2026-09-28T22:50:00Z,29.33750382106998,59.13774635119295,3804.524129524341,114.14090353736543,17.055887213933875,6285.054140156546,1.0914646933417862,5.6621472184277994,True
5,VANGUARD 1,2026-09-28T22:50:30Z,29.640562476207304,60.052952199911296,3808.378296381774,112.78348045717195,16.709909119783774,6318.473208849284,1.1362419637325654,5.659569526807303,True
5,VANGUARD 1,2026-09-28T22:51:00Z,29.93523071270852,60.973609737066546,3811.598996209926,111.44688181375194,16.341103494054522,6353.220238893256,1.1799591252118296,5.657421900323506,True
5,VANGUARD 1,2026-09-28T22:51:30Z,30.221414805707376,61.89977539042883,3814.1856691825783,110.1315046289697,15.950356513877733,6389.263405082019,1.2226155000363492,5.65570436708576,True
5,VANGUARD 1,2026-09-28T22:52:00Z,30.499018924095665,62.83149824999682,3816.1378547852173,108.83766416958566,15.538554262192234,6426.570892167326,1.264212474061164,5.654416951133794,True
5,VANGUARD 1,2026-09-28T22:52:30Z,30.767945198803062,63.76881989475252,3817.4551912540196,107.56559763953817,15.106578460476616,6465.110954723215,1.3047533573142849,5.653559672701603,True
5,VANGUARD 1,2026-09-28T22:53:00Z,31.02809379773051,64.71177422436965,3818.137415154963,106.31546825831562,14.655302590860103,6504.851972796892,1.3442432426789248,5.653132548416569,True
5,VANGUARD 1,2026-09-28T22:53:30Z,31.279363007340056,65.66038729748895,3818.1843611028835,105.0873696289132,14.185588413578083,6545.762503310397,1.3826888639962271,5.65313559143469,True
5,VANGUARD 1,2026-09-28T22:54:00Z,31.521649320840652,66.61467717813328,3817.595961620053,103.8813303056576,13.698282878750398,6587.811327210648,1.4200984547720765,5.653568811512588,True
5,VANGUARD 1,2026-09-28T22:54:30Z,31.754847532892956,67.57465379197677,3816.372247134418,102.69731847993059,13.194215425348006,6630.967492404206,1.4564816085462424,5.654432215016512,True
5,VANGUARD 1,2026-09-28T22:55:00Z,31.978850840746276,68.5403187942389,3814.513346117418,101.5352467104287,12.67419565514676,6675.200352541571,1.4918491418552706,5.65572580486839,True
5,VANGUARD 1,2026-09-28T22:55:30Z,32.193550951644106,69.5116654508942,3812.0194853619037,100.39497663378296,12.13901136539594,6720.479601738384,1.5262129605876755,5.657449580428532,True
5,VANGUARD 1,2026-09-28T22:56:00Z,32.398838196342155,70.4886785350408,3808.890990400464,99.27632360028794,11.589426920673759,6766.775305347343,1.5595859304127848,5.65960353731431,True
5,VANGUARD 1,2026-09-28T22:56:30Z,32.59460164852179,71.47133424018986,3805.128286064838,98.17906118849517,11.026181942092085,6814.057926909557,1.5919817518430324,5.662187667153755,True
5,VANGUARD 1,2026-09-28T22:57:00Z,32.780729249857124,72.45960011240072,3800.731897187144,97.10292556074094,10.449990290316826,6862.2983514386315,1.6234148403820194,5.6652019572729655,True
5,VANGUARD 1,2026-09-28T22:57:30Z,32.957107940405244,73.45343500269705,3795.702449444743,96.04761963006199,9.861539318259279,6911.467905175891,1.6539002120964377,5.668646390314855,True
5,VANGUARD 1,2026-09-28T22:58:00Z,33.12362379408036,74.45278904214476,3790.0406703479475,95.01281701516798,9.261489368353494,6961.538372016772,1.6834533748805893,5.672520943788779,True
5,VANGUARD 1,2026-09-28T22:58:30Z,33.28016215872511,75.45760364058172,3783.747390374391,93.99816576804514,8.650473490304515,7012.482006744733,1.712090225558527,5.676825589546821,True
5,VANGUARD 1,2026-09-28T22:59:00Z,33.42660780045046,76.46781151114088,3776.8235442497817,93.00329186318827,8.029097355019704,7064.271545275322,1.7398269529271169,5.681560293185447,True
5,VANGUARD 1,2026-09-28T22:59:30Z,33.562845051748226,77.48333672189291,3769.270172377533,92.02780244319725,7.3979393417433,7116.8802120777855,1.7666799467529226,5.686725013368773,True
5,VANGUARD 1,2026-09-28T23:00:00Z,33.68875796289249,78.50409477609382,3761.0884224190086,91.0712888193949,6.757550776380861,7170.281724954271,1.7926657126850603,5.692319701070274,True
