time,flux
0.000000000000000000e+00,-5.279096423048610376e-01
2.501250625312656170e-02,6.035569250102051225e-02
5.002501250625312340e-02,1.870623687791596879e-01
7.503751875937968163e-02,3.473926579846975393e-01
1.000500250125062468e-01,7.949515323645555132e-01
1.250625312656327981e-01,1.154259282823210109e-01
1.500750375187593633e-01,5.762717654258455724e-01
1.750875437718859284e-01,6.540341901594969309e-01
2.001000500250124936e-01,6.232594643423511327e-01
2.251125562781390588e-01,5.714181887569322882e-01
2.501250625312655962e-01,1.465336989074857321e+00
2.751375687843921614e-01,4.529769305607930230e-01
3.001500750375187265e-01,5.459918949811787270e-01
3.251625812906452917e-01,8.174246479730440385e-01
3.501750875437718569e-01,2.793218345951934412e-01
3.751875937968984220e-01,1.879539603351516597e-01
4.002001000500249872e-01,1.057556289854003184e+00
4.252126063031515524e-01,1.825096893427077038e+00
4.502251125562781175e-01,1.477346622390105058e+00
4.752376188094046827e-01,1.013546874404321008e+00
5.002501250625311924e-01,9.753689941782065498e-01
5.252626313156577575e-01,1.119916484757944808e+00
5.502751375687843227e-01,8.858643918960567021e-01
5.752876438219108879e-01,1.173436110205295257e+00
6.003001500750374531e-01,6.533605033146774321e-01
6.253126563281640182e-01,1.027695916986098856e+00
6.503251625812905834e-01,1.010318708158457035e+00
6.753376688344171486e-01,8.246539436728688166e-01
7.003501750875437137e-01,8.774556880558170846e-01
7.253626813406702789e-01,2.918148323555767587e-01
7.503751875937968441e-01,4.769860469396979274e-01
7.753876938469234092e-01,6.839702360655374180e-01
8.004002001000499744e-01,7.235078298897108517e-01
8.254127063531765396e-01,6.278637907958304343e-01
8.504252126063031048e-01,9.931867499718789460e-01
8.754377188594296699e-01,2.366002895439422993e-03
9.004502251125562351e-01,1.713033692883774162e-01
9.254627313656828003e-01,-1.050008349482177417e-01
9.504752376188093654e-01,3.398351970174665615e-01
9.754877438719359306e-01,6.965750964556126357e-02
1.000500250125062385e+00,-2.471684906755290678e-02
1.025512756378188950e+00,-3.167492447893474616e-01
1.050525262631315515e+00,-2.510906694184245058e-01
1.075537768884442080e+00,-2.406240249047118529e-01
1.100550275137568645e+00,-2.877610707615574914e-01
1.125562781390695211e+00,-6.562157174445826247e-01
1.150575287643821776e+00,-7.445126319117980618e-01
1.175587793896948341e+00,-9.029960584008391855e-01
1.200600300150074906e+00,-8.766825175512535928e-01
1.225612806403201471e+00,-3.648535623467454858e-01
1.250625312656328036e+00,-9.104004991530127988e-01
1.275637818909454602e+00,-4.320569796252701211e-01
1.300650325162581167e+00,-5.122085565608849311e-01
1.325662831415707732e+00,-6.518863449212035643e-01
1.350675337668834297e+00,-1.065270895147830243e+00
1.375687843921960862e+00,-1.037758746322677172e+00
1.400700350175087427e+00,-1.674570613631791272e+00
1.425712856428213993e+00,-1.257951272536193210e+00
1.450725362681340558e+00,-9.600457198948808557e-01
1.475737868934467123e+00,-1.301334632365646282e+00
1.500750375187593688e+00,-8.670353602470134424e-01
1.525762881440720253e+00,-1.279254597798138438e+00
1.550775387693846818e+00,-9.236393142418456437e-01
1.575787893946973384e+00,-1.116655358937679976e+00
1.600800400200099949e+00,-1.203921874291346894e+00
1.625812906453226514e+00,-9.803839939631102673e-01
1.650825412706353079e+00,-3.616915696703073002e-01
1.675837918959479644e+00,-2.752235845882349263e-01
1.700850425212606210e+00,-3.951853042876182220e-01
1.725862931465732775e+00,-3.951052061435949558e-01
1.750875437718859340e+00,-4.599608043838714355e-01
1.775887943971985905e+00,-6.580836338019259157e-01
1.800900450225112470e+00,5.541659615546594697e-01
1.825912956478239035e+00,-6.792672062942923805e-01
1.850925462731365601e+00,1.109579649692487568e-01
1.875937968984492166e+00,-8.241442692394318481e-02
1.900950475237618731e+00,-4.727634991197082054e-02
1.925962981490745296e+00,-1.883366141037643576e-02
1.950975487743871861e+00,2.314478424745158858e-01
1.975987993996998426e+00,1.824892232693786642e-02
2.001000500250124770e+00,5.011707301734465991e-01
2.026013006503251557e+00,6.892193897483682719e-01
2.051025512756377900e+00,1.011725161285257357e-01
2.076038019009504687e+00,1.802271439242587037e-01
2.101050525262631030e+00,6.690539898187433110e-01
2.126063031515757817e+00,2.919115107388300934e-01
2.151075537768884161e+00,4.021817341808364699e-01
2.176088044022010948e+00,8.048849240718868314e-01
2.201100550275137291e+00,9.727330227067340074e-01
2.226113056528264078e+00,1.414272021000527957e+00
2.251125562781390421e+00,1.094246252975604516e+00
2.276138069034517208e+00,1.213776140248595592e+00
2.301150575287643552e+00,1.112501019309785955e+00
2.326163081540770339e+00,1.079927179800053816e+00
2.351175587793896682e+00,6.673551654866792804e-01
2.376188094047023469e+00,1.565194175714441194e+00
2.401200600300149812e+00,6.086783140782877632e-01
2.426213106553276599e+00,7.980103687558519621e-01
2.451225612806402943e+00,1.054657677788565895e+00
2.476238119059529730e+00,1.247016730942845930e+00
2.501250625312656073e+00,7.536645835385047398e-01
2.526263131565782860e+00,9.716494884427108181e-01
2.551275637818909203e+00,4.188179788217601396e-01
2.576288144072035990e+00,2.290971480286013717e-01
2.601300650325162334e+00,5.960247519997483590e-01
2.626313156578289121e+00,5.455035568668480384e-01
2.651325662831415464e+00,4.307877353364947259e-01
2.676338169084542251e+00,7.340512742774816246e-01
2.701350675337668594e+00,7.765161543918401854e-01
2.726363181590795381e+00,4.327117046198193373e-01
2.751375687843921725e+00,2.527986329835434920e-01
2.776388194097048512e+00,7.345703880504800276e-02
2.801400700350174855e+00,-3.239868606670523454e-02
2.826413206603301642e+00,-2.574949710899094302e-01
2.851425712856427985e+00,-2.131044969319473570e-01
2.876438219109554773e+00,-4.354922629326779537e-01
2.901450725362681116e+00,1.913508084517758223e-01
2.926463231615807903e+00,-3.846035465857374769e-01
2.951475737868934246e+00,-1.912068670850675112e-02
2.976488244122061033e+00,-1.109478395156600072e+00
3.001500750375187376e+00,-5.332997994892787474e-01
3.026513256628314164e+00,-7.352569585035023669e-01
3.051525762881440507e+00,-3.221555362389596500e-01
3.076538269134567294e+00,-4.355014149785665922e-01
3.101550775387693637e+00,-4.264743944416096166e-01
3.126563281640820424e+00,-5.767161002793834701e-01
3.151575787893946767e+00,-6.766158466387114379e-01
3.176588294147073555e+00,-8.599199238470187634e-01
3.201600800400199898e+00,-7.545162295777732009e-01
3.226613306653326241e+00,-9.896688133417762545e-01
3.251625812906453028e+00,-7.025889455161368202e-01
3.276638319159579371e+00,-1.174621097201697051e+00
3.301650825412706158e+00,-9.256168181410147078e-01
3.326663331665832501e+00,-8.861122479377415706e-01
3.351675837918959289e+00,-1.239094327170670695e+00
3.376688344172085632e+00,-1.360237695387737977e+00
3.401700850425212419e+00,-1.381671030789818122e+00
3.426713356678338762e+00,-8.525224426426936120e-01
3.451725862931465549e+00,-8.994111851330141016e-01
3.476738369184591892e+00,-1.103475216874454823e+00
3.501750875437718680e+00,-9.483789781735285640e-01
3.526763381690845023e+00,-4.538856225268278477e-01
3.551775887943971810e+00,-7.576028089597763859e-02
3.576788394197098153e+00,-2.318266369319976206e-01
3.601800900450224940e+00,-9.739502729327209618e-01
3.626813406703351284e+00,-5.597306807606443613e-01
3.651825912956478071e+00,-6.825252524288517586e-01
3.676838419209604414e+00,8.202293969592761025e-02
3.701850925462731201e+00,8.503128846970270382e-02
3.726863431715857544e+00,1.854838642118478848e-02
3.751875937968984331e+00,-8.886505215629782184e-02
3.776888444222110675e+00,4.661827240378276782e-01
3.801900950475237462e+00,3.364288552880715377e-01
3.826913456728363805e+00,3.896756080466134420e-01
3.851925962981490592e+00,3.557095204515113851e-01
3.876938469234616935e+00,6.105552973829321273e-01
3.901950975487743722e+00,-8.169960055515179675e-03
3.926963481740870066e+00,4.879672884558726165e-01
3.951975987993996853e+00,3.306674067457197608e-01
3.976988494247123196e+00,9.284275994633462981e-01
4.002001000500249539e+00,1.165606438595361949e+00
4.027013506753376326e+00,1.108298140400309606e+00
4.052026013006503113e+00,8.268958069822202051e-01
4.077038519259629901e+00,8.157538676277235057e-01
4.102051025512755800e+00,4.034005056162859315e-01
4.127063531765882587e+00,8.705530925794198183e-01
4.152076038019009374e+00,9.664841230008691664e-01
4.177088544272136161e+00,7.545576917988462418e-01
4.202101050525262060e+00,4.036611752701840805e-01
4.227113556778388848e+00,1.257335232136151282e+00
4.252126063031515635e+00,1.150138924681105790e+00
4.277138569284642422e+00,1.267546427465368941e+00
4.302151075537768321e+00,7.718002068610432254e-01
4.327163581790895108e+00,4.543119332042230285e-01
4.352176088044021895e+00,8.183017540852777216e-02
4.377188594297148683e+00,8.981120412623396776e-01
4.402201100550274582e+00,9.317331626637059827e-01
4.427213606803401369e+00,5.756959756408693840e-01
4.452226113056528156e+00,7.406667522811659632e-01
4.477238619309654943e+00,3.720395919781259719e-01
4.502251125562780842e+00,3.923192715815884135e-01
4.527263631815907630e+00,-6.736210737811005878e-01
4.552276138069034417e+00,4.948247969261516110e-01
4.577288644322161204e+00,5.707297926829221213e-01
4.602301150575287103e+00,2.184696057608755682e-01
4.627313656828413890e+00,-3.876519394143054242e-01
4.652326163081540678e+00,-2.593240017857926238e-01
4.677338669334667465e+00,-4.851267813133718354e-01
4.702351175587793364e+00,-3.799818713329462527e-01
4.727363681840920151e+00,-5.569349396539742258e-01
4.752376188094046938e+00,-4.347637899394177774e-01
4.777388694347173725e+00,-4.372811698975344608e-01
4.802401200600299624e+00,-1.154391094619024338e+00
4.827413706853426412e+00,-4.481263984329431627e-01
4.852426213106553199e+00,-1.110163097596779780e+00
4.877438719359679098e+00,-9.549153187131479426e-01
4.902451225612805885e+00,-1.159409139244569342e+00
4.927463731865932672e+00,-1.830452029709659367e+00
4.952476238119059460e+00,-8.601159496617103439e-01
4.977488744372185359e+00,-1.001450575366204188e+00
5.002501250625312146e+00,-1.239445970417259568e+00
5.027513756878438933e+00,-1.092718671765379623e+00
5.052526263131565720e+00,-1.318548457233289728e+00
5.077538769384691619e+00,-1.228159390976775178e+00
5.102551275637818406e+00,-1.302809218620099685e+00
5.127563781890945194e+00,-1.131657706256948170e+00
5.152576288144071981e+00,-3.865870802587179078e-01
5.177588794397197880e+00,-6.224956873435594229e-01
5.202601300650324667e+00,-9.148074216222314980e-01
5.227613806903451454e+00,-6.392118542132656511e-01
5.252626313156578242e+00,-2.615601129959350679e-01
5.277638819409704141e+00,-9.456287660758986302e-01
5.302651325662830928e+00,-1.903068512531116141e-01
5.327663831915957715e+00,9.072517118414030746e-02
5.352676338169084502e+00,4.440153219167082277e-01
5.377688844422210401e+00,-2.722879283815972107e-01
5.402701350675337189e+00,3.231692842835965918e-01
5.427713856928463976e+00,-5.200138578299419168e-01
5.452726363181590763e+00,-8.757099732728046426e-01
5.477738869434716662e+00,6.524015194267349105e-02
5.502751375687843449e+00,1.443021876540762360e-01
5.527763881940970236e+00,7.633552230946391015e-01
5.552776388194097024e+00,6.680452997944850146e-01
5.577788894447222923e+00,8.147349541916393267e-01
5.602801400700349710e+00,4.717949240799381716e-01
5.627813906953476497e+00,7.889326633401448907e-01
5.652826413206603284e+00,4.114311460659532127e-01
5.677838919459729183e+00,5.901235141644672888e-01
5.702851425712855971e+00,7.950496745061494952e-01
5.727863931965982758e+00,1.465525261008173485e+00
5.752876438219109545e+00,1.289764782531937382e+00
5.777888944472235444e+00,1.347582000345449726e+00
5.802901450725362231e+00,1.092402857593935073e+00
5.827913956978489018e+00,6.489135394297422810e-01
5.852926463231615806e+00,7.855845006120462104e-01
5.877938969484741705e+00,8.212711656697142537e-01
5.902951475737868492e+00,6.029882736290621548e-01
5.927963981990995279e+00,6.776913489153427728e-01
5.952976488244122066e+00,7.163712365437491236e-01
5.977988994497247965e+00,6.204736430527412194e-01
6.003001500750374753e+00,2.880207231747542451e-01
6.028014007003501540e+00,9.210499465565302746e-01
6.053026513256628327e+00,8.032112492373433277e-01
6.078039019509754226e+00,5.157202711224542213e-01
6.103051525762881013e+00,5.310377485627972849e-01
6.128064032016007801e+00,1.471382105476201352e-01
6.153076538269134588e+00,4.261985911900738055e-01
6.178089044522260487e+00,3.305176226384182181e-03
6.203101550775387274e+00,9.045523530306801008e-02
6.228114057028514061e+00,2.395403576346063768e-01
6.253126563281640848e+00,-1.365230993360639355e-01
6.278139069534766747e+00,-4.712962280799404269e-01
6.303151575787893535e+00,-7.971955909687262753e-01
6.328164082041020322e+00,-1.654818491339380138e-01
6.353176588294147109e+00,-7.355839520596116898e-01
6.378189094547273008e+00,-8.641405400876025489e-01
6.403201600800399795e+00,-1.646517705024761691e+00
6.428214107053526583e+00,-7.409403317963255686e-01
6.453226613306652482e+00,-1.123728538202470650e+00
6.478239119559779269e+00,-1.309988416495078578e+00
6.503251625812906056e+00,-6.553868428925482270e-01
6.528264132066032843e+00,-1.136064222837749993e+00
6.553276638319158742e+00,-9.314415346797410011e-01
6.578289144572285529e+00,-9.039108416401173685e-01
6.603301650825412317e+00,-8.614529608637209179e-01
6.628314157078539104e+00,-1.061318353204030229e+00
6.653326663331665003e+00,-9.032846630469221205e-01
6.678339169584791790e+00,-1.282233863125459283e+00
6.703351675837918577e+00,-8.365400071065485221e-01
6.728364182091045365e+00,-7.728222275926595053e-01
6.753376688344171264e+00,-8.293278727984015886e-01
6.778389194597298051e+00,-9.788366227699583089e-01
6.803401700850424838e+00,-7.311367848056299357e-01
6.828414207103551625e+00,-3.465287007139476461e-01
6.853426713356677524e+00,-7.706576569867940041e-01
6.878439219609804312e+00,-2.988560880116639118e-01
6.903451725862931099e+00,-1.910542805279536183e-01
6.928464232116057886e+00,-3.624056147815940543e-02
6.953476738369183785e+00,-2.422748257141143780e-01
6.978489244622310572e+00,-4.170562126742446973e-01
7.003501750875437359e+00,5.695597234918401558e-02
7.028514257128564147e+00,-1.179757307528155608e-01
7.053526763381690046e+00,-4.171153253262574467e-02
7.078539269634816833e+00,4.254190043979648728e-01
7.103551775887943620e+00,4.192897433424301878e-01
7.128564282141070407e+00,3.475323365599335412e-01
7.153576788394196306e+00,4.766511807687051072e-01
7.178589294647323094e+00,7.064747555965202874e-01
7.203601800900449881e+00,7.693437276761915244e-01
7.228614307153576668e+00,2.860101620352483165e-01
7.253626813406702567e+00,7.458803689252896385e-01
7.278639319659829354e+00,7.679325571034306686e-01
7.303651825912956141e+00,6.262008301120189913e-01
7.328664332166082929e+00,1.287282594580692718e+00
7.353676838419208828e+00,3.581486880839490627e-01
7.378689344672335615e+00,1.315035710966266258e+00
7.403701850925462402e+00,1.209698920440975378e+00
7.428714357178589189e+00,1.156055269025214605e+00
7.453726863431715088e+00,5.930365662778602776e-01
7.478739369684841876e+00,6.573930590638930038e-01
7.503751875937968663e+00,8.749340902265614339e-01
7.528764382191095450e+00,7.789308999803166156e-01
7.553776888444221349e+00,1.423155161690070614e+00
7.578789394697348136e+00,9.315519426796921021e-01
7.603801900950474923e+00,1.007312081768968914e+00
7.628814407203601711e+00,5.898598966318263637e-01
7.653826913456727610e+00,6.239660726266661461e-01
7.678839419709854397e+00,2.998052262940830159e-01
7.703851925962981184e+00,2.092906639323936779e-01
7.728864432216107971e+00,4.101560722240163992e-01
7.753876938469233870e+00,-2.290006056668063283e-01
7.778889444722360658e+00,1.840113085712343777e-01
7.803901950975487445e+00,2.076960998784522228e-01
7.828914457228614232e+00,-4.747610997875271188e-01
7.853926963481740131e+00,-9.954487312395152165e-02
7.878939469734866918e+00,-3.205370684364929890e-01
7.903951975987993706e+00,-4.149825709603451873e-01
7.928964482241120493e+00,-7.896411742575715209e-01
7.953976988494246392e+00,-2.700517408029795563e-01
7.978989494747373179e+00,-8.599686759160042326e-01
8.004002001000499078e+00,-8.836254447232259057e-01
8.029014507253625865e+00,-5.639654639173934392e-01
8.054027013506752652e+00,-9.655722709686228589e-01
8.079039519759879440e+00,-1.223203755750627231e+00
8.104052026013006227e+00,-9.208510801537044266e-01
8.129064532266133014e+00,-8.934709069922170954e-01
8.154077038519259801e+00,-7.308124554693872232e-01
8.179089544772384812e+00,-6.748120089073605943e-01
8.204102051025511599e+00,-5.887081353329721711e-01
8.229114557278638387e+00,-1.279189058234539988e+00
8.254127063531765174e+00,-6.563426851773739301e-01
8.279139569784891961e+00,-1.025446144826128503e+00
8.304152076038018748e+00,-6.622239091048842674e-01
8.329164582291145535e+00,-9.143826539258859132e-01
8.354177088544272323e+00,-1.219042320404382096e+00
8.379189594797397334e+00,-9.317870812584096996e-01
8.404202101050524121e+00,-6.312964548235951989e-01
8.429214607303650908e+00,-3.350074874006659376e-01
8.454227113556777695e+00,-7.880482735254836779e-01
8.479239619809904482e+00,-2.169601803808766660e-01
8.504252126063031270e+00,3.292991778089128796e-01
8.529264632316158057e+00,-2.938029606429738427e-01
8.554277138569284844e+00,5.116648872353633803e-02
8.579289644822409855e+00,-8.191418495176458481e-02
8.604302151075536642e+00,1.196202573689087723e-01
8.629314657328663429e+00,3.624005459719694122e-01
8.654327163581790217e+00,3.285001986540576069e-01
8.679339669834917004e+00,6.598178093204862815e-01
8.704352176088043791e+00,5.492084170671768240e-01
8.729364682341170578e+00,1.997012460446933035e-01
8.754377188594297365e+00,5.267088738020211380e-01
8.779389694847422376e+00,7.065870112225305366e-01
8.804402201100549163e+00,9.771244060742279025e-01
8.829414707353675951e+00,1.036899893606631817e+00
8.854427213606802738e+00,1.827750710634019171e+00
8.879439719859929525e+00,8.579074886026908375e-01
8.904452226113056312e+00,8.605929972523373994e-01
8.929464732366183100e+00,1.164324688470763869e+00
8.954477238619309887e+00,1.452679060206776951e+00
8.979489744872434898e+00,1.225148721520876283e+00
9.004502251125561685e+00,1.151832834978665288e+00
9.029514757378688472e+00,1.161284080719157341e+00
9.054527263631815259e+00,2.818228385039357464e-01
9.079539769884942046e+00,4.472758847443458197e-01
9.104552276138068834e+00,7.507532779468475415e-01
9.129564782391195621e+00,9.357505711705131901e-01
9.154577288644322408e+00,2.960837143963851448e-01
9.179589794897447419e+00,1.802216346271632297e-01
9.204602301150574206e+00,1.731775780738554760e-01
9.229614807403700993e+00,8.796595460733215577e-02
9.254627313656827781e+00,-7.811284202885837580e-02
9.279639819909954568e+00,4.126921189495088571e-01
9.304652326163081355e+00,1.362094806659904511e-01
9.329664832416208142e+00,-1.100568685535348035e+00
9.354677338669334929e+00,-7.390432145255076968e-01
9.379689844922459940e+00,-7.445847079674038360e-01
9.404702351175586728e+00,-6.164963616726327755e-01
9.429714857428713515e+00,-5.429014113457754087e-01
9.454727363681840302e+00,-1.137008681427157164e+00
9.479739869934967089e+00,-6.112131477959419357e-01
9.504752376188093876e+00,-1.344449557770093895e+00
9.529764882441220664e+00,-1.590542557092614384e+00
9.554777388694347451e+00,-1.135927617687842561e+00
9.579789894947472462e+00,-6.494894654237743925e-01
9.604802401200599249e+00,-5.816036516907575615e-01
9.629814907453726036e+00,-1.326245406356345802e+00
9.654827413706852823e+00,-9.809797962228843371e-01
9.679839919959979611e+00,-9.790589534939714289e-01
9.704852426213106398e+00,-8.529040993252560154e-01
9.729864932466233185e+00,-1.012261786937749930e+00
9.754877438719358196e+00,-1.138211752871105542e+00
9.779889944972484983e+00,-8.612047615286974045e-01
9.804902451225611770e+00,-7.773090649242874184e-01
9.829914957478738557e+00,-1.325846608821226624e+00
9.854927463731865345e+00,-3.995065565351575421e-01
9.879939969984992132e+00,-2.770899710900630586e-01
9.904952476238118919e+00,-4.221446744757258451e-01
9.929964982491245706e+00,4.465046923310567184e-03
9.954977488744370717e+00,-4.862213252589872581e-02
9.979989994997497504e+00,-2.497348233058495348e-01
1.000500250125062429e+01,2.994600510118227144e-01
1.003001500750375108e+01,5.615419819777606181e-02
1.005502751375687787e+01,1.771600989726079267e-01
1.008004002001000465e+01,7.190989542547702174e-01
1.010505252626313144e+01,6.731234363509410734e-01
1.013006503251625823e+01,1.819236185240766246e-01
1.015507753876938324e+01,4.256811742400093967e-01
1.018009004502251003e+01,8.444525939552222082e-01
1.020510255127563681e+01,9.060079764475075237e-01
1.023011505752876360e+01,5.288663985745141183e-01
1.025512756378189039e+01,5.863490730819767016e-01
1.028014007003501717e+01,1.558100015870829580e+00
1.030515257628814396e+01,9.516650573919390732e-01
1.033016508254127075e+01,9.792870149536451185e-01
1.035517758879439576e+01,1.234815698402093265e+00
1.038019009504752255e+01,1.640930304474616186e+00
1.040520260130064933e+01,9.650485510318448368e-01
1.043021510755377612e+01,1.509744645885774617e+00
1.045522761380690291e+01,8.807555953327472764e-01
1.048024012006002970e+01,8.572936235596361199e-01
1.050525262631315648e+01,8.854279643953564261e-01
1.053026513256628327e+01,4.849094122938110707e-01
1.055527763881940828e+01,4.978389424548679276e-01
1.058029014507253507e+01,3.563444130688996347e-01
1.060530265132566186e+01,2.374588876415193728e-01
1.063031515757878864e+01,4.881010832336485361e-01
1.065532766383191543e+01,1.166533572879449587e-02
1.068034017008504222e+01,6.069432106862888976e-02
1.070535267633816900e+01,3.805687243678931297e-01
1.073036518259129579e+01,-2.371775381662717674e-01
1.075537768884442080e+01,-3.246785889126752034e-01
1.078039019509754759e+01,-3.077953421899698450e-01
1.080540270135067438e+01,-5.684754842738612979e-01
1.083041520760380116e+01,-7.800825695724513675e-01
1.085542771385692795e+01,-6.630296732531013593e-01
1.088044022011005474e+01,-6.274962612252924510e-01
1.090545272636318153e+01,-9.631484006434228862e-01
1.093046523261630831e+01,-7.006959874782859865e-01
1.095547773886943332e+01,-1.262379208080095294e+00
1.098049024512256011e+01,-1.087169959313320167e+00
1.100550275137568690e+01,-5.614264711941807651e-01
1.103051525762881369e+01,-1.379516801643607682e+00
1.105552776388194047e+01,-6.733662380261464797e-01
1.108054027013506726e+01,-1.303018781236496837e+00
1.110555277638819405e+01,-7.313749896043240106e-01
1.113056528264132083e+01,-6.444192524243628206e-01
1.115557778889444585e+01,-6.068476694642646052e-01
1.118059029514757263e+01,-7.639327751869152694e-01
1.120560280140069942e+01,-9.059465764647608443e-01
1.123061530765382621e+01,-8.982724936572399344e-01
1.125562781390695299e+01,-7.522498669849643216e-01
1.128064032016007978e+01,1.994933477732553362e-01
1.130565282641320657e+01,-5.143683527407453271e-01
1.133066533266633158e+01,-5.586065670376074710e-01
1.135567783891945837e+01,-5.444426640427020292e-01
1.138069034517258515e+01,8.597856803107752077e-02
1.140570285142571194e+01,-2.232280745641987141e-01
1.143071535767883873e+01,1.416599248645706854e-01
1.145572786393196552e+01,4.889782554367505529e-02
1.148074037018509230e+01,1.335061772624969723e-01
1.150575287643821909e+01,2.245863957109114351e-01
1.153076538269134410e+01,7.043246454998903783e-01
1.155577788894447089e+01,7.634008425328514535e-01
1.158079039519759768e+01,9.412892584483056879e-01
1.160580290145072446e+01,3.706405193705706869e-01
1.163081540770385125e+01,6.490784719182063345e-01
1.165582791395697804e+01,8.143242869636265757e-01
1.168084042021010482e+01,6.669572923949692589e-01
1.170585292646323161e+01,1.274548415757575714e+00
1.173086543271635662e+01,1.430149169829992406e+00
1.175587793896948341e+01,1.244274196794340703e+00
1.178089044522261020e+01,8.601903778549047086e-01
1.180590295147573698e+01,7.888570905840290859e-01
1.183091545772886377e+01,8.447076947991107865e-01
1.185592796398199056e+01,1.088020562970431371e+00
1.188094047023511735e+01,9.906567166841844241e-01
1.190595297648824413e+01,1.139282278741968746e+00
1.193096548274136914e+01,5.345807626909755417e-01
1.195597798899449593e+01,3.263040499563029107e-01
1.198099049524762272e+01,9.918903422774305589e-01
1.200600300150074951e+01,3.868447701686311690e-01
1.203101550775387629e+01,3.736772669584942363e-01
1.205602801400700308e+01,1.658077313483869997e-01
1.208104052026012987e+01,3.905393188197924248e-01
1.210605302651325665e+01,-1.793427110533199753e-01
1.213106553276638166e+01,-2.923561176994937671e-01
1.215607803901950845e+01,-2.328973661779289994e-01
1.218109054527263524e+01,-5.422919633624245783e-01
1.220610305152576203e+01,3.825268808986110880e-01
1.223111555777888881e+01,-5.440494028845713759e-01
1.225612806403201560e+01,-7.033723081117425613e-01
1.228114057028514239e+01,-4.661297229060245018e-01
1.230615307653826918e+01,-4.449594357162742764e-01
1.233116558279139419e+01,-7.506279346789541673e-01
1.235617808904452097e+01,-7.759759922407324373e-01
1.238119059529764776e+01,-6.422337843587440087e-01
1.240620310155077455e+01,-3.434418986710116029e-01
1.243121560780390134e+01,-1.146012944445135684e+00
1.245622811405702812e+01,-3.402155792423259273e-01
1.248124062031015491e+01,-9.421630420634947711e-01
1.250625312656328170e+01,-2.022033857377645294e+00
1.253126563281640671e+01,-1.855446797628582445e+00
1.255627813906953349e+01,-1.483731939367332275e+00
1.258129064532266028e+01,-4.656750793877664218e-01
1.260630315157578707e+01,-5.954811080187931704e-01
1.263131565782891386e+01,-8.154489703275549228e-01
1.265632816408204064e+01,-5.430803581389649359e-01
1.268134067033516743e+01,-6.720778655522194334e-02
1.270635317658829422e+01,-5.255188856654529062e-01
1.273136568284141923e+01,1.408981137695890506e-01
1.275637818909454602e+01,-5.898699882077653583e-02
1.278139069534767280e+01,2.619631715246081849e-01
1.280640320160079959e+01,5.206797076846003680e-01
1.283141570785392638e+01,8.588475315651021846e-01
1.285642821410705317e+01,-7.863115807162368576e-04
1.288144072036017995e+01,5.909698924467696735e-01
1.290645322661330496e+01,3.952227899437115166e-01
1.293146573286643175e+01,4.094100308977012270e-01
1.295647823911955854e+01,5.620188967680719294e-01
1.298149074537268532e+01,8.955585777956727167e-01
1.300650325162581211e+01,1.304914670076903871e+00
1.303151575787893890e+01,7.435847175622218863e-01
1.305652826413206569e+01,7.746822880029302638e-01
1.308154077038519247e+01,1.631254872680075518e+00
1.310655327663831748e+01,1.192425245597453998e+00
1.313156578289144427e+01,1.263135100061850702e+00
1.315657828914457106e+01,8.687265851081842349e-01
1.318159079539769785e+01,5.643992775834523190e-01
1.320660330165082463e+01,1.210413452982948890e+00
1.323161580790395142e+01,6.125556755707068923e-01
1.325662831415707821e+01,3.123279281366982407e-01
1.328164082041020500e+01,7.369764999841499353e-01
1.330665332666333001e+01,3.371129740440703682e-01
1.333166583291645679e+01,9.607097414344293318e-01
1.335667833916958358e+01,5.549514137940982916e-01
1.338169084542271037e+01,3.907672775726236392e-01
1.340670335167583715e+01,3.166880776056485436e-02
1.343171585792896394e+01,-1.568294066127887965e-01
1.345672836418209073e+01,-1.529924492667179559e-01
1.348174087043521752e+01,-6.452580982042235291e-01
1.350675337668834253e+01,-6.854412757925065769e-01
1.353176588294146931e+01,-5.337957591812818592e-01
1.355677838919459610e+01,-1.057662368641086870e+00
1.358179089544772289e+01,-7.108405513098138284e-01
1.360680340170084968e+01,-6.870587200175863885e-01
1.363181590795397646e+01,-4.510075586020362848e-01
1.365682841420710325e+01,-6.336967847059828962e-01
1.368184092046023004e+01,-8.938791229175716557e-01
1.370685342671335505e+01,-1.145143031442618309e+00
1.373186593296648184e+01,-1.350867588363541705e+00
1.375687843921960862e+01,-9.341271032125917362e-01
1.378189094547273541e+01,-1.290020329018262579e+00
1.380690345172586220e+01,-7.234986344910683265e-01
1.383191595797898898e+01,-1.045844292045419621e+00
1.385692846423211577e+01,-7.444585591020475013e-01
1.388194097048524256e+01,-5.329180299488446293e-01
1.390695347673836757e+01,-5.565908127158907259e-01
1.393196598299149436e+01,-7.619930116117220598e-01
1.395697848924462114e+01,-1.826537638438812672e-01
1.398199099549774793e+01,-2.323681983219328395e-01
1.400700350175087472e+01,-1.085615983897075587e+00
1.403201600800400151e+01,-6.371894848444560333e-01
1.405702851425712829e+01,-3.298745904705819298e-01
1.408204102051025508e+01,2.250373680211620320e-01
1.410705352676338009e+01,1.392401445761271006e-02
1.413206603301650688e+01,7.823784531812555398e-02
1.415707853926963367e+01,2.562303342965849273e-01
1.418209104552276045e+01,4.547586144153258347e-01
1.420710355177588724e+01,4.577923014376200084e-01
1.423211605802901403e+01,5.456385526084979176e-01
1.425712856428214081e+01,9.198442980132353064e-01
1.428214107053526760e+01,1.469227001061785387e+00
1.430715357678839261e+01,1.202985037265126511e+00
1.433216608304151940e+01,1.097835723314440237e+00
1.435717858929464619e+01,8.571552029260575134e-01
1.438219109554777297e+01,1.026142584007085468e+00
1.440720360180089976e+01,1.076530453953540301e+00
1.443221610805402655e+01,6.059935697732312665e-01
1.445722861430715334e+01,8.046102865760790257e-01
1.448224112056027835e+01,4.324319080290521811e-01
1.450725362681340513e+01,2.713597505792746389e-01
1.453226613306653192e+01,6.248841443585606559e-01
1.455727863931965871e+01,3.257803165771988585e-01
1.458229114557278550e+01,2.340605202427206710e-01
1.460730365182591228e+01,1.292974944680699290e-01
1.463231615807903907e+01,1.224891150424953223e-01
1.465732866433216586e+01,5.724275318481608643e-01
1.468234117058529087e+01,-1.815395078153257680e-01
1.470735367683841766e+01,1.340303685964784330e-01
1.473236618309154444e+01,-1.266116288670488532e-01
1.475737868934467123e+01,2.387093980426041595e-02
1.478239119559779802e+01,-2.729877252644036245e-02
1.480740370185092480e+01,-1.685455895045303021e-01
1.483241620810405159e+01,-4.091198241109104128e-01
1.485742871435717838e+01,-8.514624455550255933e-01
1.488244122061030339e+01,-1.119940386057578952e+00
1.490745372686343018e+01,-5.982292921700262944e-01
1.493246623311655696e+01,-9.841683371846304818e-01
1.495747873936968375e+01,-6.978775672620691761e-01
1.498249124562281054e+01,-1.478640911566519334e+00
1.500750375187593733e+01,-1.304863669238596646e+00
1.503251625812906411e+01,-5.894478424849769471e-01
1.505752876438219090e+01,-4.461859545711011066e-01
1.508254127063531591e+01,-7.412544112009091801e-01
1.510755377688844270e+01,-6.322239013250203765e-01
1.513256628314156949e+01,-1.365521043750390184e+00
1.515757878939469627e+01,-5.096908862529385686e-01
1.518259129564782306e+01,-3.301557590834717781e-01
1.520760380190094985e+01,-3.483384936435376389e-01
1.523261630815407663e+01,-3.263668751200655138e-01
1.525762881440720342e+01,-7.301092615009068254e-01
1.528264132066032843e+01,1.681614770295087047e-01
1.530765382691345522e+01,-1.724828867391221543e-01
1.533266633316658201e+01,-6.669967814269912865e-02
1.535767883941970879e+01,-1.601248692047163302e-01
1.538269134567283558e+01,3.894016485447237552e-01
1.540770385192596237e+01,8.227420829587012152e-01
1.543271635817908916e+01,4.598133689617515119e-01
1.545772886443221594e+01,5.630162689484059513e-01
1.548274137068534095e+01,9.506941256964350773e-01
1.550775387693846774e+01,1.197154964121796894e+00
1.553276638319159453e+01,5.702430526221942131e-01
1.555777888944472132e+01,6.690907298086761212e-01
1.558279139569784810e+01,8.185527215455821182e-01
1.560780390195097489e+01,5.292842046334045314e-01
1.563281640820410168e+01,1.290064825217373423e+00
1.565782891445722846e+01,1.181455364433871669e+00
1.568284142071035347e+01,8.137757335855578811e-01
1.570785392696348026e+01,1.113534263222640819e+00
1.573286643321660705e+01,1.126583922782054659e+00
1.575787893946973384e+01,8.868967313872084812e-01
1.578289144572286062e+01,7.152679044530939612e-01
1.580790395197598741e+01,9.170489298476710571e-01
1.583291645822911420e+01,4.779167949185164077e-01
1.585792896448224099e+01,1.755182246936749790e-01
1.588294147073536600e+01,1.129323519187403341e-01
1.590795397698849278e+01,-3.378416734690971590e-01
1.593296648324161957e+01,-2.232199227829807231e-01
1.595797898949474636e+01,5.684038512912933938e-02
1.598299149574787315e+01,1.262339184876469234e-01
1.600800400200099816e+01,-3.142602043313820759e-01
1.603301650825412494e+01,-6.877574648044535444e-01
1.605802901450725173e+01,-4.326840439447602882e-01
1.608304152076037852e+01,-6.914111570755344660e-01
1.610805402701350530e+01,-3.068769354676958439e-01
1.613306653326663209e+01,-1.216976951835118115e+00
1.615807903951975888e+01,-7.715769498320500519e-01
1.618309154577288567e+01,-1.236974533920121022e+00
1.620810405202601245e+01,-1.202302449837749920e+00
1.623311655827913924e+01,-1.118007370142144685e+00
1.625812906453226603e+01,-5.772354258399972071e-01
1.628314157078539282e+01,-1.066899670898686869e+00
1.630815407703851960e+01,-6.873836612462393969e-01
1.633316658329164639e+01,-6.566457184565865912e-01
1.635817908954476962e+01,-7.098014481178166468e-01
1.638319159579789641e+01,-6.161376829711302516e-01
1.640820410205102320e+01,-7.493429410958497572e-01
1.643321660830414999e+01,-5.899273750816095285e-01
1.645822911455727677e+01,-4.178333943937838080e-01
1.648324162081040356e+01,2.235538953836689879e-01
1.650825412706353035e+01,2.052198277648678293e-01
1.653326663331665713e+01,9.072826143242039565e-02
1.655827913956978392e+01,6.930475118941601398e-01
1.658329164582291071e+01,9.967860560994903363e-01
1.660830415207603750e+01,7.286021303864347320e-01
1.663331665832916428e+01,9.087143514369899755e-03
1.665832916458229107e+01,7.406945231225071646e-01
1.668334167083541786e+01,6.396785217111211619e-01
1.670835417708854465e+01,5.169562993526675143e-01
1.673336668334167143e+01,1.114264680893985116e+00
1.675837918959479467e+01,1.057281723266991325e+00
1.678339169584792145e+01,1.332655853127660217e+00
1.680840420210104824e+01,1.246571221518912198e+00
1.683341670835417503e+01,8.846094680465496074e-01
1.685842921460730182e+01,4.650364821332330090e-01
1.688344172086042860e+01,4.974629012722667221e-01
1.690845422711355539e+01,4.770914935046283722e-01
1.693346673336668218e+01,2.322116609776094798e-01
1.695847923961980896e+01,6.293737984400195051e-01
1.698349174587293575e+01,8.380598870873108286e-01
1.700850425212606254e+01,4.035440435176133045e-01
1.703351675837918933e+01,4.947988441883776067e-01
1.705852926463231611e+01,4.956760306019825646e-01
1.708354177088544290e+01,3.868960878126240233e-01
1.710855427713856969e+01,2.173697331890870610e-01
1.713356678339169648e+01,-6.060992488843396364e-01
1.715857928964481971e+01,-5.047621073214746124e-02
1.718359179589794650e+01,4.048802336649066635e-01
1.720860430215107328e+01,-1.866062256648308160e-01
1.723361680840420007e+01,-1.185924107661194271e-01
1.725862931465732686e+01,-3.470839483713883400e-02
1.728364182091045365e+01,-7.543875746368680080e-01
1.730865432716358043e+01,-3.287745717990788741e-01
1.733366683341670722e+01,-1.040837326591706580e+00
1.735867933966983401e+01,-1.668657437683008116e+00
1.738369184592296079e+01,-1.160742074138739310e+00
1.740870435217608758e+01,-1.538641660672269484e+00
1.743371685842921437e+01,-1.110233796157992892e+00
1.745872936468234116e+01,-8.347328213989475554e-01
1.748374187093546794e+01,-1.276629653386407215e+00
1.750875437718859473e+01,-6.105580614456656008e-01
1.753376688344172152e+01,-8.675814291811682066e-01
1.755877938969484475e+01,-1.319041263588225821e+00
1.758379189594797154e+01,-4.238886829834687120e-01
1.760880440220109833e+01,-3.719092154327008348e-01
1.763381690845422511e+01,-5.903321728379973266e-01
1.765882941470735190e+01,-1.251996074703564388e-01
1.768384192096047869e+01,2.109458990847562498e-01
1.770885442721360548e+01,7.381697917291319966e-01
1.773386693346673226e+01,-3.993078164070264502e-01
1.775887943971985905e+01,1.855993176772643971e-02
1.778389194597298584e+01,7.202515128541664424e-01
1.780890445222611262e+01,1.193469105935601182e-01
1.783391695847923941e+01,4.160189910922866829e-01
1.785892946473236620e+01,6.099746465521561634e-01
1.788394197098549299e+01,8.668776588332683941e-01
1.790895447723861977e+01,7.977423936953738082e-01
1.793396698349174301e+01,8.009721908100556620e-01
1.795897948974486980e+01,7.438802141803247947e-01
1.798399199599799658e+01,1.128348565880240573e+00
1.800900450225112337e+01,9.344358409917543629e-01
1.803401700850425016e+01,9.227452104429639812e-01
1.805902951475737694e+01,1.309602952753017302e+00
1.808404202101050373e+01,9.541466702964702673e-01
1.810905452726363052e+01,9.214164119970053024e-01
1.813406703351675731e+01,1.452234577882824951e+00
1.815907953976988409e+01,7.020077305176549709e-01
1.818409204602301088e+01,7.505971064641437929e-01
1.820910455227613767e+01,-8.988077716665016093e-02
1.823411705852926445e+01,1.015775202804294564e+00
1.825912956478239124e+01,1.773735498975712033e-01
1.828414207103551803e+01,-2.224027681933095635e-01
1.830915457728864482e+01,-2.799040123543613534e-01
1.833416708354176805e+01,-1.725493865281234607e-01
1.835917958979489484e+01,-2.551382737473223417e-01
1.838419209604802163e+01,-4.321711512322463644e-01
1.840920460230114841e+01,-6.605477663313624737e-02
1.843421710855427520e+01,-7.401283438960403194e-01
1.845922961480740199e+01,-1.024635096436081527e+00
1.848424212106052877e+01,-6.849694951894725881e-01
1.850925462731365556e+01,-5.366411637204104856e-01
1.853426713356678235e+01,-4.802512173494692949e-01
1.855927963981990914e+01,-1.054632112829897883e+00
1.858429214607303592e+01,-1.515794446807588791e+00
1.860930465232616271e+01,-9.688731176049107940e-01
1.863431715857928950e+01,-1.048893419482612277e+00
1.865932966483241628e+01,-6.174547329277684238e-01
1.868434217108554307e+01,-5.265690833082934397e-01
1.870935467733866986e+01,-4.984932055639735293e-01
1.873436718359179309e+01,-2.645616144296634720e-01
1.875937968984491988e+01,-4.481350621465851614e-01
1.878439219609804667e+01,-5.645376966480987191e-01
1.880940470235117346e+01,-8.542020678438606573e-01
1.883441720860430024e+01,-3.793916885938603545e-01
1.885942971485742703e+01,3.421103954792516499e-01
1.888444222111055382e+01,-5.827030468500482563e-02
1.890945472736368060e+01,-3.336630948914839911e-02
1.893446723361680739e+01,7.559340353333412477e-01
1.895947973986993418e+01,6.324591708448686900e-01
1.898449224612306097e+01,1.320689613142768115e+00
1.900950475237618775e+01,6.277526911587122393e-01
1.903451725862931454e+01,5.988612936989357038e-01
1.905952976488244133e+01,1.110110520669092216e+00
1.908454227113556811e+01,9.649529174572061274e-01
1.910955477738869490e+01,8.608615748298169557e-01
1.913456728364181814e+01,6.275586177336240912e-01
1.915957978989494492e+01,1.201874584086422226e+00
1.918459229614807171e+01,8.391038040477467597e-01
1.920960480240119850e+01,1.154204831758363303e+00
1.923461730865432529e+01,1.104147534034139344e+00
1.925962981490745207e+01,1.508395065361909815e+00
1.928464232116057886e+01,1.460624721718445151e+00
1.930965482741370565e+01,6.789790224483449599e-01
1.933466733366683243e+01,3.336179740201783428e-01
1.935967983991995922e+01,6.209327570376674821e-01
1.938469234617308601e+01,-5.621282309123091236e-01
1.940970485242621280e+01,5.616424158757461482e-01
1.943471735867933958e+01,-1.308604947802158025e-01
1.945972986493246637e+01,-5.478406219929616849e-01
1.948474237118559316e+01,-6.963342503989442545e-01
1.950975487743871639e+01,-4.608943789724730400e-01
1.953476738369184318e+01,-2.427434263859741814e-01
1.955977988994496997e+01,-1.166464174748606641e+00
1.958479239619809675e+01,-8.528470928389871863e-01
1.960980490245122354e+01,-6.700221699189961022e-01
1.963481740870435033e+01,-1.264294576296568717e+00
1.965982991495747711e+01,-6.910005236763117065e-01
1.968484242121060390e+01,-1.723115377909881785e-01
1.970985492746373069e+01,-1.173682800858036668e+00
1.973486743371685748e+01,-1.017124743024786726e+00
1.975987993996998426e+01,-1.520002097959111342e+00
1.978489244622311105e+01,-1.416919926932025842e+00
1.980990495247623784e+01,-7.023284342743978392e-01
1.983491745872936463e+01,-4.207369168836062046e-01
1.985992996498249141e+01,-8.842406075800128828e-01
1.988494247123561820e+01,-1.213749454422269114e+00
1.990995497748874143e+01,-4.378277452954495441e-01
1.993496748374186822e+01,-3.606313837878138973e-01
1.995997998999499501e+01,3.896390013903113791e-01
1.998499249624812180e+01,1.862886236959195863e-01
2.001000500250124858e+01,-5.192196131042482038e-02
2.003501750875437537e+01,6.737922570829312230e-01
2.006003001500750216e+01,3.076096181313546229e-01
2.008504252126062894e+01,5.532695851149217470e-01
2.011005502751375573e+01,1.464930626743865538e-02
2.013506753376688252e+01,6.107339585630653378e-01
2.016008004002000931e+01,5.088820191373566448e-01
2.018509254627313609e+01,1.004006119803295238e+00
2.021010505252626288e+01,9.245382466013482015e-01
2.023511755877938967e+01,4.553204714465095559e-01
2.026013006503251646e+01,1.203376844503079468e+00
2.028514257128564324e+01,1.096684324139770128e+00
2.031015507753876648e+01,1.004764367736072916e+00
2.033516758379189326e+01,1.300552016132648259e+00
2.036018009004502005e+01,1.010737539489914516e+00
2.038519259629814684e+01,1.080325541394101307e+00
2.041020510255127363e+01,8.386813933934614829e-01
2.043521760880440041e+01,8.744700220282772829e-01
2.046023011505752720e+01,5.622133177413106697e-01
2.048524262131065399e+01,5.524435592983701904e-01
2.051025512756378077e+01,2.485550231615642758e-01
2.053526763381690756e+01,2.974146534313820700e-02
2.056028014007003435e+01,-1.975633391891782886e-01
2.058529264632316114e+01,2.801298157128713773e-01
2.061030515257628792e+01,-2.704697169620321473e-01
2.063531765882941471e+01,-2.610421263984806783e-01
2.066033016508254150e+01,-4.187530121179358633e-01
2.068534267133566829e+01,-6.421306940538663577e-01
2.071035517758879152e+01,-4.590437766310931367e-01
2.073536768384191831e+01,-9.316392884103452676e-01
2.076038019009504509e+01,-9.044332556445517923e-01
2.078539269634817188e+01,-1.121196687493003719e+00
2.081040520260129867e+01,-8.963243864091676727e-01
2.083541770885442546e+01,-1.592323594990906033e+00
2.086043021510755224e+01,-4.552872002776761073e-01
2.088544272136067903e+01,-5.727960074175073579e-01
2.091045522761380582e+01,-5.983953027345590980e-01
2.093546773386693260e+01,-6.365926527790006784e-01
2.096048024012005939e+01,-1.005556516126523192e+00
2.098549274637318618e+01,-7.937457924370653339e-01
2.101050525262631297e+01,-2.016841918410917089e-01
2.103551775887943975e+01,-4.143191923308425229e-01
2.106053026513256654e+01,-6.950722918488060342e-01
2.108554277138568978e+01,-1.005420111994324017e-01
2.111055527763881656e+01,5.395748422176904757e-01
2.113556778389194335e+01,1.131909216335107021e-01
2.116058029014507014e+01,-2.392864964163948782e-01
2.118559279639819692e+01,6.996088771246948834e-01
2.121060530265132371e+01,4.694642862282090157e-01
2.123561780890445050e+01,1.025758258303950621e+00
2.126063031515757729e+01,7.193811162613235055e-01
2.128564282141070407e+01,8.876666712446665830e-01
2.131065532766383086e+01,8.886094583801728009e-01
2.133566783391695765e+01,1.508157068661724720e+00
2.136068034017008443e+01,9.527236835791526026e-01
2.138569284642321122e+01,6.977697985190247643e-01
2.141070535267633801e+01,4.054501356591133643e-01
2.143571785892946480e+01,4.767060414412651603e-01
2.146073036518259158e+01,4.121275307304982927e-01
2.148574287143571482e+01,5.944722245646394398e-01
2.151075537768884161e+01,5.295826489307248197e-01
2.153576788394196839e+01,3.377790401644542584e-01
2.156078039019509518e+01,7.631716999050590644e-01
2.158579289644822197e+01,4.425778906822530612e-02
2.161080540270134875e+01,1.746895466290706300e-01
2.163581790895447554e+01,-2.764405435585470805e-01
2.166083041520760233e+01,4.992318873861638084e-01
2.168584292146072912e+01,-3.053534933363379333e-01
2.171085542771385590e+01,-7.050605673579795063e-01
2.173586793396698269e+01,-2.361870342578322735e-01
2.176088044022010948e+01,-1.002988669753647200e+00
2.178589294647323626e+01,-2.748050259475804391e-01
2.181090545272636305e+01,-1.286744900467185815e+00
2.183591795897948984e+01,-1.204367908005962606e+00
2.186093046523261663e+01,-7.852777869143970912e-01
2.188594297148573986e+01,-1.189353465474431992e+00
2.191095547773886665e+01,-1.163844963686619716e+00
2.193596798399199344e+01,-8.286997156100793793e-01
2.196098049024512022e+01,-6.005655154325602041e-01
2.198599299649824701e+01,-3.287471641267016853e-01
2.201100550275137380e+01,-6.810009600295731103e-01
2.203601800900450058e+01,-1.285525581138504236e+00
2.206103051525762737e+01,-5.930677084679378819e-01
2.208604302151075416e+01,-3.719025877499827493e-01
2.211105552776388095e+01,-2.287736050185256165e-01
2.213606803401700773e+01,-4.518486742443901805e-01
2.216108054027013452e+01,7.909828522293056718e-03
2.218609304652326131e+01,2.552629279842550392e-01
2.221110555277638809e+01,5.210178580047736263e-01
2.223611805902951488e+01,-8.997036641973765736e-03
2.226113056528264167e+01,4.431664418216801349e-01
2.228614307153576490e+01,3.632116959574368531e-01
2.231115557778889169e+01,8.933114080315032179e-01
2.233616808404201848e+01,1.016399445899965892e+00
2.236118059029514527e+01,6.471832195654305675e-01
2.238619309654827205e+01,9.041104213065641604e-01
2.241120560280139884e+01,3.796330460474688362e-01
2.243621810905452563e+01,6.939071422183349380e-01
2.246123061530765241e+01,6.896657169013320487e-01
2.248624312156077920e+01,3.065634683745409594e-01
2.251125562781390599e+01,9.562922555957342752e-01
2.253626813406703278e+01,8.297580289584566282e-01
2.256128064032015956e+01,3.257391415072716789e-01
2.258629314657328635e+01,5.592234604492404282e-01
2.261130565282641314e+01,5.460895707842454705e-01
2.263631815907953992e+01,6.549932110724273615e-01
2.266133066533266316e+01,4.317508239618110810e-01
2.268634317158578995e+01,1.628459479793630260e-01
2.271135567783891673e+01,-4.819006187813407172e-01
2.273636818409204352e+01,-1.015025107933309190e-01
2.276138069034517031e+01,-5.227959489437019602e-01
2.278639319659829710e+01,-5.580738513473754159e-01
2.281140570285142388e+01,-6.554314461200057007e-01
2.283641820910455067e+01,-8.614119684560048729e-01
2.286143071535767746e+01,-1.128719496314506632e+00
2.288644322161080424e+01,-6.900056121887517824e-01
2.291145572786393103e+01,-3.409336718306331671e-01
2.293646823411705782e+01,-9.211095682800742868e-01
2.296148074037018461e+01,-1.132360795569842704e+00
2.298649324662331139e+01,-6.021942290002697540e-01
2.301150575287643818e+01,-1.152057807611522655e+00
2.303651825912956497e+01,-7.597610923674393835e-01
2.306153076538268820e+01,-8.224202744820380273e-01
2.308654327163581499e+01,-8.117145851699647530e-01
2.311155577788894178e+01,-8.611519216369308838e-01
2.313656828414206856e+01,-2.485155858963392084e-01
2.316158079039519535e+01,-2.686313815166930796e-01
2.318659329664832214e+01,-3.723306695790635223e-01
2.321160580290144893e+01,2.890051100451767468e-02
2.323661830915457571e+01,1.775391093551066390e-01
2.326163081540770250e+01,1.289239344049752378e-01
2.328664332166082929e+01,2.870920539078131162e-02
2.331165582791395607e+01,5.733724720705295486e-01
2.333666833416708286e+01,1.071200308975833959e+00
2.336168084042020965e+01,4.817313467375219926e-01
2.338669334667333644e+01,6.603898004341506311e-01
2.341170585292646322e+01,1.172664257779232999e+00
2.343671835917959001e+01,6.294958509844422734e-01
2.346173086543271324e+01,1.814999861638822543e+00
2.348674337168584003e+01,1.336854778223180995e+00
2.351175587793896682e+01,1.024109807188690491e+00
2.353676838419209361e+01,7.675559225199554136e-01
2.356178089044522039e+01,5.196142434970980606e-01
2.358679339669834718e+01,6.756222281636123927e-01
2.361180590295147397e+01,-2.029049588451969921e-02
2.363681840920460075e+01,6.682990472372744017e-01
2.366183091545772754e+01,2.388443182520532948e-01
2.368684342171085433e+01,5.336273151052557395e-01
2.371185592796398112e+01,-3.135954232543576303e-01
2.373686843421710790e+01,-3.517268891041389622e-01
2.376188094047023469e+01,1.123640523105043365e-02
2.378689344672336148e+01,-2.246154503768205135e-01
2.381190595297648827e+01,-6.423024443562402874e-01
2.383691845922961505e+01,-6.798717456792757741e-01
2.386193096548273829e+01,-8.840583993514664618e-01
2.388694347173586507e+01,-6.670992158314548170e-01
2.391195597798899186e+01,-1.193164750792487849e+00
2.393696848424211865e+01,-1.148216093866322840e+00
2.396198099049524544e+01,-1.904050748464585219e-01
2.398699349674837222e+01,-1.161501693113061506e+00
2.401200600300149901e+01,-9.496995094003837234e-01
2.403701850925462580e+01,-1.133902437994343426e+00
2.406203101550775258e+01,-9.320420352593621338e-01
2.408704352176087937e+01,-7.095458729774591911e-01
2.411205602801400616e+01,-5.697094878826931552e-01
2.413706853426713295e+01,-6.003808977131072089e-01
2.416208104052025973e+01,-7.231811393548891465e-01
2.418709354677338652e+01,-4.698791216979414376e-03
2.421210605302651331e+01,-7.087969065018869808e-01
2.423711855927963654e+01,3.898867171919017660e-01
2.426213106553276333e+01,1.625061490490598837e-01
2.428714357178589012e+01,2.128793980626238203e-01
2.431215607803901690e+01,6.611284400999415389e-01
2.433716858429214369e+01,8.450424899949525726e-01
2.436218109054527048e+01,6.494673791823459830e-01
2.438719359679839727e+01,1.113782843144126344e+00
2.441220610305152405e+01,6.315724532427449134e-01
2.443721860930465084e+01,7.649627103896718960e-01
2.446223111555777763e+01,4.520799513074330589e-01
2.448724362181090441e+01,1.103062904040989833e+00
2.451225612806403120e+01,1.336556607233410965e+00
2.453726863431715799e+01,8.183275181343738769e-01
2.456228114057028478e+01,9.982554318615218802e-01
2.458729364682341156e+01,7.512719040767755763e-01
2.461230615307653835e+01,3.681914747413771449e-01
2.463731865932966159e+01,8.097640838502199179e-01
2.466233116558278837e+01,8.063157372153142433e-01
2.468734367183591516e+01,6.515774617698901761e-01
2.471235617808904195e+01,2.645629380928920527e-01
2.473736868434216873e+01,1.768998352824791565e-01
2.476238119059529552e+01,-1.611428151866379221e-01
2.478739369684842231e+01,1.531483531146072274e-01
2.481240620310154910e+01,2.507745221863250662e-01
2.483741870935467588e+01,-8.341269210432881165e-01
2.486243121560780267e+01,-7.589616867702868586e-01
2.488744372186092946e+01,-1.033467926494520572e+00
2.491245622811405624e+01,-1.552517654293759097e+00
2.493746873436718303e+01,-8.052096401141586313e-01
2.496248124062030982e+01,-1.527578304408524712e+00
2.498749374687343661e+01,-8.609816028100293339e-01
2.501250625312656339e+01,-1.147400405361828746e+00
2.503751875937968663e+01,-9.730493855091694178e-01
2.506253126563281342e+01,-1.110408416447503877e+00
2.508754377188594020e+01,-4.081949182267883836e-01
2.511255627813906699e+01,-1.370710894924054291e-01
2.513756878439219378e+01,-4.237192543553071067e-01
2.516258129064532056e+01,-2.685618577536186269e-01
2.518759379689844735e+01,-1.025945485502189891e-01
2.521260630315157414e+01,-1.734145569862180492e-01
2.523761880940470093e+01,2.157113918543253350e-02
2.526263131565782771e+01,-1.777592805436526979e-01
2.528764382191095450e+01,2.050434324787959173e-01
2.531265632816408129e+01,2.392729350853065318e-01
2.533766883441720807e+01,7.326312125050907786e-01
2.536268134067033486e+01,9.538898818918142286e-01
2.538769384692346165e+01,1.606915966021259745e+00
2.541270635317658844e+01,6.593115491978851495e-01
2.543771885942971167e+01,8.566474326171941156e-01
2.546273136568283846e+01,1.437383106968573854e+00
2.548774387193596525e+01,6.827376896159063069e-01
2.551275637818909203e+01,1.230196521392656672e+00
2.553776888444221882e+01,8.744661410513658861e-01
2.556278139069534561e+01,1.170862934358696483e+00
2.558779389694847239e+01,6.200460552787029345e-01
2.561280640320159918e+01,6.890865105420818093e-01
2.563781890945472597e+01,6.866792275460990025e-01
2.566283141570785276e+01,-2.427757629580314380e-01
2.568784392196097954e+01,2.749505268835444882e-01
2.571285642821410633e+01,3.183370102365301602e-03
2.573786893446723312e+01,-6.710166582756607601e-02
2.576288144072035990e+01,-2.795775336786315290e-01
2.578789394697348669e+01,-8.570506006481739547e-01
2.581290645322660993e+01,-7.969838838565694861e-01
2.583791895947973671e+01,-1.147026550865553940e+00
2.586293146573286350e+01,-7.944773939956616404e-01
2.588794397198599029e+01,-6.378353913654531970e-01
2.591295647823911708e+01,-8.705849879297772320e-01
2.593796898449224386e+01,-1.102012268814819285e+00
2.596298149074537065e+01,-1.175321278043172324e+00
2.598799399699849744e+01,-9.965583085200848679e-01
2.601300650325162422e+01,-9.915561326096384853e-01
2.603801900950475101e+01,-1.398631901153572166e+00
2.606303151575787780e+01,-8.595141914809528716e-01
2.608804402201100459e+01,-6.916093144987609520e-01
2.611305652826413137e+01,-1.840169115175800396e-01
2.613806903451725816e+01,-2.908730287218713184e-01
2.616308154077038495e+01,-4.145585309318984280e-01
2.618809404702351173e+01,-2.043499602514576297e-01
2.621310655327663497e+01,-6.744436110722347166e-01
2.623811905952976176e+01,3.650507901696596613e-02
2.626313156578288854e+01,1.486844927268070327e-01
2.628814407203601533e+01,5.235588609738404120e-01
2.631315657828914212e+01,5.724338916871551941e-01
2.633816908454226891e+01,4.089758398725321098e-01
2.636318159079539569e+01,-5.871395170538828978e-02
2.638819409704852248e+01,7.061031191723381450e-01
2.641320660330164927e+01,5.271128980695996002e-01
2.643821910955477605e+01,7.604451064294160956e-01
2.646323161580790284e+01,1.499869564442802838e+00
2.648824412206102963e+01,9.177740763353745557e-01
2.651325662831415642e+01,1.057671535643452065e+00
2.653826913456728320e+01,7.443713754340298694e-01
2.656328164082040999e+01,1.031734860789518038e+00
2.658829414707353678e+01,8.849021082253059056e-01
2.661330665332666001e+01,6.768124419919356871e-01
2.663831915957978680e+01,5.483575871487080811e-01
2.666333166583291359e+01,4.125928790005879421e-01
2.668834417208604037e+01,5.706711325291480286e-01
2.671335667833916716e+01,-3.864235129801020241e-01
2.673836918459229395e+01,-4.273151742682763654e-01
2.676338169084542074e+01,3.061275227925797093e-01
2.678839419709854752e+01,-4.621953823177978316e-01
2.681340670335167431e+01,-1.551632209024341735e-01
2.683841920960480110e+01,-5.777739002205426466e-01
2.686343171585792788e+01,-7.272561454644294043e-01
2.688844422211105467e+01,-8.927820294439836601e-01
2.691345672836418146e+01,-8.092041174155133465e-01
2.693846923461730825e+01,-8.987233811074150092e-01
2.696348174087043503e+01,-1.424464550744711566e+00
2.698849424712356182e+01,-1.406030536598233294e+00
2.701350675337668505e+01,-1.096691218472159779e+00
2.703851925962981184e+01,-1.191223378774503461e+00
2.706353176588293863e+01,-6.726582323367114036e-01
2.708854427213606542e+01,-7.226366384910306584e-01
2.711355677838919220e+01,-1.780440585400921427e-01
2.713856928464231899e+01,-6.526868797828040414e-01
2.716358179089544578e+01,4.189956935996028697e-01
2.718859429714857256e+01,1.651307923429861657e-01
2.721360680340169935e+01,1.106190595386854214e-01
2.723861930965482614e+01,4.998886867585021210e-01
2.726363181590795293e+01,2.345220391468594845e-01
2.728864432216107971e+01,3.112754438715394922e-01
2.731365682841420650e+01,9.096693035872618349e-01
2.733866933466733329e+01,6.469995487131047218e-01
2.736368184092046008e+01,1.858667181657438494e-01
2.738869434717358331e+01,6.374292410675947984e-01
2.741370685342671010e+01,1.033774169928538100e+00
2.743871935967983688e+01,1.264376765189707097e+00
2.746373186593296367e+01,7.199470976733877148e-01
2.748874437218609046e+01,9.158873579283086652e-01
2.751375687843921725e+01,1.239199416613043336e+00
2.753876938469234403e+01,5.157168055224710113e-01
2.756378189094547082e+01,7.335380170384875331e-01
2.758879439719859761e+01,1.108560375674394027e+00
2.761380690345172439e+01,7.852119700953972270e-01
2.763881940970485118e+01,4.560321117006085889e-02
2.766383191595797797e+01,-8.610500446426896937e-02
2.768884442221110476e+01,-2.634393865188944805e-01
2.771385692846423154e+01,-3.381997389189927983e-01
2.773886943471735833e+01,-6.108889955655482096e-01
2.776388194097048512e+01,-2.437689881578946061e-01
2.778889444722360835e+01,-4.995452690540000962e-01
2.781390695347673514e+01,-1.326947194339622271e+00
2.783891945972986193e+01,-1.155336604356203001e+00
2.786393196598298871e+01,-1.289976742593158310e+00
2.788894447223611550e+01,-1.204743139470367597e+00
2.791395697848924229e+01,-1.119325085573064982e+00
2.793896948474236908e+01,-8.840120077214619343e-01
2.796398199099549586e+01,-7.357767201912126520e-01
2.798899449724862265e+01,-1.107001344289907152e+00
2.801400700350174944e+01,-8.695741960303108309e-01
2.803901950975487622e+01,-7.092494234943466092e-01
2.806403201600800301e+01,-5.449068332735542697e-01
2.808904452226112980e+01,-3.313993661629021648e-01
2.811405702851425659e+01,-6.364889310222815455e-02
2.813906953476738337e+01,1.002887320393450188e-01
2.816408204102051016e+01,5.752210606067655885e-01
2.818909454727363340e+01,6.121693413435782549e-01
2.821410705352676018e+01,8.889951746457294135e-01
2.823911955977988697e+01,3.630314512157004625e-01
2.826413206603301376e+01,7.221375832904953773e-01
2.828914457228614054e+01,1.154884749392011578e+00
2.831415707853926733e+01,1.469242818131046402e+00
2.833916958479239412e+01,1.392484148882732864e+00
2.836418209104552091e+01,7.628320721196789611e-01
2.838919459729864769e+01,1.264016994991367993e+00
2.841420710355177448e+01,1.122455457685926250e+00
2.843921960980490127e+01,1.091952881301507805e+00
2.846423211605802805e+01,1.302594144151672850e+00
2.848924462231115484e+01,7.549411435509558732e-01
2.851425712856428163e+01,6.305337225170338789e-01
2.853926963481740842e+01,5.834754598034055384e-01
2.856428214107053520e+01,-2.377475868360429123e-02
2.858929464732365844e+01,3.586835658055588794e-01
2.861430715357678523e+01,3.860311072300309232e-01
2.863931965982991201e+01,2.139548057578405105e-01
2.866433216608303880e+01,-8.826369308851376161e-01
2.868934467233616559e+01,-5.995491667727441687e-01
2.871435717858929237e+01,-1.098537452690286687e+00
2.873936968484241916e+01,-1.271892836658221615e+00
2.876438219109554595e+01,-3.992576572757113307e-01
2.878939469734867274e+01,-9.743097958212062482e-01
2.881440720360179952e+01,-1.658645798573954888e+00
2.883941970985492631e+01,-6.839501348253500534e-01
2.886443221610805310e+01,-4.985088519916184846e-01
2.888944472236117988e+01,-5.416013119414537780e-01
2.891445722861430667e+01,-8.762004861817881407e-01
2.893946973486743346e+01,-9.591813685247493337e-01
2.896448224112055669e+01,-6.541083910254399392e-01
2.898949474737368348e+01,-2.257356810218434373e-01
2.901450725362681027e+01,-7.382550540492504032e-01
2.903951975987993706e+01,-4.586527517470040394e-02
2.906453226613306384e+01,-1.815513534597267831e-01
2.908954477238619063e+01,-5.351301431948449899e-02
2.911455727863931742e+01,1.031537049370009895e-02
2.913956978489244420e+01,2.521088135432630883e-01
2.916458229114557099e+01,2.114392046525013780e-01
2.918959479739869778e+01,6.533698263794605054e-01
2.921460730365182457e+01,3.548200456924632817e-01
2.923961980990495135e+01,6.150954750643292668e-01
2.926463231615807814e+01,9.859691673567696490e-01
2.928964482241120493e+01,5.499576268034258586e-01
2.931465732866433171e+01,1.238886236273018637e+00
2.933966983491745850e+01,5.089624352151352893e-01
2.936468234117058174e+01,6.554449359745836423e-01
2.938969484742370852e+01,6.829629050403709378e-01
2.941470735367683531e+01,8.586054691512406967e-01
2.943971985992996210e+01,9.146135071395387062e-01
2.946473236618308889e+01,3.453054336088258180e-01
2.948974487243621567e+01,-1.756497717388527668e-02
2.951475737868934246e+01,-7.762803817347033175e-02
2.953976988494246925e+01,-1.621925386555509163e-01
2.956478239119559603e+01,-5.784875303679164471e-01
2.958979489744872282e+01,-2.166759958583105994e-01
2.961480740370184961e+01,-7.516515411919320044e-01
2.963981990995497640e+01,-1.162449383450797402e+00
2.966483241620810318e+01,-9.229081791202158325e-01
2.968984492246122997e+01,-1.063153052759110206e+00
2.971485742871435676e+01,-1.151839100065175536e+00
2.973986993496748354e+01,-9.372015332313314850e-01
2.976488244122060678e+01,-9.127688187866979108e-01
2.978989494747373357e+01,-1.068253216254181570e+00
2.981490745372686035e+01,-1.648303376931813169e+00
2.983991995997998714e+01,-6.228016058316026005e-01
2.986493246623311393e+01,-3.605787147505500334e-01
2.988994497248624072e+01,-3.362822351605028737e-01
2.991495747873936750e+01,-2.509051964819488112e-01
2.993996998499249429e+01,-7.800202736596639763e-01
2.996498249124562108e+01,2.095153458735204977e-02
2.998999499749874786e+01,-3.559240453328263998e-01
3.001500750375187465e+01,5.308805460847998425e-01
3.004002001000500144e+01,-4.682827822822447361e-01
3.006503251625812823e+01,8.537129486487332608e-01
3.009004502251125501e+01,1.636929385959177696e-01
3.011505752876438180e+01,7.863103845312068296e-01
3.014007003501750859e+01,1.397910661286280831e+00
3.016508254127063182e+01,8.829507467986167368e-01
3.019009504752375861e+01,1.006324165684941319e+00
3.021510755377688540e+01,1.025878631131466712e+00
3.024012006003001218e+01,6.917564672168277085e-01
3.026513256628313897e+01,1.112689687476628553e+00
3.029014507253626576e+01,8.652649382232798780e-01
3.031515757878939255e+01,9.966710677151954245e-01
3.034017008504251933e+01,2.479410517990479068e-01
3.036518259129564612e+01,8.934901281699506592e-01
3.039019509754877291e+01,5.681235208755855970e-01
3.041520760380189969e+01,4.884618208804668016e-01
3.044022011005502648e+01,-1.287313419975629203e-01
3.046523261630815327e+01,-4.319477490187331181e-01
3.049024512256128006e+01,-5.711963484826965143e-02
3.051525762881440684e+01,-4.017789133703597582e-01
3.054027013506753008e+01,-4.218680649607643995e-01
3.056528264132065686e+01,-8.452744075822897774e-01
3.059029514757378365e+01,-7.709039902141210376e-01
3.061530765382691044e+01,-8.361839640190679157e-01
3.064032016008003723e+01,-5.013942114515805848e-01
3.066533266633316401e+01,-1.105090982691201873e+00
3.069034517258629080e+01,-4.518828383569484242e-01
3.071535767883941759e+01,-1.215790372042825362e+00
3.074037018509254438e+01,-1.143493707517568403e+00
3.076538269134567116e+01,-1.316971496970556377e+00
3.079039519759879795e+01,-5.197368981385831477e-01
3.081540770385192474e+01,-6.791406342103599725e-01
3.084042021010505152e+01,-1.732130516959993760e-01
3.086543271635817831e+01,-3.274422201455651216e-01
3.089044522261130510e+01,-6.553746523192102713e-02
3.091545772886443189e+01,2.935375176587698420e-01
3.094047023511755512e+01,3.402032844280541424e-01
3.096548274137068191e+01,3.970266377572928551e-01
3.099049524762380869e+01,8.415016224663613986e-01
3.101550775387693548e+01,4.271875456109862079e-01
3.104052026013006227e+01,2.359547095528816696e-01
3.106553276638318906e+01,5.063420090511840943e-01
3.109054527263631584e+01,9.187739592515437037e-01
3.111555777888944263e+01,1.547217199316031966e+00
3.114057028514256942e+01,1.444752550374244215e+00
3.116558279139569620e+01,1.176238481645752731e+00
3.119059529764882299e+01,8.308339197962115730e-01
3.121560780390194978e+01,5.465870226154465605e-01
3.124062031015507657e+01,4.980261840646881821e-01
3.126563281640820335e+01,6.203858132991724172e-01
3.129064532266133014e+01,4.868624615826617763e-01
3.131565782891445693e+01,6.469475289494736048e-03
3.134067033516758016e+01,-7.704995182614184090e-02
3.136568284142070695e+01,-5.618473127867362749e-01
3.139069534767383374e+01,-3.675603918439767637e-01
3.141570785392696052e+01,-7.891123844202313498e-02
3.144072036018008731e+01,-5.365484259631470021e-01
3.146573286643321410e+01,-8.650297124089120215e-01
3.149074537268634089e+01,-1.193730878483852731e+00
3.151575787893946767e+01,-6.495185463511520263e-01
3.154077038519259446e+01,-1.804125154605051851e+00
3.156578289144572125e+01,-8.076822891535845317e-01
3.159079539769884803e+01,-7.198125328019377989e-01
3.161580790395197482e+01,-8.442222798147136498e-01
3.164082041020510161e+01,-8.344329664406843206e-01
3.166583291645822840e+01,-6.130451010149937652e-01
3.169084542271135518e+01,-8.836063166660614865e-01
3.171585792896448197e+01,-5.380512366189752482e-01
3.174087043521760521e+01,2.679461168517182634e-01
3.176588294147073199e+01,4.288315062599408201e-01
3.179089544772385878e+01,-1.166355630770211788e-01
3.181590795397698557e+01,-2.131281485047351598e-01
3.184092046023011235e+01,1.176717574175021319e-01
3.186593296648323914e+01,1.000512445591016153e+00
3.189094547273636593e+01,4.318886489739832690e-01
3.191595797898949272e+01,9.981228070166169308e-01
3.194097048524261950e+01,1.045412143689577800e+00
3.196598299149574629e+01,1.335970083911242723e+00
3.199099549774887308e+01,9.117411374056002549e-01
3.201600800400199631e+01,7.709453908926801047e-01
3.204102051025512310e+01,8.911889610792355088e-01
3.206603301650824989e+01,1.122494058010607310e+00
3.209104552276137667e+01,1.061394630369566272e+00
3.211605802901450346e+01,9.588805707423438962e-01
3.214107053526763025e+01,5.560109074874065582e-01
3.216608304152075704e+01,3.234118467806633701e-01
3.219109554777388382e+01,6.283692661770254317e-02
3.221610805402701061e+01,-6.987968143960230361e-01
3.224112056028013740e+01,1.941593222436725774e-02
3.226613306653326418e+01,1.341721119120189432e-01
3.229114557278639097e+01,-2.386819934891305506e-01
3.231615807903951776e+01,-4.411564345610077265e-01
3.234117058529264455e+01,-9.261575263377932465e-01
3.236618309154577133e+01,-1.445735784053461703e+00
3.239119559779889812e+01,-9.402628656800223750e-01
3.241620810405202491e+01,-9.626495651590595282e-01
3.244122061030515169e+01,-1.429166536975955415e+00
3.246623311655827848e+01,-9.506255207450858835e-01
3.249124562281140527e+01,-8.031629699385953725e-01
3.251625812906453206e+01,-1.087348169640283357e+00
3.254127063531765884e+01,-3.707218231746278181e-01
3.256628314157078563e+01,-8.091792751163070507e-01
3.259129564782391242e+01,-4.652781140766630297e-01
3.261630815407703921e+01,-2.944636236495742354e-01
3.264132066033016599e+01,-2.895702761162810557e-01
3.266633316658329278e+01,2.819978374763619233e-01
3.269134567283641957e+01,9.922639464803895137e-02
3.271635817908953925e+01,2.215984504866267413e-01
3.274137068534266604e+01,7.963060940047848035e-01
3.276638319159579282e+01,2.347056082712855596e-01
3.279139569784891961e+01,9.613182234773589574e-01
3.281640820410204640e+01,1.149432238828339781e+00
3.284142071035517318e+01,7.873945858112139096e-01
3.286643321660829997e+01,1.520555229116093976e+00
3.289144572286142676e+01,6.541033050464430953e-01
3.291645822911455355e+01,9.624522634490633166e-01
3.294147073536768033e+01,1.135698090538146632e+00
3.296648324162080712e+01,7.536099297494236460e-01
3.299149574787393391e+01,4.199426010397055986e-01
3.301650825412706070e+01,7.851046160411677688e-01
3.304152076038018748e+01,-4.420531116318543452e-02
3.306653326663331427e+01,-5.381532488424625726e-02
3.309154577288644106e+01,1.257214401385307878e-01
3.311655827913956784e+01,-2.817687869553006097e-01
3.314157078539269463e+01,-3.093916027305512184e-01
3.316658329164582142e+01,-4.236580972009673651e-01
3.319159579789894821e+01,-4.610458177773573141e-01
3.321660830415207499e+01,-3.442137209164664036e-01
3.324162081040520178e+01,-1.276849980822674757e+00
3.326663331665832857e+01,-5.887157776257623265e-01
3.329164582291145535e+01,-1.378462508964633404e+00
3.331665832916458214e+01,-9.220319189441730234e-01
3.334167083541770893e+01,-1.030155987205137347e+00
3.336668334167083572e+01,-6.527485293204693395e-01
3.339169584792396250e+01,-6.215765942453563841e-01
3.341670835417708929e+01,-5.957710242879175055e-01
3.344172086043021608e+01,-8.465310610220784238e-01
3.346673336668334287e+01,-6.558826257690677508e-01
3.349174587293646965e+01,-1.948919011990218053e-01
3.351675837918958933e+01,2.060460807829866958e-02
3.354177088544271612e+01,-1.767914779730329899e-01
3.356678339169584291e+01,5.600222667380929664e-01
3.359179589794896970e+01,7.516045234714602286e-01
3.361680840420209648e+01,8.108425092606221796e-01
3.364182091045522327e+01,6.557377812085317670e-01
3.366683341670835006e+01,7.010633161596532270e-01
3.369184592296147684e+01,1.086106651356302244e+00
3.371685842921460363e+01,1.131816488403135867e+00
3.374187093546773042e+01,1.334151677934816371e+00
3.376688344172085721e+01,1.221931884083372166e+00
3.379189594797398399e+01,4.615070870945675585e-01
3.381690845422711078e+01,5.061728237015699072e-01
3.384192096048023757e+01,4.300764603625082949e-01
3.386693346673336436e+01,1.004990382543452077e+00
3.389194597298649114e+01,5.532633120991683473e-01
3.391695847923961793e+01,6.715135448279536678e-01
3.394197098549274472e+01,1.208055225311450986e-02
3.396698349174587150e+01,-1.818980199417661037e-01
3.399199599799899829e+01,-4.878570680884760091e-01
3.401700850425212508e+01,-4.612631558232599405e-02
3.404202101050525187e+01,-5.072576079723043474e-01
3.406703351675837865e+01,-3.880292288908037679e-01
3.409204602301150544e+01,-8.266002951458409909e-01
3.411705852926463223e+01,-9.451514399783886855e-01
3.414207103551775901e+01,-6.460988229845339159e-01
3.416708354177088580e+01,-1.221334291127235128e+00
3.419209604802401259e+01,-7.384434629452074628e-01
3.421710855427713938e+01,-2.686023649108006950e-01
3.424212106053026616e+01,-1.034875407693516491e+00
3.426713356678339295e+01,-5.436511310057183799e-01
3.429214607303651263e+01,-6.035747309805234995e-01
3.431715857928963942e+01,2.572584697473270232e-01
3.434217108554276621e+01,-9.546139875936677788e-01
3.436718359179589299e+01,-5.408196000638925138e-01
3.439219609804901978e+01,2.963619504493699153e-01
3.441720860430214657e+01,3.333049701149869426e-01
3.444222111055527336e+01,6.768228357977487120e-01
3.446723361680840014e+01,5.776042045809853809e-01
3.449224612306152693e+01,3.545984966750107548e-01
3.451725862931465372e+01,1.443554965645488242e+00
3.454227113556778050e+01,1.089096721503020282e+00
3.456728364182090729e+01,5.135242725263892138e-01
3.459229614807403408e+01,8.871330551258520547e-01
3.461730865432716087e+01,1.008510427043336488e+00
3.464232116058028765e+01,9.937147199750301363e-01
3.466733366683341444e+01,2.245084541137429834e-01
3.469234617308654123e+01,7.453437249529809572e-01
3.471735867933966802e+01,8.004054930884256791e-01
3.474237118559279480e+01,3.004401885240865488e-01
3.476738369184592159e+01,3.040791464768560215e-01
3.479239619809904838e+01,3.918971004868334607e-01
3.481740870435217516e+01,1.116423369315185654e-01
3.484242121060530195e+01,-3.796018559279212279e-01
3.486743371685842874e+01,-5.024462020988473832e-01
3.489244622311155553e+01,-7.521775261029051141e-02
3.491745872936468231e+01,-6.214794035068077482e-01
3.494247123561780910e+01,-8.423878385764587140e-01
3.496748374187093589e+01,-8.024453366308131885e-01
3.499249624812406267e+01,-1.164134348994282586e+00
3.501750875437718946e+01,-3.711306535309520926e-01
3.504252126063031625e+01,-5.721241779993813115e-01
3.506753376688344304e+01,-1.154182950637599347e+00
3.509254627313656272e+01,-6.194293466440986551e-01
3.511755877938968951e+01,-8.767694571119106772e-01
3.514257128564281629e+01,-5.583300817522581783e-01
3.516758379189594308e+01,-5.530919874981782280e-02
3.519259629814906987e+01,-1.641288335100002105e-01
3.521760880440219665e+01,2.882264539029517625e-01
3.524262131065532344e+01,2.299243065008579334e-01
3.526763381690845023e+01,4.826760046080427191e-01
3.529264632316157702e+01,1.940323798050035409e-01
3.531765882941470380e+01,6.982610502158591581e-01
3.534267133566783059e+01,8.181047184336582845e-01
3.536768384192095738e+01,8.847556799733679034e-01
3.539269634817408416e+01,9.082531936586375476e-01
3.541770885442721095e+01,9.790877393152904729e-01
3.544272136068033774e+01,1.065316583609287715e+00
3.546773386693346453e+01,1.929658675649014166e-01
3.549274637318659131e+01,1.251223754716395797e+00
3.551775887943971810e+01,8.764854421393349915e-01
3.554277138569284489e+01,-6.404659878645413418e-02
3.556778389194597167e+01,4.111368590405811707e-01
3.559279639819909846e+01,-5.596538892526925491e-03
3.561780890445222525e+01,-2.227924416044310685e-01
3.564282141070535204e+01,7.307806950208464714e-02
3.566783391695847882e+01,-6.083823986586560650e-01
3.569284642321160561e+01,-5.656925303055222454e-01
3.571785892946473240e+01,-7.784549542521250753e-01
3.574287143571785919e+01,-4.245740342047044091e-01
3.576788394197098597e+01,-2.478451245763502175e-01
3.579289644822411276e+01,-1.135009541961987889e+00
3.581790895447723955e+01,-1.386081744037241936e+00
3.584292146073036633e+01,-1.103852641732329110e+00
3.586793396698348602e+01,-7.300654912302152466e-01
3.589294647323661280e+01,-7.627088527422409836e-01
3.591795897948973959e+01,-1.118598240723887249e+00
3.594297148574286638e+01,-7.443100016058873392e-01
3.596798399199599316e+01,-6.810334300424873977e-01
3.599299649824911995e+01,-4.828613793834275469e-01
3.601800900450224674e+01,-6.002355532117354536e-02
3.604302151075537353e+01,1.092157841810501018e-01
3.606803401700850031e+01,2.497190940882004495e-01
3.609304652326162710e+01,3.753099463160761706e-01
3.611805902951475389e+01,6.413307558479974801e-02
3.614307153576788068e+01,8.910016204950139684e-01
3.616808404202100746e+01,3.223951935004716329e-01
3.619309654827413425e+01,6.804767319364338762e-01
3.621810905452726104e+01,4.858700498842559723e-01
3.624312156078038782e+01,6.690946925942362622e-01
3.626813406703351461e+01,3.331629982777213339e-01
3.629314657328664140e+01,8.457009356984237503e-01
3.631815907953976819e+01,9.804906728556179729e-01
3.634317158579289497e+01,9.224759247346379087e-01
3.636818409204602176e+01,8.117435316125786171e-01
3.639319659829914855e+01,1.132113510678977031e-01
3.641820910455227533e+01,-2.024685763060790344e-01
3.644322161080540212e+01,-2.166757786004284148e-01
3.646823411705852891e+01,9.550319940196169699e-02
3.649324662331165570e+01,-9.254039557922494330e-02
3.651825912956478248e+01,-7.677074317349403820e-01
3.654327163581790927e+01,-7.884104939345222274e-01
3.656828414207103606e+01,-6.871445529943276398e-01
3.659329664832416285e+01,-3.636044624851380025e-01
3.661830915457728963e+01,-9.969624027339223371e-01
3.664332166083041642e+01,-8.078659735789414098e-01
3.666833416708353610e+01,-9.302847101038794753e-01
3.669334667333666289e+01,-1.180915577273333739e+00
3.671835917958978968e+01,-6.748280575792335867e-01
3.674337168584291646e+01,-9.028141557298789976e-01
3.676838419209604325e+01,-5.364811883537310422e-01
3.679339669834917004e+01,-8.069134180137071954e-01
3.681840920460229682e+01,-5.126055330569190271e-02
3.684342171085542361e+01,4.226400249154033117e-02
3.686843421710855040e+01,2.756141968158760669e-01
3.689344672336167719e+01,2.448619532650895270e-01
3.691845922961480397e+01,1.656262786971980372e-01
3.694347173586793076e+01,2.394975820047854365e-01
3.696848424212105755e+01,1.039773783825272524e+00
3.699349674837418434e+01,1.215917677726870316e+00
3.701850925462731112e+01,8.338041736240588975e-01
3.704352176088043791e+01,6.591950148012374333e-01
3.706853426713356470e+01,4.125869530315393607e-01
3.709354677338669148e+01,9.130271272029646390e-01
3.711855927963981827e+01,1.012840986533244614e+00
3.714357178589294506e+01,1.171442597391727514e+00
3.716858429214607185e+01,6.637962105708244964e-01
3.719359679839919863e+01,4.139140022149149778e-01
3.721860930465232542e+01,1.997304530011329571e-01
3.724362181090545221e+01,1.440562521194270751e-01
3.726863431715857899e+01,-1.356247938992189150e-01
3.729364682341170578e+01,-5.203537660657736597e-01
3.731865932966483257e+01,-4.421238036120043180e-01
3.734367183591795936e+01,-8.235387637384484760e-01
3.736868434217108614e+01,-7.336672472992349370e-01
3.739369684842421293e+01,-9.588052237323626548e-01
3.741870935467733972e+01,-4.847862462124198357e-01
3.744372186093045940e+01,-1.412237371359975180e+00
3.746873436718358619e+01,-6.199757809716166523e-01
3.749374687343671297e+01,-1.116677363417932556e+00
3.751875937968983976e+01,-8.051745026078912515e-01
3.754377188594296655e+01,-8.151237747811871381e-01
3.756878439219609334e+01,-5.567157748456649236e-01
3.759379689844922012e+01,-1.704093956031765278e-01
3.761880940470234691e+01,-2.631754405749145986e-01
3.764382191095547370e+01,-4.207932188943049878e-01
3.766883441720860048e+01,5.012160576454947059e-01
3.769384692346172727e+01,2.810471310720056848e-01
3.771885942971485406e+01,1.530933462064267836e-01
3.774387193596798085e+01,4.579372385195374373e-01
3.776888444222110763e+01,8.827663988407353779e-01
3.779389694847423442e+01,6.997471862807707055e-01
3.781890945472736121e+01,1.187088329385785457e+00
3.784392196098048800e+01,1.173896333579180107e+00
3.786893446723361478e+01,1.543164834025913645e+00
3.789394697348674157e+01,2.797709041344347280e-01
3.791895947973986836e+01,1.035970434369600346e+00
3.794397198599299514e+01,1.053395102045936671e+00
3.796898449224612193e+01,5.003681810033326904e-01
3.799399699849924872e+01,5.096097014275271508e-01
3.801900950475237551e+01,-2.205845714265108892e-02
3.804402201100550229e+01,-1.711454636781719330e-01
3.806903451725862908e+01,-1.213735617985305104e-01
3.809404702351175587e+01,-1.984808329650318837e-01
3.811905952976488265e+01,-6.569316931374269419e-01
3.814407203601800944e+01,-7.898902955005019377e-01
3.816908454227113623e+01,-5.310853956255383590e-01
3.819409704852426302e+01,-7.841933651254018312e-01
3.821910955477738980e+01,-1.799623674580948629e+00
3.824412206103050949e+01,-6.167737297131830054e-01
3.826913456728363627e+01,-9.107645600391013341e-01
3.829414707353676306e+01,-7.278673718093104927e-01
3.831915957978988985e+01,-1.276517741840148545e+00
3.834417208604301663e+01,-6.311344180920214209e-01
3.836918459229614342e+01,-7.901181155706259451e-01
3.839419709854927021e+01,-4.094167496945519402e-01
3.841920960480239700e+01,2.921825944705269684e-01
3.844422211105552378e+01,2.150246850636794715e-01
3.846923461730865057e+01,1.612047692602581739e-01
3.849424712356177736e+01,8.333646822198359505e-02
3.851925962981490414e+01,2.153109174158228112e-01
3.854427213606803093e+01,3.857896900370523796e-01
3.856928464232115772e+01,5.128161333994201154e-01
3.859429714857428451e+01,1.057381465523405506e+00
3.861930965482741129e+01,5.942508134725839053e-01
3.864432216108053808e+01,8.462105811977626013e-01
3.866933466733366487e+01,5.416462341408048164e-01
3.869434717358679165e+01,7.091864984235107805e-01
3.871935967983991844e+01,8.467465203542654528e-01
3.874437218609304523e+01,8.136258939242888566e-01
3.876938469234617202e+01,7.514535028720646936e-01
3.879439719859929880e+01,3.989287129231289253e-01
3.881940970485242559e+01,2.470723069356260682e-02
3.884442221110555238e+01,-4.284297993113762582e-01
3.886943471735867917e+01,-4.546066044733089728e-01
3.889444722361180595e+01,-8.769468353418035100e-01
3.891945972986493274e+01,-3.461042890184797827e-01
3.894447223611805953e+01,-1.078853438991629998e+00
3.896948474237118631e+01,-9.946258649082629910e-01
3.899449724862431310e+01,-8.944871736340690438e-01
3.901950975487743278e+01,-1.003726836845766357e+00
3.904452226113055957e+01,-6.741141008824809155e-01
3.906953476738368636e+01,-8.373515574942640427e-01
3.909454727363681315e+01,-7.254278792533053188e-01
3.911955977988993993e+01,-6.716562231091671720e-02
3.914457228614306672e+01,-5.805796238811411492e-01
3.916958479239619351e+01,-3.657939093809082776e-01
3.919459729864932029e+01,1.406378863751812092e-01
3.921960980490244708e+01,8.865545445344125142e-02
3.924462231115557387e+01,1.862630050770506807e-01
3.926963481740870066e+01,5.729806020883009277e-01
3.929464732366182744e+01,2.695265275832706697e-01
3.931965982991495423e+01,7.979560000424507082e-01
3.934467233616808102e+01,6.380502959646612293e-01
3.936968484242120780e+01,8.306117827449227553e-01
3.939469734867433459e+01,1.051655524567283173e+00
3.941970985492746138e+01,1.093799547339452172e+00
3.944472236118058817e+01,7.754560531081544639e-01
3.946973486743371495e+01,9.349974989016861526e-01
3.949474737368684174e+01,1.696518110583568051e-01
3.951975987993996853e+01,3.457827808132617475e-01
3.954477238619309531e+01,2.645676551338191351e-01
3.956978489244622210e+01,4.266160046983792364e-01
3.959479739869934889e+01,-8.042583987161400216e-02
3.961980990495247568e+01,-1.672553017535661768e-01
3.964482241120560246e+01,-7.475831592950116233e-02
3.966983491745872925e+01,-6.030758610125336316e-01
3.969484742371185604e+01,-6.233302201328100312e-01
3.971985992996498283e+01,-4.330334530131411674e-01
3.974487243621810961e+01,-8.814573682886076567e-01
3.976988494247123640e+01,-1.587782024463542108e+00
3.979489744872436319e+01,-1.041681197959512417e+00
3.981990995497748287e+01,-8.266054040657246915e-01
3.984492246123060966e+01,-4.007225362307179628e-01
3.986993496748373644e+01,-1.419885990652902219e+00
3.989494747373686323e+01,-5.674621143966307457e-01
3.991995997998999002e+01,-2.010367335618420959e-01
3.994497248624311680e+01,-2.283122402563457498e-01
3.996998499249624359e+01,1.800885310645961024e-02
3.999499749874937038e+01,1.181293117154829236e-01
4.002001000500249717e+01,3.114022831197832408e-01
4.004502251125562395e+01,6.265001726019275852e-02
4.007003501750875074e+01,7.312751547458820056e-01
4.009504752376187753e+01,1.061379677887481554e+00
4.012006003001500432e+01,1.135802422914274468e+00
4.014507253626813110e+01,9.566705380415158055e-01
4.017008504252125789e+01,9.881397732218247798e-01
4.019509754877438468e+01,1.130005979117688408e+00
4.022011005502751146e+01,8.122306594354574694e-01
4.024512256128063825e+01,7.801770688052251934e-01
4.027013506753376504e+01,4.812038280809550761e-01
4.029514757378689183e+01,1.285080135522438827e+00
4.032016008004001861e+01,1.164172057514624714e-01
4.034517258629314540e+01,3.545319308991643492e-01
4.037018509254627219e+01,-1.759269786164379679e-01
4.039519759879939897e+01,-3.986070114132124198e-01
4.042021010505252576e+01,-5.997333157697950501e-01
4.044522261130565255e+01,-3.107130604886471081e-02
4.047023511755877934e+01,-7.135501320529508140e-01
4.049524762381190612e+01,-1.213732982261352733e+00
4.052026013006503291e+01,-4.297848549247562100e-01
4.054527263631815970e+01,-8.522342366411015391e-01
4.057028514257128649e+01,-9.002653093655419436e-01
4.059529764882440617e+01,-1.124539940560002504e+00
4.062031015507753295e+01,-1.056988716488886260e+00
4.064532266133065974e+01,-1.302422166886773702e+00
4.067033516758378653e+01,-6.796914735652647144e-01
4.069534767383691332e+01,-5.028338987239470148e-01
4.072036018009004010e+01,-2.334054184917645214e-01
4.074537268634316689e+01,-2.050558586742165512e-01
4.077038519259629368e+01,4.532256199140414221e-01
4.079539769884942046e+01,-5.745891335669311983e-02
4.082041020510254725e+01,1.729904483603848520e-01
4.084542271135567404e+01,9.796463802126406106e-01
4.087043521760880083e+01,8.732930805758598591e-01
4.089544772386192761e+01,6.436698287015446551e-01
4.092046023011505440e+01,6.680278907992647230e-01
4.094547273636818119e+01,1.228406812915096902e+00
4.097048524262130798e+01,9.888493814890362277e-01
4.099549774887443476e+01,1.291155683960344414e+00
4.102051025512756155e+01,9.578024137757423784e-01
4.104552276138068834e+01,8.707520787412141861e-01
4.107053526763381512e+01,7.181821098355419819e-01
4.109554777388694191e+01,3.539867380469430835e-01
4.112056028014006870e+01,-4.908444711098966518e-02
4.114557278639319549e+01,-1.807285181952447695e-01
4.117058529264632227e+01,-1.563283548252775157e-01
4.119559779889944906e+01,-8.108282982586424437e-01
4.122061030515257585e+01,-3.758934337258065250e-01
4.124562281140570263e+01,-5.556446766795997139e-02
4.127063531765882942e+01,-8.669564186208953416e-01
4.129564782391195621e+01,-9.595873810329508258e-01
4.132066033016508300e+01,-6.569641981629215088e-01
4.134567283641820978e+01,-8.992379875176553794e-01
4.137068534267133657e+01,-1.371759047202600001e+00
4.139569784892445625e+01,-7.152354450866826863e-01
4.142071035517758304e+01,-4.692642153432025620e-01
4.144572286143070983e+01,2.275527212535199961e-02
4.147073536768383661e+01,-8.520677002115273346e-02
4.149574787393696340e+01,-6.410881554321060660e-01
4.152076038019009019e+01,3.524947917930100205e-01
4.154577288644321698e+01,-4.551466693349801584e-01
4.157078539269634376e+01,8.284556860351319774e-01
4.159579789894947055e+01,9.301807734682019380e-01
4.162081040520259734e+01,9.792970566444998415e-01
4.164582291145572412e+01,1.252085894020745105e+00
4.167083541770885091e+01,1.697728250184172616e+00
4.169584792396197770e+01,8.865608993499927148e-01
4.172086043021510449e+01,5.568581826662841738e-01
4.174587293646823127e+01,1.137638116804401633e+00
4.177088544272135806e+01,9.706327553569994437e-01
4.179589794897448485e+01,9.326094918034494308e-01
4.182091045522761164e+01,7.592814373900449443e-01
4.184592296148073842e+01,5.217887017478288758e-01
4.187093546773386521e+01,3.946065793672741129e-01
4.189594797398699200e+01,2.490109899677750982e-01
4.192096048024011878e+01,-5.428839903612291407e-01
4.194597298649324557e+01,-5.263840826399132089e-01
4.197098549274637236e+01,-3.663781526202720684e-01
4.199599799899949915e+01,-5.541440015171728017e-01
4.202101050525262593e+01,-7.086438613726390168e-01
4.204602301150575272e+01,-9.379435018643867972e-01
4.207103551775887951e+01,-1.326248653491937546e+00
4.209604802401200629e+01,-1.190047760458756487e+00
4.212106053026513308e+01,-8.573521985436365345e-01
4.214607303651825987e+01,-7.893628395327862979e-01
4.217108554277137955e+01,-8.940666014078997303e-01
4.219609804902450634e+01,-6.212281104431064405e-01
4.222111055527763313e+01,-5.046344378250673390e-01
4.224612306153075991e+01,-1.193899832859108279e-01
4.227113556778388670e+01,3.056665376508255760e-01
4.229614807403701349e+01,-4.946022741819042223e-02
4.232116058029014027e+01,5.628843659247501074e-01
4.234617308654326706e+01,8.515220717839007136e-01
4.237118559279639385e+01,2.820323622308613110e-01
4.239619809904952064e+01,1.030615462455921172e+00
4.242121060530264742e+01,5.555319754775782659e-01
4.244622311155577421e+01,1.026302631809709265e+00
4.247123561780890100e+01,3.169621795477696180e-01
4.249624812406202778e+01,7.079316008816272099e-01
4.252126063031515457e+01,1.212478356180763717e+00
4.254627313656828136e+01,5.948004580825890786e-01
4.257128564282140815e+01,4.901662136653821000e-01
4.259629814907453493e+01,9.295385943084393254e-01
4.262131065532766172e+01,4.294808079254398836e-02
4.264632316158078851e+01,7.286127535826442125e-04
4.267133566783391529e+01,-1.040635636855150037e-01
4.269634817408704208e+01,-3.722940359917135678e-01
4.272136068034016887e+01,-9.990207341499781624e-01
4.274637318659329566e+01,-1.007437969979904091e+00
4.277138569284642244e+01,-1.237105830285826213e+00
4.279639819909954923e+01,-8.658838898099162629e-01
4.282141070535267602e+01,-1.000245372805140809e+00
4.284642321160580281e+01,-9.284782766410956123e-01
4.287143571785892959e+01,-1.043513346476387271e+00
4.289644822411205638e+01,-1.002807944041301358e+00
4.292146073036518317e+01,-2.348899214620399079e-01
4.294647323661830995e+01,-2.265885930639603418e-01
4.297148574287142964e+01,3.584933911012896934e-01
4.299649824912455642e+01,-2.014155458843556457e-01
4.302151075537768321e+01,1.772137865488967456e-01
4.304652326163081000e+01,2.240323492587774634e-01
4.307153576788393678e+01,8.642354940138625707e-01
4.309654827413706357e+01,3.212799540906065010e-01
4.312156078039019036e+01,7.696271767651847728e-01
4.314657328664331715e+01,1.591323989566656660e+00
4.317158579289644393e+01,1.671198338259715754e+00
4.319659829914957072e+01,8.984702571868057319e-01
4.322161080540269751e+01,1.129193977507839675e+00
4.324662331165582430e+01,1.142729194037733542e+00
4.327163581790895108e+01,1.188681887635668399e+00
4.329664832416207787e+01,9.943061365779148897e-01
4.332166083041520466e+01,-2.903806820540631994e-01
4.334667333666833144e+01,-4.473521957131235127e-02
4.337168584292145823e+01,3.209174383005198861e-01
4.339669834917458502e+01,-3.123714557086038623e-01
4.342171085542771181e+01,-5.467884389876180862e-01
4.344672336168083859e+01,-8.077474788563401287e-01
4.347173586793396538e+01,-7.792098729649900024e-01
4.349674837418709217e+01,-9.705586615621503155e-01
4.352176088044021895e+01,-1.125457178160853333e+00
4.354677338669334574e+01,-7.386883540876840737e-01
4.357178589294647253e+01,-9.309686286935792143e-01
4.359679839919959932e+01,-4.463447352149376157e-01
4.362181090545272610e+01,-7.585458847065278398e-01
4.364682341170585289e+01,-1.008989557793354530e+00
4.367183591795897968e+01,-1.107719204457023654e+00
4.369684842421210647e+01,-4.440553038490142601e-01
4.372186093046523325e+01,-7.027630205967101695e-02
4.374687343671835293e+01,5.942508665497026055e-01
4.377188594297147972e+01,3.249704001138131182e-01
4.379689844922460651e+01,4.804921723160834324e-01
4.382191095547773330e+01,6.421795477197377311e-01
4.384692346173086008e+01,4.924669075666344709e-01
4.387193596798398687e+01,1.054493201207966857e+00
4.389694847423711366e+01,1.114386938678894046e+00
4.392196098049024044e+01,1.104824429407204045e+00
4.394697348674336723e+01,1.006873018467303593e+00
4.397198599299649402e+01,1.012974275065135155e+00
4.399699849924962081e+01,6.541412385347592506e-01
4.402201100550274759e+01,9.914693666360061552e-01
4.404702351175587438e+01,6.703048109238088914e-01
4.407203601800900117e+01,7.579812115323376620e-01
4.409704852426212796e+01,5.667015157858823482e-01
4.412206103051525474e+01,-9.774927186536075396e-02
4.414707353676838153e+01,-1.060800555909530374e+00
4.417208604302150832e+01,-8.585403783895759755e-01
4.419709854927463510e+01,-2.361156491062436080e-01
4.422211105552776189e+01,-7.349334060852581452e-01
4.424712356178088868e+01,-9.925820666647928725e-01
4.427213606803401547e+01,-1.346398577708840749e+00
4.429714857428714225e+01,-4.274642908625047033e-01
4.432216108054026904e+01,-4.645923266118011652e-01
4.434717358679339583e+01,-3.163154607453775302e-01
4.437218609304652261e+01,-1.932435474472365966e-01
4.439719859929964940e+01,-4.978122679749895085e-01
4.442221110555277619e+01,-3.056168057565528673e-01
4.444722361180590298e+01,2.270600655022743664e-01
4.447223611805902976e+01,-1.648184942536902176e-01
4.449724862431215655e+01,3.040110202965674024e-01
4.452226113056528334e+01,7.915432261565318317e-01
4.454727363681840302e+01,5.082136784550307373e-01
4.457228614307152981e+01,6.678336908898927504e-01
4.459729864932465659e+01,5.996208122157891118e-01
4.462231115557778338e+01,8.683808951168582313e-01
4.464732366183091017e+01,1.079233153729066697e+00
4.467233616808403696e+01,6.087033971810279498e-01
4.469734867433716374e+01,8.196143900716478248e-01
4.472236118059029053e+01,7.862028744730418239e-01
4.474737368684341732e+01,8.910981179608026270e-01
4.477238619309654410e+01,4.448810732594030704e-01
4.479739869934967089e+01,4.880599551826946825e-01
4.482241120560279768e+01,6.020018244739343272e-02
4.484742371185592447e+01,-6.233928390598110214e-01
4.487243621810905125e+01,-3.549419425006290485e-01
4.489744872436217804e+01,-1.168990333124362735e+00
4.492246123061530483e+01,-1.118090049610645398e+00
4.494747373686843162e+01,-6.601538140870446547e-01
4.497248624312155840e+01,-4.755447708952043606e-01
4.499749874937468519e+01,-1.147511112798279997e+00
4.502251125562781198e+01,-9.592475620042393292e-01
4.504752376188093876e+01,-1.287006552576160923e+00
4.507253626813406555e+01,-1.470657158120117103e+00
4.509754877438719234e+01,-6.010956757569098086e-01
4.512256128064031913e+01,-1.005563679039770175e+00
4.514757378689344591e+01,-2.461181115673654607e-01
4.517258629314657270e+01,2.563336767992719367e-01
4.519759879939969949e+01,2.027644999167556028e-01
4.522261130565282627e+01,8.003566681639736613e-01
4.524762381190595306e+01,5.614316362499764956e-01
4.527263631815907985e+01,4.232229845694562287e-01
4.529764882441220664e+01,5.261073339271695737e-01
4.532266133066532632e+01,9.169913527609753201e-01
4.534767383691845311e+01,1.107120396363721282e+00
4.537268634317157989e+01,8.686314485214442493e-01
4.539769884942470668e+01,1.039092971794233211e+00
4.542271135567783347e+01,2.751436738265444770e-01
4.544772386193096025e+01,2.595716580302869780e-01
4.547273636818408704e+01,5.607049955711157496e-01
4.549774887443721383e+01,2.224645516609755624e-01
4.552276138069034062e+01,-4.557846783402673130e-01
4.554777388694346740e+01,-6.439217688108604953e-01
4.557278639319659419e+01,-4.242007185500245026e-01
4.559779889944972098e+01,-5.866273181916642487e-01
4.562281140570284776e+01,-3.840155387364348472e-01
4.564782391195597455e+01,-5.947623910968762306e-01
4.567283641820910134e+01,-7.589059130561709443e-01
4.569784892446222813e+01,-1.004643921163138831e+00
4.572286143071535491e+01,-1.324915941992181878e+00
4.574787393696848170e+01,-9.752589373960027785e-01
4.577288644322160849e+01,-6.724326927132300291e-01
4.579789894947473528e+01,-1.225104282535076861e+00
4.582291145572786206e+01,-2.130856676703145047e-01
4.584792396198098885e+01,-1.021473539089343907e+00
4.587293646823411564e+01,-1.665932104756483734e-01
4.589794897448724242e+01,-6.485978251872460965e-02
4.592296148074036921e+01,4.239332507459403487e-01
4.594797398699349600e+01,8.982667781756239478e-01
4.597298649324662279e+01,1.170753182242997514e+00
4.599799899949974957e+01,4.597941423738455824e-01
4.602301150575287636e+01,2.734748325486073828e-01
4.604802401200600315e+01,9.987530945570811669e-01
4.607303651825912993e+01,5.576129415352868435e-01
4.609804902451225672e+01,8.724503619266342769e-01
4.612306153076537640e+01,1.068854831388540871e+00
4.614807403701850319e+01,6.648232498519481837e-01
4.617308654327162998e+01,2.045188295335326201e-01
4.619809904952475677e+01,1.612446707828329717e-01
4.622311155577788355e+01,9.799619384316474169e-02
4.624812406203101034e+01,-3.179976608690713302e-01
4.627313656828413713e+01,-2.452448563210971044e-01
4.629814907453726391e+01,-6.804087221859715928e-01
4.632316158079039070e+01,-4.214109947571839654e-01
4.634817408704351749e+01,-1.365899566078097482e+00
4.637318659329664428e+01,-6.383057776360590019e-01
4.639819909954977106e+01,-1.063502725514227976e+00
4.642321160580289785e+01,-1.156074890391926235e+00
4.644822411205602464e+01,-1.502838373783878190e+00
4.647323661830915142e+01,-1.013630585320620892e+00
4.649824912456227821e+01,-3.647097018938474378e-01
4.652326163081540500e+01,-8.315416702604272459e-01
4.654827413706853179e+01,-4.927379738773618456e-01
4.657328664332165857e+01,-5.740657647634888061e-01
4.659829914957478536e+01,5.014846017649214893e-01
4.662331165582791215e+01,9.211357262377389832e-02
4.664832416208103893e+01,2.429190355061253692e-01
4.667333666833416572e+01,8.459990632876206451e-01
4.669834917458729251e+01,5.497422191273059200e-01
4.672336168084041930e+01,1.094379913040549601e+00
4.674837418709354608e+01,1.066419282105231625e+00
4.677338669334667287e+01,6.588698474401208927e-01
4.679839919959979966e+01,8.183952108766898714e-01
4.682341170585292645e+01,8.559549225108400439e-01
4.684842421210605323e+01,1.608727589132563418e+00
4.687343671835918002e+01,6.627509281837470345e-01
4.689844922461229970e+01,4.549609438090778668e-01
4.692346173086542649e+01,3.860193223982807398e-01
4.694847423711855328e+01,4.048272663704630125e-01
4.697348674337168006e+01,-3.682573036721689674e-01
4.699849924962480685e+01,-3.136008045327868254e-01
4.702351175587793364e+01,-5.705936687266289775e-01
4.704852426213106042e+01,-5.902122197763632894e-01
4.707353676838418721e+01,-7.019839047617184580e-01
4.709854927463731400e+01,-8.977154139348738626e-01
4.712356178089044079e+01,-7.311571144506963105e-01
4.714857428714356757e+01,-4.646561097903597060e-01
4.717358679339669436e+01,-7.683663202996926511e-01
4.719859929964982115e+01,-6.321519755724134271e-01
4.722361180590294794e+01,-1.022417588173980096e+00
4.724862431215607472e+01,-2.835115782373384130e-01
4.727363681840920151e+01,-1.354919808733922593e-01
4.729864932466232830e+01,1.738410994339348037e-01
4.732366183091545508e+01,4.205343229770340807e-01
4.734867433716858187e+01,6.695641598922619231e-01
4.737368684342170866e+01,5.555224925118165125e-01
4.739869934967483545e+01,9.207731855320449021e-01
4.742371185592796223e+01,1.112234898512927561e+00
4.744872436218108902e+01,8.396157624325167879e-01
4.747373686843421581e+01,1.165423188516264252e+00
4.749874937468734259e+01,9.272010641319037294e-01
4.752376188094046938e+01,1.408501081425106438e+00
4.754877438719359617e+01,1.031225943986016080e-01
4.757378689344672296e+01,3.434722973717330152e-02
4.759879939969984974e+01,2.284237975042346380e-01
4.762381190595297653e+01,3.239541672255167315e-01
4.764882441220610332e+01,-9.690409996213907029e-02
4.767383691845923011e+01,-5.025549257305452766e-01
4.769884942471234979e+01,-6.363399338551156692e-01
4.772386193096547657e+01,-6.139055663718903100e-01
4.774887443721860336e+01,-9.621312123804867111e-01
4.777388694347173015e+01,-5.664396680708788656e-01
4.779889944972485694e+01,-1.108915419531059543e+00
4.782391195597798372e+01,-4.473876500740515683e-01
4.784892446223111051e+01,-1.258076189429533365e+00
4.787393696848423730e+01,-1.310412212335294591e+00
4.789894947473736408e+01,-3.443390043714033566e-01
4.792396198099049087e+01,-7.043071467287465026e-01
4.794897448724361766e+01,-4.051828846554664243e-02
4.797398699349674445e+01,-4.964340795248876892e-02
4.799899949974987123e+01,1.705964617798060856e-01
4.802401200600299802e+01,-5.035430605567704498e-01
4.804902451225612481e+01,8.974614135052549901e-01
4.807403701850925160e+01,1.451717428155229861e+00
4.809904952476237838e+01,7.480802597873836834e-01
4.812406203101550517e+01,6.380541594425284124e-01
4.814907453726863196e+01,8.908747437482377185e-01
4.817408704352175874e+01,1.158058963584245982e+00
4.819909954977488553e+01,1.406020873973814034e+00
4.822411205602801232e+01,7.890695349548203508e-01
4.824912456228113911e+01,6.475457898724629180e-01
4.827413706853426589e+01,-1.047901029416475338e-01
4.829914957478739268e+01,3.295507483340722743e-01
4.832416208104051947e+01,-1.052038161363388208e-01
4.834917458729364625e+01,-4.580169151523082460e-01
4.837418709354677304e+01,-8.230886014508078663e-01
4.839919959979989983e+01,-7.067640979264654399e-01
4.842421210605302662e+01,-8.456634017925553914e-01
4.844922461230615340e+01,-1.190627336879869214e+00
4.847423711855927309e+01,-1.115812636029964500e+00
4.849924962481239987e+01,-4.044128152411008426e-01
4.852426213106552666e+01,-1.458890744573405396e+00
4.854927463731865345e+01,-1.195030494152384604e+00
4.857428714357178023e+01,-9.428464876404651918e-01
4.859929964982490702e+01,-4.284376037799151327e-01
4.862431215607803381e+01,1.627538564831406687e-01
4.864932466233116060e+01,-9.168941888920905114e-01
4.867433716858428738e+01,-5.344298897664848114e-02
4.869934967483741417e+01,4.856053342123899386e-01
4.872436218109054096e+01,8.196394294401929681e-01
4.874937468734366774e+01,6.797924926327904016e-01
4.877438719359679453e+01,7.868160337942947669e-01
4.879939969984992132e+01,1.328636773481774336e+00
4.882441220610304811e+01,1.014980838634964577e+00
4.884942471235617489e+01,8.500153779050996228e-01
4.887443721860930168e+01,8.343038438119813049e-01
4.889944972486242847e+01,9.892990396121634777e-01
4.892446223111555526e+01,3.048706370460082526e-01
4.894947473736868204e+01,3.955163198968298377e-01
4.897448724362180883e+01,5.840904032261792223e-01
4.899949974987493562e+01,-2.680267035534760756e-01
4.902451225612806240e+01,-1.515095516450439272e-01
4.904952476238118919e+01,-6.304645311816812203e-01
4.907453726863431598e+01,-6.439969273090272450e-01
4.909954977488744277e+01,-6.950421365697131426e-01
4.912456228114056955e+01,-7.584931473196495633e-01
4.914957478739369634e+01,-8.381165530392864493e-01
4.917458729364682313e+01,-7.376214257261402008e-01
4.919959979989994991e+01,-7.925527519330042292e-01
4.922461230615307670e+01,-1.012546069249242064e+00
4.924962481240620349e+01,-9.207356995186837256e-01
4.927463731865932317e+01,-6.163771834486619916e-01
4.929964982491244996e+01,-4.182619985120498707e-01
4.932466233116557675e+01,6.931965674220665063e-02
4.934967483741870353e+01,-4.919395018126043739e-02
4.937468734367183032e+01,6.243248576500497471e-01
4.939969984992495711e+01,1.217212897365109736e+00
4.942471235617808389e+01,1.110029183060895264e+00
4.944972486243121068e+01,1.070212391220947579e+00
4.947473736868433747e+01,6.378234068978734239e-01
4.949974987493746426e+01,1.003334568199657051e+00
4.952476238119059104e+01,5.207008464877465048e-01
4.954977488744371783e+01,1.538974839078222523e+00
4.957478739369684462e+01,9.718686857780979294e-01
4.959979989994997140e+01,4.872201336472801736e-01
4.962481240620309819e+01,6.378959494795184426e-01
4.964982491245622498e+01,6.387195327883292417e-02
4.967483741870935177e+01,2.062085686293363973e-01
4.969984992496247855e+01,-6.510836799003197339e-02
4.972486243121560534e+01,-1.034338901577085856e+00
4.974987493746873213e+01,-5.139490180472717773e-01
4.977488744372185892e+01,-6.682008729294772742e-01
4.979989994997498570e+01,-1.634444425280139113e+00
4.982491245622811249e+01,-1.447150362217013209e+00
4.984992496248123928e+01,-1.243074038875600973e+00
4.987493746873436606e+01,-9.169309651992029186e-01
4.989994997498749285e+01,-6.268225262669926412e-01
4.992496248124061964e+01,-7.674996604799453337e-01
4.994997498749374643e+01,-2.151243907948970635e-01
4.997498749374687321e+01,-2.832945041731131930e-01
5.000000000000000000e+01,-1.438645420315784185e-01
