time,frequency,relative_photometric_angle_radians
0.000000000000000000e+00,5.003825647056556747e-01,0.000000000000000000e+00
2.501250625312656170e-02,5.008824329920050777e-01,7.867850828072966984e-02
5.002501250625312340e-02,5.013823012783544808e-01,1.574355749674702376e-01
7.503751875937968163e-02,5.018821695647038839e-01,2.362712000602216478e-01
1.000500250125062468e-01,5.023820378510532869e-01,3.151853835589840669e-01
1.250625312656327981e-01,5.028819061374026900e-01,3.941781254637572451e-01
1.500750375187593633e-01,5.033817744237520930e-01,4.732494257745413213e-01
1.750875437718859284e-01,5.038816427101014961e-01,5.523992844913364619e-01
2.001000500250124936e-01,5.043815109964508991e-01,6.316277016141423895e-01
2.251125562781390588e-01,5.048813792828003022e-01,7.109346771429592149e-01
2.501250625312655962e-01,5.053812475691497053e-01,7.903202110777869382e-01
2.751375687843921614e-01,5.058811158554992193e-01,8.697843034186255595e-01
3.001500750375187265e-01,5.063809841418486224e-01,9.493269541654749677e-01
3.251625812906452917e-01,5.068808524281980255e-01,1.028948163318335496e+00
3.501750875437718569e-01,5.073807207145474285e-01,1.108647930877206811e+00
3.751875937968984220e-01,5.078805890008968316e-01,1.188426256842089135e+00
4.002001000500249872e-01,5.083804572872462346e-01,1.268283141212982246e+00
4.252126063031515524e-01,5.088803255735956377e-01,1.348218583989886143e+00
4.502251125562781175e-01,5.093801938599450407e-01,1.428232585172801050e+00
4.752376188094046827e-01,5.098800621462944438e-01,1.508325144761726966e+00
5.002501250625311924e-01,5.103799304326438468e-01,1.588496262756663668e+00
5.252626313156577575e-01,5.108797987189932499e-01,1.668745939157610936e+00
5.502751375687843227e-01,5.113796670053426530e-01,1.749074173964569656e+00
5.752876438219108879e-01,5.118795352916920560e-01,1.829480967177538941e+00
6.003001500750374531e-01,5.123794035780414591e-01,1.909966318796519014e+00
6.253126563281640182e-01,5.128792718643908621e-01,1.990530228821510317e+00
6.503251625812905834e-01,5.133791401507402652e-01,2.071172697252512407e+00
6.753376688344171486e-01,5.138790084370896682e-01,2.151893724089525506e+00
7.003501750875437137e-01,5.143788767234390713e-01,2.232693309332549614e+00
7.253626813406702789e-01,5.148787450097884744e-01,2.313571452981583843e+00
7.503751875937968441e-01,5.153786132961378774e-01,2.394528155036629968e+00
7.753876938469234092e-01,5.158784815824872805e-01,2.475563415497686215e+00
8.004002001000499744e-01,5.163783498688366835e-01,2.556677234364753915e+00
8.254127063531765396e-01,5.168782181551860866e-01,2.637869611637832179e+00
8.504252126063031048e-01,5.173780864415356007e-01,2.719140547316921452e+00
8.754377188594296699e-01,5.178779547278850037e-01,2.800490041402021735e+00
9.004502251125562351e-01,5.183778230142344068e-01,2.881918093893132582e+00
9.254627313656828003e-01,5.188776913005838098e-01,2.963424704790254438e+00
9.504752376188093654e-01,5.193775595869332129e-01,3.045009874093387303e+00
9.754877438719359306e-01,5.198774278732826160e-01,3.126673601802531177e+00
1.000500250125062385e+00,5.203772961596320190e-01,3.208415887917685616e+00
1.025512756378188950e+00,5.208771644459814221e-01,3.290236732438851508e+00
1.050525262631315515e+00,5.213770327323308251e-01,3.372136135366027077e+00
1.075537768884442080e+00,5.218769010186802282e-01,3.454114096699214986e+00
1.100550275137568645e+00,5.223767693050296312e-01,3.536170616438413461e+00
1.125562781390695211e+00,5.228766375913790343e-01,3.618305694583622056e+00
1.150575287643821776e+00,5.233765058777284374e-01,3.700519331134841661e+00
1.175587793896948341e+00,5.238763741640778404e-01,3.782811526092073162e+00
1.200600300150074906e+00,5.243762424504272435e-01,3.865182279455314784e+00
1.225612806403201471e+00,5.248761107367766465e-01,3.947631591224567416e+00
1.250625312656328036e+00,5.253759790231260496e-01,4.030159461399830612e+00
1.275637818909454602e+00,5.258758473094754526e-01,4.112765889981106149e+00
1.300650325162581167e+00,5.263757155958248557e-01,4.195450876968391363e+00
1.325662831415707732e+00,5.268755838821742588e-01,4.278214422361688030e+00
1.350675337668834297e+00,5.273754521685236618e-01,4.361056526160994373e+00
1.375687843921960862e+00,5.278753204548731759e-01,4.443977188366312170e+00
1.400700350175087427e+00,5.283751887412225789e-01,4.526976408977641420e+00
1.425712856428213993e+00,5.288750570275719820e-01,4.610054187994981234e+00
1.450725362681340558e+00,5.293749253139213851e-01,4.693210525418331613e+00
1.475737868934467123e+00,5.298747936002707881e-01,4.776445421247693446e+00
1.500750375187593688e+00,5.303746618866201912e-01,4.859758875483066731e+00
1.525762881440720253e+00,5.308745301729695942e-01,4.943150888124450582e+00
1.550775387693846818e+00,5.313743984593189973e-01,5.026621459171844108e+00
1.575787893946973384e+00,5.318742667456684003e-01,5.110170588625249977e+00
1.600800400200099949e+00,5.323741350320178034e-01,5.193798276484666410e+00
1.625812906453226514e+00,5.328740033183672065e-01,5.277504522750092519e+00
1.650825412706353079e+00,5.333738716047166095e-01,5.361289327421530970e+00
1.675837918959479644e+00,5.338737398910660126e-01,5.445152690498979986e+00
1.700850425212606210e+00,5.343736081774154156e-01,5.529094611982438678e+00
1.725862931465732775e+00,5.348734764637648187e-01,5.613115091871909712e+00
1.750875437718859340e+00,5.353733447501142217e-01,5.697214130167391311e+00
1.775887943971985905e+00,5.358732130364636248e-01,5.781391726868884362e+00
1.800900450225112470e+00,5.363730813228130279e-01,5.865647881976387090e+00
1.825912956478239035e+00,5.368729496091624309e-01,5.949982595489901271e+00
1.850925462731365601e+00,5.373728178955118340e-01,6.034395867409426906e+00
1.875937968984492166e+00,5.378726861818612370e-01,6.118887697734962217e+00
1.900950475237618731e+00,5.383725544682107511e-01,6.203458086466509869e+00
1.925962981490745296e+00,5.388724227545601542e-01,6.288107033604067198e+00
1.950975487743871861e+00,5.393722910409095572e-01,6.372834539147635091e+00
1.975987993996998426e+00,5.398721593272589603e-01,6.457640603097215326e+00
2.001000500250124770e+00,5.403720276136083633e-01,6.542525225452805238e+00
2.026013006503251557e+00,5.408718958999577664e-01,6.627488406214408379e+00
2.051025512756377900e+00,5.413717641863071695e-01,6.712530145382019420e+00
2.076038019009504687e+00,5.418716324726565725e-01,6.797650442955641914e+00
2.101050525262631030e+00,5.423715007590059756e-01,6.882849298935274973e+00
2.126063031515757817e+00,5.428713690453553786e-01,6.968126713320921262e+00
2.151075537768884161e+00,5.433712373317047817e-01,7.053482686112576339e+00
2.176088044022010948e+00,5.438711056180541847e-01,7.138917217310244645e+00
2.201100550275137291e+00,5.443709739044035878e-01,7.224430306913922628e+00
2.226113056528264078e+00,5.448708421907529909e-01,7.310021954923611176e+00
2.251125562781390421e+00,5.453707104771023939e-01,7.395692161339309401e+00
2.276138069034517208e+00,5.458705787634517970e-01,7.481440926161019966e+00
2.301150575287643552e+00,5.463704470498012000e-01,7.567268249388741097e+00
2.326163081540770339e+00,5.468703153361506031e-01,7.653174131022474569e+00
2.351175587793896682e+00,5.473701836225000061e-01,7.739158571062216829e+00
2.376188094047023469e+00,5.478700519088494092e-01,7.825221569507971431e+00
2.401200600300149812e+00,5.483699201951988123e-01,7.911363126359734821e+00
2.426213106553276599e+00,5.488697884815482153e-01,7.997583241617511440e+00
2.451225612806402943e+00,5.493696567678976184e-01,8.083881915281297736e+00
2.476238119059529730e+00,5.498695250542471324e-01,8.170259147351094597e+00
2.501250625312656073e+00,5.503693933405965355e-01,8.256714937826904688e+00
2.526263131565782860e+00,5.508692616269459386e-01,8.343249286708722678e+00
2.551275637818909203e+00,5.513691299132953416e-01,8.429862193996552122e+00
2.576288144072035990e+00,5.518689981996447447e-01,8.516553659690394795e+00
2.601300650325162334e+00,5.523688664859941477e-01,8.603323683790245369e+00
2.626313156578289121e+00,5.528687347723435508e-01,8.690172266296109171e+00
2.651325662831415464e+00,5.533686030586929538e-01,8.777099407207982651e+00
2.676338169084542251e+00,5.538684713450423569e-01,8.864105106525867583e+00
2.701350675337668594e+00,5.543683396313917600e-01,8.951189364249762193e+00
2.726363181590795381e+00,5.548682079177411630e-01,9.038352180379670031e+00
2.751375687843921725e+00,5.553680762040905661e-01,9.125593554915585770e+00
2.776388194097048512e+00,5.558679444904399691e-01,9.212913487857514738e+00
2.801400700350174855e+00,5.563678127767893722e-01,9.300311979205453383e+00
2.826413206603301642e+00,5.568676810631387752e-01,9.387789028959405258e+00
2.851425712856427985e+00,5.573675493494881783e-01,9.475344637119366809e+00
2.876438219109554773e+00,5.578674176358375814e-01,9.562978803685339813e+00
2.901450725362681116e+00,5.583672859221869844e-01,9.650691528657318941e+00
2.926463231615807903e+00,5.588671542085363875e-01,9.738482812035313074e+00
2.951475737868934246e+00,5.593670224948857905e-01,9.826352653819316885e+00
2.976488244122061033e+00,5.598668907812351936e-01,9.914301054009335701e+00
3.001500750375187376e+00,5.603667590675847077e-01,1.000232801260536064e+01
3.026513256628314164e+00,5.608666273539341107e-01,1.009043352960739881e+01
3.051525762881440507e+00,5.613664956402835138e-01,1.017861760501544666e+01
3.076538269134567294e+00,5.618663639266329168e-01,1.026688023882950596e+01
3.101550775387693637e+00,5.623662322129823199e-01,1.035522143104957493e+01
3.126563281640820424e+00,5.628661004993317230e-01,1.044364118167565536e+01
3.151575787893946767e+00,5.633659687856811260e-01,1.053213949070774724e+01
3.176588294147073555e+00,5.638658370720305291e-01,1.062071635814585058e+01
3.201600800400199898e+00,5.643657053583799321e-01,1.070937178398996359e+01
3.226613306653326241e+00,5.648655736447293352e-01,1.079810576824008805e+01
3.251625812906453028e+00,5.653654419310787382e-01,1.088691831089622220e+01
3.276638319159579371e+00,5.658653102174281413e-01,1.097580941195836779e+01
3.301650825412706158e+00,5.663651785037775443e-01,1.106477907142652484e+01
3.326663331665832501e+00,5.668650467901269474e-01,1.115382728930069334e+01
3.351675837918959289e+00,5.673649150764763505e-01,1.124295406558087329e+01
3.376688344172085632e+00,5.678647833628257535e-01,1.133215940026706292e+01
3.401700850425212419e+00,5.683646516491751566e-01,1.142144329335926400e+01
3.426713356678338762e+00,5.688645199355245596e-01,1.151080574485747299e+01
3.451725862931465549e+00,5.693643882218739627e-01,1.160024675476169698e+01
3.476738369184591892e+00,5.698642565082233657e-01,1.168976632307193064e+01
3.501750875437718680e+00,5.703641247945727688e-01,1.177936444978817576e+01
3.526763381690845023e+00,5.708639930809221719e-01,1.186904113491043056e+01
3.551775887943971810e+00,5.713638613672715749e-01,1.195879637843869681e+01
3.576788394197098153e+00,5.718637296536210890e-01,1.204863018037297273e+01
3.601800900450224940e+00,5.723635979399704921e-01,1.213854254071326189e+01
3.626813406703351284e+00,5.728634662263198951e-01,1.222853345945955894e+01
3.651825912956478071e+00,5.733633345126692982e-01,1.231860293661186923e+01
3.676838419209604414e+00,5.738632027990187012e-01,1.240875097217019096e+01
3.701850925462731201e+00,5.743630710853681043e-01,1.249897756613452238e+01
3.726863431715857544e+00,5.748629393717175073e-01,1.258928271850486169e+01
3.751875937968984331e+00,5.753628076580669104e-01,1.267966642928121601e+01
3.776888444222110675e+00,5.758626759444163135e-01,1.277012869846358001e+01
3.801900950475237462e+00,5.763625442307657165e-01,1.286066952605195723e+01
3.826913456728363805e+00,5.768624125171151196e-01,1.295128891204634236e+01
3.851925962981490592e+00,5.773622808034645226e-01,1.304198685644674072e+01
3.876938469234616935e+00,5.778621490898139257e-01,1.313276335925314875e+01
3.901950975487743722e+00,5.783620173761633287e-01,1.322361842046556468e+01
3.926963481740870066e+00,5.788618856625127318e-01,1.331455204008399384e+01
3.951975987993996853e+00,5.793617539488621349e-01,1.340556421810843624e+01
3.976988494247123196e+00,5.798616222352115379e-01,1.349665495453888653e+01
4.002001000500249539e+00,5.803614905215609410e-01,1.358782424937534650e+01
4.027013506753376326e+00,5.808613588079103440e-01,1.367907210261782325e+01
4.052026013006503113e+00,5.813612270942598581e-01,1.377039851426630612e+01
4.077038519259629901e+00,5.818610953806091501e-01,1.386180348432080400e+01
4.102051025512755800e+00,5.823609636669586642e-01,1.395328701278130623e+01
4.127063531765882587e+00,5.828608319533079563e-01,1.404484909964782346e+01
4.152076038019009374e+00,5.833607002396574703e-01,1.413648974492034860e+01
4.177088544272136161e+00,5.838605685260068734e-01,1.422820894859889052e+01
4.202101050525262060e+00,5.843604368123562764e-01,1.432000671068343678e+01
4.227113556778388848e+00,5.848603050987056795e-01,1.441188303117399805e+01
4.252126063031515635e+00,5.853601733850550826e-01,1.450383791007057077e+01
4.277138569284642422e+00,5.858600416714044856e-01,1.459587134737315317e+01
4.302151075537768321e+00,5.863599099577538887e-01,1.468798334308174525e+01
4.327163581790895108e+00,5.868597782441032917e-01,1.478017389719634878e+01
4.352176088044021895e+00,5.873596465304526948e-01,1.487244300971696553e+01
4.377188594297148683e+00,5.878595148168020978e-01,1.496479068064359197e+01
4.402201100550274582e+00,5.883593831031515009e-01,1.505721690997622453e+01
4.427213606803401369e+00,5.888592513895009040e-01,1.514972169771487565e+01
4.452226113056528156e+00,5.893591196758503070e-01,1.524230504385953466e+01
4.477238619309654943e+00,5.898589879621997101e-01,1.533496694841020158e+01
4.502251125562780842e+00,5.903588562485491131e-01,1.542770741136687818e+01
4.527263631815907630e+00,5.908587245348985162e-01,1.552052643272956978e+01
4.552276138069034417e+00,5.913585928212479192e-01,1.561342401249827461e+01
4.577288644322161204e+00,5.918584611075974333e-01,1.570640015067298911e+01
4.602301150575287103e+00,5.923583293939467254e-01,1.579945484725370974e+01
4.627313656828413890e+00,5.928581976802962394e-01,1.589258810224044716e+01
4.652326163081540678e+00,5.933580659666455315e-01,1.598579991563319069e+01
4.677338669334667465e+00,5.938579342529950456e-01,1.607909028743194924e+01
4.702351175587793364e+00,5.943578025393444486e-01,1.617245921763671390e+01
4.727363681840920151e+00,5.948576708256938517e-01,1.626590670624749535e+01
4.752376188094046938e+00,5.953575391120432547e-01,1.635943275326428292e+01
4.777388694347173725e+00,5.958574073983926578e-01,1.645303735868708372e+01
4.802401200600299624e+00,5.963572756847420608e-01,1.654672052251589065e+01
4.827413706853426412e+00,5.968571439710914639e-01,1.664048224475071436e+01
4.852426213106553199e+00,5.973570122574408670e-01,1.673432252539154774e+01
4.877438719359679098e+00,5.978568805437902700e-01,1.682824136443838725e+01
4.902451225612805885e+00,5.983567488301396731e-01,1.692223876189124354e+01
4.927463731865932672e+00,5.988566171164890761e-01,1.701631471775010951e+01
4.952476238119059460e+00,5.993564854028384792e-01,1.711046923201498871e+01
4.977488744372185359e+00,5.998563536891878822e-01,1.720470230468587047e+01
5.002501250625312146e+00,6.003562219755372853e-01,1.729901393576277258e+01
5.027513756878438933e+00,6.008560902618866884e-01,1.739340412524568080e+01
5.052526263131565720e+00,6.013559585482360914e-01,1.748787287313460226e+01
5.077538769384691619e+00,6.018558268345854945e-01,1.758242017942952984e+01
5.102551275637818406e+00,6.023556951209348975e-01,1.767704604413047420e+01
5.127563781890945194e+00,6.028555634072843006e-01,1.777175046723742469e+01
5.152576288144071981e+00,6.033554316936338147e-01,1.786653344875038840e+01
5.177588794397197880e+00,6.038552999799831067e-01,1.796139498866935824e+01
5.202601300650324667e+00,6.043551682663326208e-01,1.805633508699434486e+01
5.227613806903451454e+00,6.048550365526820238e-01,1.815135374372534471e+01
5.252626313156578242e+00,6.053549048390314269e-01,1.824645095886235424e+01
5.277638819409704141e+00,6.058547731253808299e-01,1.834162673240536634e+01
5.302651325662830928e+00,6.063546414117302330e-01,1.843688106435439522e+01
5.327663831915957715e+00,6.068545096980796361e-01,1.853221395470944088e+01
5.352676338169084502e+00,6.073543779844290391e-01,1.862762540347048912e+01
5.377688844422210401e+00,6.078542462707784422e-01,1.872311541063755058e+01
5.402701350675337189e+00,6.083541145571278452e-01,1.881868397621062172e+01
5.427713856928463976e+00,6.088539828434772483e-01,1.891433110018970964e+01
5.452726363181590763e+00,6.093538511298266513e-01,1.901005678257480369e+01
5.477738869434716662e+00,6.098537194161760544e-01,1.910586102336590031e+01
5.502751375687843449e+00,6.103535877025254575e-01,1.920174382256302081e+01
5.527763881940970236e+00,6.108534559888748605e-01,1.929770518016614744e+01
5.552776388194097024e+00,6.113533242752242636e-01,1.939374509617528730e+01
5.577788894447222923e+00,6.118531925615736666e-01,1.948986357059043328e+01
5.602801400700349710e+00,6.123530608479230697e-01,1.958606060341159250e+01
5.627813906953476497e+00,6.128529291342724727e-01,1.968233619463876494e+01
5.652826413206603284e+00,6.133527974206218758e-01,1.977869034427194705e+01
5.677838919459729183e+00,6.138526657069712789e-01,1.987512305231113885e+01
5.702851425712855971e+00,6.143525339933206819e-01,1.997163431875634032e+01
5.727863931965982758e+00,6.148524022796701960e-01,2.006822414360755502e+01
5.752876438219109545e+00,6.153522705660195991e-01,2.016489252686478295e+01
5.777888944472235444e+00,6.158521388523690021e-01,2.026163946852801345e+01
5.802901450725362231e+00,6.163520071387184052e-01,2.035846496859726074e+01
5.827913956978489018e+00,6.168518754250678082e-01,2.045536902707251770e+01
5.852926463231615806e+00,6.173517437114172113e-01,2.055235164395379144e+01
5.877938969484741705e+00,6.178516119977666143e-01,2.064941281924106775e+01
5.902951475737868492e+00,6.183514802841160174e-01,2.074655255293435729e+01
5.927963981990995279e+00,6.188513485704654205e-01,2.084377084503366007e+01
5.952976488244122066e+00,6.193512168568148235e-01,2.094106769553897252e+01
5.977988994497247965e+00,6.198510851431642266e-01,2.103844310445029464e+01
6.003001500750374753e+00,6.203509534295136296e-01,2.113589707176763000e+01
6.028014007003501540e+00,6.208508217158630327e-01,2.123342959749097503e+01
6.053026513256628327e+00,6.213506900022124357e-01,2.133104068162033329e+01
6.078039019509754226e+00,6.218505582885618388e-01,2.142873032415569412e+01
6.103051525762881013e+00,6.223504265749112419e-01,2.152649852509707173e+01
6.128064032016007801e+00,6.228502948612606449e-01,2.162434528444445903e+01
6.153076538269134588e+00,6.233501631476100480e-01,2.172227060219785955e+01
6.178089044522260487e+00,6.238500314339594510e-01,2.182027447835726974e+01
6.203101550775387274e+00,6.243498997203088541e-01,2.191835691292268962e+01
6.228114057028514061e+00,6.248497680066582571e-01,2.201651790589412272e+01
6.253126563281640848e+00,6.253496362930077712e-01,2.211475745727156550e+01
6.278139069534766747e+00,6.258495045793570632e-01,2.221307556705501796e+01
6.303151575787893535e+00,6.263493728657065773e-01,2.231147223524448364e+01
6.328164082041020322e+00,6.268492411520559804e-01,2.240994746183996256e+01
6.353176588294147109e+00,6.273491094384053834e-01,2.250850124684145115e+01
6.378189094547273008e+00,6.278489777247547865e-01,2.260713359024894586e+01
6.403201600800399795e+00,6.283488460111041896e-01,2.270584449206245381e+01
6.428214107053526583e+00,6.288487142974535926e-01,2.280463395228197498e+01
6.453226613306652482e+00,6.293485825838029957e-01,2.290350197090750228e+01
6.478239119559779269e+00,6.298484508701523987e-01,2.300244854793904281e+01
6.503251625812906056e+00,6.303483191565018018e-01,2.310147368337659302e+01
6.528264132066032843e+00,6.308481874428512048e-01,2.320057737722016000e+01
6.553276638319158742e+00,6.313480557292006079e-01,2.329975962946972956e+01
6.578289144572285529e+00,6.318479240155500110e-01,2.339902044012531590e+01
6.603301650825412317e+00,6.323477923018994140e-01,2.349835980918691192e+01
6.628314157078539104e+00,6.328476605882488171e-01,2.359777773665451761e+01
6.653326663331665003e+00,6.333475288745982201e-01,2.369727422252813298e+01
6.678339169584791790e+00,6.338473971609476232e-01,2.379684926680776513e+01
6.703351675837918577e+00,6.343472654472970262e-01,2.389650286949340341e+01
6.728364182091045365e+00,6.348471337336465403e-01,2.399623503058505491e+01
6.753376688344171264e+00,6.353470020199958324e-01,2.409604575008271254e+01
6.778389194597298051e+00,6.358468703063453464e-01,2.419593502798638696e+01
6.803401700850424838e+00,6.363467385926946385e-01,2.429590286429606749e+01
6.828414207103551625e+00,6.368466068790441525e-01,2.439594925901176126e+01
6.853426713356677524e+00,6.373464751653934446e-01,2.449607421213346470e+01
6.878439219609804312e+00,6.378463434517429587e-01,2.459627772366117782e+01
6.903451725862931099e+00,6.383462117380923617e-01,2.469655979359490772e+01
6.928464232116057886e+00,6.388460800244417648e-01,2.479692042193464374e+01
6.953476738369183785e+00,6.393459483107911678e-01,2.489735960868038944e+01
6.978489244622310572e+00,6.398458165971405709e-01,2.499787735383214837e+01
7.003501750875437359e+00,6.403456848834899739e-01,2.509847365738992053e+01
7.028514257128564147e+00,6.408455531698393770e-01,2.519914851935370237e+01
7.053526763381690046e+00,6.413454214561887801e-01,2.529990193972349033e+01
7.078539269634816833e+00,6.418452897425381831e-01,2.540073391849929152e+01
7.103551775887943620e+00,6.423451580288875862e-01,2.550164445568110949e+01
7.128564282141070407e+00,6.428450263152369892e-01,2.560263355126893359e+01
7.153576788394196306e+00,6.433448946015863923e-01,2.570370120526276736e+01
7.178589294647323094e+00,6.438447628879357953e-01,2.580484741766261436e+01
7.203601800900449881e+00,6.443446311742851984e-01,2.590607218846847104e+01
7.228614307153576668e+00,6.448444994606346015e-01,2.600737551768033740e+01
7.253626813406702567e+00,6.453443677469840045e-01,2.610875740529821698e+01
7.278639319659829354e+00,6.458442360333334076e-01,2.621021785132210624e+01
7.303651825912956141e+00,6.463441043196829217e-01,2.631175685575200873e+01
7.328664332166082929e+00,6.468439726060322137e-01,2.641337441858791735e+01
7.353676838419208828e+00,6.473438408923817278e-01,2.651507053982983919e+01
7.378689344672335615e+00,6.478437091787310198e-01,2.661684521947777426e+01
7.403701850925462402e+00,6.483435774650805339e-01,2.671869845753171901e+01
7.428714357178589189e+00,6.488434457514299369e-01,2.682063025399167699e+01
7.453726863431715088e+00,6.493433140377793400e-01,2.692264060885763399e+01
7.478739369684841876e+00,6.498431823241287431e-01,2.702472952212961488e+01
7.503751875937968663e+00,6.503430506104781461e-01,2.712689699380760189e+01
7.528764382191095450e+00,6.508429188968275492e-01,2.722914302389160213e+01
7.553776888444221349e+00,6.513427871831769522e-01,2.733146761238161204e+01
7.578789394697348136e+00,6.518426554695263553e-01,2.743387075927763519e+01
7.603801900950474923e+00,6.523425237558757583e-01,2.753635246457966801e+01
7.628814407203601711e+00,6.528423920422251614e-01,2.763891272828770695e+01
7.653826913456727610e+00,6.533422603285745645e-01,2.774155155040175913e+01
7.678839419709854397e+00,6.538421286149239675e-01,2.784426893092182453e+01
7.703851925962981184e+00,6.543419969012733706e-01,2.794706486984789962e+01
7.728864432216107971e+00,6.548418651876227736e-01,2.804993936717998437e+01
7.753876938469233870e+00,6.553417334739721767e-01,2.815289242291807881e+01
7.778889444722360658e+00,6.558416017603215797e-01,2.825592403706219002e+01
7.803901950975487445e+00,6.563414700466709828e-01,2.835903420961230736e+01
7.828914457228614232e+00,6.568413383330204969e-01,2.846222294056843793e+01
7.853926963481740131e+00,6.573412066193697889e-01,2.856549022993057818e+01
7.878939469734866918e+00,6.578410749057193030e-01,2.866883607769872810e+01
7.903951975987993706e+00,6.583409431920685950e-01,2.877226048387288770e+01
7.928964482241120493e+00,6.588408114784181091e-01,2.887576344845306409e+01
7.953976988494246392e+00,6.593406797647674011e-01,2.897934497143924659e+01
7.978989494747373179e+00,6.598405480511169152e-01,2.908300505283143877e+01
8.004002001000499078e+00,6.603404163374662073e-01,2.918674369262964419e+01
8.029014507253625865e+00,6.608402846238157213e-01,2.929056089083385572e+01
8.054027013506752652e+00,6.613401529101651244e-01,2.939445664744409115e+01
8.079039519759879440e+00,6.618400211965145274e-01,2.949843096246032559e+01
8.104052026013006227e+00,6.623398894828639305e-01,2.960248383588258037e+01
8.129064532266133014e+00,6.628397577692133336e-01,2.970661526771083771e+01
8.154077038519259801e+00,6.633396260555627366e-01,2.981082525794511540e+01
8.179089544772384812e+00,6.638394943419121397e-01,2.991511380658538499e+01
8.204102051025511599e+00,6.643393626282615427e-01,3.001948091363168203e+01
8.229114557278638387e+00,6.648392309146109458e-01,3.012392657908398874e+01
8.254127063531765174e+00,6.653390992009603488e-01,3.022845080294230513e+01
8.279139569784891961e+00,6.658389674873097519e-01,3.033305358520662764e+01
8.304152076038018748e+00,6.663388357736591550e-01,3.043773492587696339e+01
8.329164582291145535e+00,6.668387040600085580e-01,3.054249482495331236e+01
8.354177088544272323e+00,6.673385723463580721e-01,3.064733328243567101e+01
8.379189594797397334e+00,6.678384406327073641e-01,3.075225029832403578e+01
8.404202101050524121e+00,6.683383089190567672e-01,3.085724587261841378e+01
8.429214607303650908e+00,6.688381772054061702e-01,3.096232000531880857e+01
8.454227113556777695e+00,6.693380454917556843e-01,3.106747269642520948e+01
8.479239619809904482e+00,6.698379137781049764e-01,3.117270394593762362e+01
8.504252126063031270e+00,6.703377820644544904e-01,3.127801375385604743e+01
8.529264632316158057e+00,6.708376503508038935e-01,3.138340212018048447e+01
8.554277138569284844e+00,6.713375186371532966e-01,3.148886904491093119e+01
8.579289644822409855e+00,6.718373869235025886e-01,3.159441452804738049e+01
8.604302151075536642e+00,6.723372552098521027e-01,3.170003856958984656e+01
8.629314657328663429e+00,6.728371234962015057e-01,3.180574116953832231e+01
8.654327163581790217e+00,6.733369917825509088e-01,3.191152232789281840e+01
8.679339669834917004e+00,6.738368600689003118e-01,3.201738204465331705e+01
8.704352176088043791e+00,6.743367283552497149e-01,3.212332031981982539e+01
8.729364682341170578e+00,6.748365966415991180e-01,3.222933715339234340e+01
8.754377188594297365e+00,6.753364649279485210e-01,3.233543254537088529e+01
8.779389694847422376e+00,6.758363332142979241e-01,3.244160649575542266e+01
8.804402201100549163e+00,6.763362015006473271e-01,3.254785900454598391e+01
8.829414707353675951e+00,6.768360697869967302e-01,3.265419007174254062e+01
8.854427213606802738e+00,6.773359380733461332e-01,3.276059969734512123e+01
8.879439719859929525e+00,6.778358063596955363e-01,3.286708788135371151e+01
8.904452226113056312e+00,6.783356746460449394e-01,3.297365462376831147e+01
8.929464732366183100e+00,6.788355429323944534e-01,3.308029992458892110e+01
8.954477238619309887e+00,6.793354112187437455e-01,3.318702378381553331e+01
8.979489744872434898e+00,6.798352795050931485e-01,3.329382620144816229e+01
9.004502251125561685e+00,6.803351477914425516e-01,3.340070717748680096e+01
9.029514757378688472e+00,6.808350160777920657e-01,3.350766671193145640e+01
9.054527263631815259e+00,6.813348843641413577e-01,3.361470480478212153e+01
9.079539769884942046e+00,6.818347526504908718e-01,3.372182145603879633e+01
9.104552276138068834e+00,6.823346209368402748e-01,3.382901666570148080e+01
9.129564782391195621e+00,6.828344892231896779e-01,3.393629043377017496e+01
9.154577288644322408e+00,6.833343575095390809e-01,3.404364276024488589e+01
9.179589794897447419e+00,6.838342257958884840e-01,3.415107364512559940e+01
9.204602301150574206e+00,6.843340940822378871e-01,3.425858308841232969e+01
9.229614807403700993e+00,6.848339623685872901e-01,3.436617109010506965e+01
9.254627313656827781e+00,6.853338306549366932e-01,3.447383765020381929e+01
9.279639819909954568e+00,6.858336989412860962e-01,3.458158276870857861e+01
9.304652326163081355e+00,6.863335672276354993e-01,3.468940644561935471e+01
9.329664832416208142e+00,6.868334355139849023e-01,3.479730868093614049e+01
9.354677338669334929e+00,6.873333038003343054e-01,3.490528947465893594e+01
9.379689844922459940e+00,6.878331720866837085e-01,3.501334882678772686e+01
9.404702351175586728e+00,6.883330403730331115e-01,3.512148673732254878e+01
9.429714857428713515e+00,6.888329086593825146e-01,3.522970320626337326e+01
9.454727363681840302e+00,6.893327769457319176e-01,3.533799823361021453e+01
9.479739869934967089e+00,6.898326452320813207e-01,3.544637181936306547e+01
9.504752376188093876e+00,6.903325135184308348e-01,3.555482396352192609e+01
9.529764882441220664e+00,6.908323818047801268e-01,3.566335466608679639e+01
9.554777388694347451e+00,6.913322500911296409e-01,3.577196392705768346e+01
9.579789894947472462e+00,6.918321183774789329e-01,3.588065174643456601e+01
9.604802401200599249e+00,6.923319866638284470e-01,3.598941812421746533e+01
9.629814907453726036e+00,6.928318549501777390e-01,3.609826306040638855e+01
9.654827413706852823e+00,6.933317232365272531e-01,3.620718655500130723e+01
9.679839919959979611e+00,6.938315915228766562e-01,3.631618860800224269e+01
9.704852426213106398e+00,6.943314598092260592e-01,3.642526921940918783e+01
9.729864932466233185e+00,6.948313280955754623e-01,3.653442838922214975e+01
9.754877438719358196e+00,6.953311963819248653e-01,3.664366611744110713e+01
9.779889944972484983e+00,6.958310646682742684e-01,3.675298240406609551e+01
9.804902451225611770e+00,6.963309329546236714e-01,3.686237724909708646e+01
9.829914957478738557e+00,6.968308012409730745e-01,3.697185065253408709e+01
9.854927463731865345e+00,6.973306695273224776e-01,3.708140261437709739e+01
9.879939969984992132e+00,6.978305378136718806e-01,3.719103313462612448e+01
9.904952476238118919e+00,6.983304061000212837e-01,3.730074221328116124e+01
9.929964982491245706e+00,6.988302743863706867e-01,3.741052985034220058e+01
9.954977488744370717e+00,6.993301426727200898e-01,3.752039604580925669e+01
9.979989994997497504e+00,6.998300109590694928e-01,3.763034079968231538e+01
1.000500250125062429e+01,7.003298792454188959e-01,3.774036411196139795e+01
1.003001500750375108e+01,7.008297475317682990e-01,3.785046598264648310e+01
1.005502751375687787e+01,7.013296158181177020e-01,3.796064641173759213e+01
1.008004002001000465e+01,7.018294841044672161e-01,3.807090539923469663e+01
1.010505252626313144e+01,7.023293523908165081e-01,3.818124294513782502e+01
1.013006503251625823e+01,7.028292206771660222e-01,3.829165904944694887e+01
1.015507753876938324e+01,7.033290889635153142e-01,3.840215371216208951e+01
1.018009004502251003e+01,7.038289572498648283e-01,3.851272693328324692e+01
1.020510255127563681e+01,7.043288255362142314e-01,3.862337871281041402e+01
1.023011505752876360e+01,7.048286938225636344e-01,3.873410905074359079e+01
1.025512756378189039e+01,7.053285621089130375e-01,3.884491794708277723e+01
1.028014007003501717e+01,7.058284303952624406e-01,3.895580540182797336e+01
1.030515257628814396e+01,7.063282986816118436e-01,3.906677141497917916e+01
1.033016508254127075e+01,7.068281669679612467e-01,3.917781598653639463e+01
1.035517758879439576e+01,7.073280352543106497e-01,3.928893911649961979e+01
1.038019009504752255e+01,7.078279035406600528e-01,3.940014080486886883e+01
1.040520260130064933e+01,7.083277718270094558e-01,3.951142105164412044e+01
1.043021510755377612e+01,7.088276401133588589e-01,3.962277985682538173e+01
1.045522761380690291e+01,7.093275083997082620e-01,3.973421722041265269e+01
1.048024012006002970e+01,7.098273766860576650e-01,3.984573314240594044e+01
1.050525262631315648e+01,7.103272449724070681e-01,3.995732762280523787e+01
1.053026513256628327e+01,7.108271132587564711e-01,4.006900066161054497e+01
1.055527763881940828e+01,7.113269815451058742e-01,4.018075225882185464e+01
1.058029014507253507e+01,7.118268498314552772e-01,4.029258241443918820e+01
1.060530265132566186e+01,7.123267181178047913e-01,4.040449112846252433e+01
1.063031515757878864e+01,7.128265864041540834e-01,4.051647840089187014e+01
1.065532766383191543e+01,7.133264546905035974e-01,4.062854423172723273e+01
1.068034017008504222e+01,7.138263229768530005e-01,4.074068862096860499e+01
1.070535267633816900e+01,7.143261912632024035e-01,4.085291156861599404e+01
1.073036518259129579e+01,7.148260595495518066e-01,4.096521307466938566e+01
1.075537768884442080e+01,7.153259278359012097e-01,4.107759313912878696e+01
1.078039019509754759e+01,7.158257961222506127e-01,4.119005176199419793e+01
1.080540270135067438e+01,7.163256644086000158e-01,4.130258894326562569e+01
1.083041520760380116e+01,7.168255326949494188e-01,4.141520468294307022e+01
1.085542771385692795e+01,7.173254009812988219e-01,4.152789898102651733e+01
1.088044022011005474e+01,7.178252692676482249e-01,4.164067183751597412e+01
1.090545272636318153e+01,7.183251375539976280e-01,4.175352325241144769e+01
1.093046523261630831e+01,7.188250058403470311e-01,4.186645322571293093e+01
1.095547773886943332e+01,7.193248741266964341e-01,4.197946175742040964e+01
1.098049024512256011e+01,7.198247424130458372e-01,4.209254884753391224e+01
1.100550275137568690e+01,7.203246106993952402e-01,4.220571449605342451e+01
1.103051525762881369e+01,7.208244789857446433e-01,4.231895870297895357e+01
1.105552776388194047e+01,7.213243472720940463e-01,4.243228146831048520e+01
1.108054027013506726e+01,7.218242155584435604e-01,4.254568279204804071e+01
1.110555277638819405e+01,7.223240838447928525e-01,4.265916267419159169e+01
1.113056528264132083e+01,7.228239521311423665e-01,4.277272111474116656e+01
1.115557778889444585e+01,7.233238204174916586e-01,4.288635811369672979e+01
1.118059029514757263e+01,7.238236887038411727e-01,4.300007367105833112e+01
1.120560280140069942e+01,7.243235569901904647e-01,4.311386778682592080e+01
1.123061530765382621e+01,7.248234252765399788e-01,4.322774046099954148e+01
1.125562781390695299e+01,7.253232935628893818e-01,4.334169169357916473e+01
1.128064032016007978e+01,7.258231618492387849e-01,4.345572148456479056e+01
1.130565282641320657e+01,7.263230301355881879e-01,4.356982983395644027e+01
1.133066533266633158e+01,7.268228984219375910e-01,4.368401674175408544e+01
1.135567783891945837e+01,7.273227667082869941e-01,4.379828220795775451e+01
1.138069034517258515e+01,7.278226349946363971e-01,4.391262623256742614e+01
1.140570285142571194e+01,7.283225032809858002e-01,4.402704881558312167e+01
1.143071535767883873e+01,7.288223715673352032e-01,4.414154995700481976e+01
1.145572786393196552e+01,7.293222398536846063e-01,4.425612965683253464e+01
1.148074037018509230e+01,7.298221081400340093e-01,4.437078791506625208e+01
1.150575287643821909e+01,7.303219764263834124e-01,4.448552473170598631e+01
1.153076538269134410e+01,7.308218447127328155e-01,4.460034010675171601e+01
1.155577788894447089e+01,7.313217129990822185e-01,4.471523404020347670e+01
1.158079039519759768e+01,7.318215812854316216e-01,4.483020653206123995e+01
1.160580290145072446e+01,7.323214495717810246e-01,4.494525758232501289e+01
1.163081540770385125e+01,7.328213178581304277e-01,4.506038719099479550e+01
1.165582791395697804e+01,7.333211861444799418e-01,4.517559535807059490e+01
1.168084042021010482e+01,7.338210544308292338e-01,4.529088208355241107e+01
1.170585292646323161e+01,7.343209227171787479e-01,4.540624736744022272e+01
1.173086543271635662e+01,7.348207910035280399e-01,4.552169120973405114e+01
1.175587793896948341e+01,7.353206592898775540e-01,4.563721361043388924e+01
1.178089044522261020e+01,7.358205275762268460e-01,4.575281456953974413e+01
1.180590295147573698e+01,7.363203958625763601e-01,4.586849408705160158e+01
1.183091545772886377e+01,7.368202641489257632e-01,4.598425216296947582e+01
1.185592796398199056e+01,7.373201324352751662e-01,4.610008879729335973e+01
1.188094047023511735e+01,7.378200007216245693e-01,4.621600399002326043e+01
1.190595297648824413e+01,7.383198690079739723e-01,4.633199774115916370e+01
1.193096548274136914e+01,7.388197372943233754e-01,4.644807005070106953e+01
1.195597798899449593e+01,7.393196055806727784e-01,4.656422091864900636e+01
1.198099049524762272e+01,7.398194738670221815e-01,4.668045034500294577e+01
1.200600300150074951e+01,7.403193421533715846e-01,4.679675832976289485e+01
1.203101550775387629e+01,7.408192104397209876e-01,4.691314487292884650e+01
1.205602801400700308e+01,7.413190787260703907e-01,4.702960997450082914e+01
1.208104052026012987e+01,7.418189470124197937e-01,4.714615363447880014e+01
1.210605302651325665e+01,7.423188152987691968e-01,4.726277585286280214e+01
1.213106553276638166e+01,7.428186835851185998e-01,4.737947662965279960e+01
1.215607803901950845e+01,7.433185518714680029e-01,4.749625596484881385e+01
1.218109054527263524e+01,7.438184201578174060e-01,4.761311385845083777e+01
1.220610305152576203e+01,7.443182884441668090e-01,4.773005031045887847e+01
1.223111555777888881e+01,7.448181567305163231e-01,4.784706532087292175e+01
1.225612806403201560e+01,7.453180250168656151e-01,4.796415888969298180e+01
1.228114057028514239e+01,7.458178933032151292e-01,4.808133101691905864e+01
1.230615307653826918e+01,7.463177615895645323e-01,4.819858170255113095e+01
1.233116558279139419e+01,7.468176298759139353e-01,4.831591094658922003e+01
1.235617808904452097e+01,7.473174981622632274e-01,4.843331874903331880e+01
1.238119059529764776e+01,7.478173664486127414e-01,4.855080510988343434e+01
1.240620310155077455e+01,7.483172347349621445e-01,4.866837002913955956e+01
1.243121560780390134e+01,7.488171030213115476e-01,4.878601350680169446e+01
1.245622811405702812e+01,7.493169713076609506e-01,4.890373554286983904e+01
1.248124062031015491e+01,7.498168395940103537e-01,4.902153613734400039e+01
1.250625312656328170e+01,7.503167078803597567e-01,4.913941529022416432e+01
1.253126563281640671e+01,7.508165761667091598e-01,4.925737300151033793e+01
1.255627813906953349e+01,7.513164444530585628e-01,4.937540927120252832e+01
1.258129064532266028e+01,7.518163127394079659e-01,4.949352409930072838e+01
1.260630315157578707e+01,7.523161810257573689e-01,4.961171748580493812e+01
1.263131565782891386e+01,7.528160493121067720e-01,4.972998943071515754e+01
1.265632816408204064e+01,7.533159175984562861e-01,4.984833993403140084e+01
1.268134067033516743e+01,7.538157858848055781e-01,4.996676899575363962e+01
1.270635317658829422e+01,7.543156541711550922e-01,5.008527661588189517e+01
1.273136568284141923e+01,7.548155224575043842e-01,5.020386279441614619e+01
1.275637818909454602e+01,7.553153907438538983e-01,5.032252753135642820e+01
1.278139069534767280e+01,7.558152590302031903e-01,5.044127082670271278e+01
1.280640320160079959e+01,7.563151273165527044e-01,5.056009268045501415e+01
1.283141570785392638e+01,7.568149956029019965e-01,5.067899309261331808e+01
1.285642821410705317e+01,7.573148638892515105e-01,5.079797206317765301e+01
1.288144072036017995e+01,7.578147321756008026e-01,5.091702959214797630e+01
1.290645322661330496e+01,7.583146004619503167e-01,5.103616567952430927e+01
1.293146573286643175e+01,7.588144687482996087e-01,5.115538032530665902e+01
1.295647823911955854e+01,7.593143370346491228e-01,5.127467352949502555e+01
1.298149074537268532e+01,7.598142053209985258e-01,5.139404529208940176e+01
1.300650325162581211e+01,7.603140736073479289e-01,5.151349561308978764e+01
1.303151575787893890e+01,7.608139418936973319e-01,5.163302449249619031e+01
1.305652826413206569e+01,7.613138101800467350e-01,5.175263193030858844e+01
1.308154077038519247e+01,7.618136784663961381e-01,5.187231792652701046e+01
1.310655327663831748e+01,7.623135467527455411e-01,5.199208248115143505e+01
1.313156578289144427e+01,7.628134150390949442e-01,5.211192559418188353e+01
1.315657828914457106e+01,7.633132833254443472e-01,5.223184726561832747e+01
1.318159079539769785e+01,7.638131516117937503e-01,5.235184749546078820e+01
1.320660330165082463e+01,7.643130198981431533e-01,5.247192628370925860e+01
1.323161580790395142e+01,7.648128881844926674e-01,5.259208363036375289e+01
1.325662831415707821e+01,7.653127564708419595e-01,5.271231953542423554e+01
1.328164082041020500e+01,7.658126247571914735e-01,5.283263399889074208e+01
1.330665332666333001e+01,7.663124930435407656e-01,5.295302702076325119e+01
1.333166583291645679e+01,7.668123613298902796e-01,5.307349860104177708e+01
1.335667833916958358e+01,7.673122296162395717e-01,5.319404873972631975e+01
1.338169084542271037e+01,7.678120979025890858e-01,5.331467743681687210e+01
1.340670335167583715e+01,7.683119661889383778e-01,5.343538469231342702e+01
1.343171585792896394e+01,7.688118344752878919e-01,5.355617050621600583e+01
1.345672836418209073e+01,7.693117027616372949e-01,5.367703487852458011e+01
1.348174087043521752e+01,7.698115710479866980e-01,5.379797780923918538e+01
1.350675337668834253e+01,7.703114393343359900e-01,5.391899929835977190e+01
1.353176588294146931e+01,7.708113076206855041e-01,5.404009934588638231e+01
1.355677838919459610e+01,7.713111759070349072e-01,5.416127795181902371e+01
1.358179089544772289e+01,7.718110441933843102e-01,5.428253511615764637e+01
1.360680340170084968e+01,7.723109124797337133e-01,5.440387083890229292e+01
1.363181590795397646e+01,7.728107807660831163e-01,5.452528512005295624e+01
1.365682841420710325e+01,7.733106490524325194e-01,5.464677795960962214e+01
1.368184092046023004e+01,7.738105173387819224e-01,5.476834935757231193e+01
1.370685342671335505e+01,7.743103856251313255e-01,5.488999931394098297e+01
1.373186593296648184e+01,7.748102539114807286e-01,5.501172782871569211e+01
1.375687843921960862e+01,7.753101221978301316e-01,5.513353490189639672e+01
1.378189094547273541e+01,7.758099904841795347e-01,5.525542053348312521e+01
1.380690345172586220e+01,7.763098587705290488e-01,5.537738472347585628e+01
1.383191595797898898e+01,7.768097270568783408e-01,5.549942747187461123e+01
1.385692846423211577e+01,7.773095953432278549e-01,5.562154877867936875e+01
1.388194097048524256e+01,7.778094636295771469e-01,5.574374864389013595e+01
1.390695347673836757e+01,7.783093319159266610e-01,5.586602706750689862e+01
1.393196598299149436e+01,7.788092002022759530e-01,5.598838404952969228e+01
1.395697848924462114e+01,7.793090684886254671e-01,5.611081958995849561e+01
1.398199099549774793e+01,7.798089367749747591e-01,5.623333368879329441e+01
1.400700350175087472e+01,7.803088050613242732e-01,5.635592634603411710e+01
1.403201600800400151e+01,7.808086733476736763e-01,5.647859756168095657e+01
1.405702851425712829e+01,7.813085416340230793e-01,5.660134733573380572e+01
1.408204102051025508e+01,7.818084099203724824e-01,5.672417566819265744e+01
1.410705352676338009e+01,7.823082782067218854e-01,5.684708255905750462e+01
1.413206603301650688e+01,7.828081464930712885e-01,5.697006800832838991e+01
1.415707853926963367e+01,7.833080147794206916e-01,5.709313201600527776e+01
1.418209104552276045e+01,7.838078830657700946e-01,5.721627458208816819e+01
1.420710355177588724e+01,7.843077513521194977e-01,5.733949570657708250e+01
1.423211605802901403e+01,7.848076196384689007e-01,5.746279538947199939e+01
1.425712856428214081e+01,7.853074879248183038e-01,5.758617363077293305e+01
1.428214107053526760e+01,7.858073562111678179e-01,5.770963043047987640e+01
1.430715357678839261e+01,7.863072244975171099e-01,5.783316578859282231e+01
1.433216608304151940e+01,7.868070927838665130e-01,5.795677970511177790e+01
1.435717858929464619e+01,7.873069610702159160e-01,5.808047218003675738e+01
1.438219109554777297e+01,7.878068293565654301e-01,5.820424321336774653e+01
1.440720360180089976e+01,7.883066976429147221e-01,5.832809280510473826e+01
1.443221610805402655e+01,7.888065659292642362e-01,5.845202095524773966e+01
1.445722861430715334e+01,7.893064342156135282e-01,5.857602766379675785e+01
1.448224112056027835e+01,7.898063025019630423e-01,5.870011293075177861e+01
1.450725362681340513e+01,7.903061707883123344e-01,5.882427675611282325e+01
1.453226613306653192e+01,7.908060390746618484e-01,5.894851913987987047e+01
1.455727863931965871e+01,7.913059073610111405e-01,5.907284008205293446e+01
1.458229114557278550e+01,7.918057756473606545e-01,5.919723958263200814e+01
1.460730365182591228e+01,7.923056439337100576e-01,5.932171764161709149e+01
1.463231615807903907e+01,7.928055122200594607e-01,5.944627425900817741e+01
1.465732866433216586e+01,7.933053805064088637e-01,5.957090943480528722e+01
1.468234117058529087e+01,7.938052487927582668e-01,5.969562316900839960e+01
1.470735367683841766e+01,7.943051170791076698e-01,5.982041546161752876e+01
1.473236618309154444e+01,7.948049853654570729e-01,5.994528631263266050e+01
1.475737868934467123e+01,7.953048536518064759e-01,6.007023572205380901e+01
1.478239119559779802e+01,7.958047219381558790e-01,6.019526368988096721e+01
1.480740370185092480e+01,7.963045902245052821e-01,6.032037021611413508e+01
1.483241620810405159e+01,7.968044585108546851e-01,6.044555530075331262e+01
1.485742871435717838e+01,7.973043267972041992e-01,6.057081894379852116e+01
1.488244122061030339e+01,7.978041950835534912e-01,6.069616114524971096e+01
1.490745372686343018e+01,7.983040633699028943e-01,6.082158190510691753e+01
1.493246623311655696e+01,7.988039316562522973e-01,6.094708122337015510e+01
1.495747873936968375e+01,7.993037999426018114e-01,6.107265910003938103e+01
1.498249124562281054e+01,7.998036682289511035e-01,6.119831553511463085e+01
1.500750375187593733e+01,8.003035365153006175e-01,6.132405052859588324e+01
1.503251625812906411e+01,8.008034048016499096e-01,6.144986408048315951e+01
1.505752876438219090e+01,8.013032730879994237e-01,6.157575619077643836e+01
1.508254127063531591e+01,8.018031413743487157e-01,6.170172685947571978e+01
1.510755377688844270e+01,8.023030096606982298e-01,6.182777608658102508e+01
1.513256628314156949e+01,8.028028779470475218e-01,6.195390387209233296e+01
1.515757878939469627e+01,8.033027462333970359e-01,6.208011021600965762e+01
1.518259129564782306e+01,8.038026145197464389e-01,6.220639511833299196e+01
1.520760380190094985e+01,8.043024828060958420e-01,6.233275857906233597e+01
1.523261630815407663e+01,8.048023510924452451e-01,6.245920059819768966e+01
1.525762881440720342e+01,8.053022193787946481e-01,6.258572117573906013e+01
1.528264132066032843e+01,8.058020876651440512e-01,6.271232031168641896e+01
1.530765382691345522e+01,8.063019559514934542e-01,6.283899800603981589e+01
1.533266633316658201e+01,8.068018242378428573e-01,6.296575425879920829e+01
1.535767883941970879e+01,8.073016925241922603e-01,6.309258906996462457e+01
1.538269134567283558e+01,8.078015608105416634e-01,6.321950243953604343e+01
1.540770385192596237e+01,8.083014290968910665e-01,6.334649436751347906e+01
1.543271635817908916e+01,8.088012973832405805e-01,6.347356485389692438e+01
1.545772886443221594e+01,8.093011656695898726e-01,6.360071389868637226e+01
1.548274137068534095e+01,8.098010339559392756e-01,6.372794150188182982e+01
1.550775387693846774e+01,8.103009022422886787e-01,6.385524766348330417e+01
1.553276638319159453e+01,8.108007705286381928e-01,6.398263238349079529e+01
1.555777888944472132e+01,8.113006388149874848e-01,6.411009566190429609e+01
1.558279139569784810e+01,8.118005071013369989e-01,6.423763749872378526e+01
1.560780390195097489e+01,8.123003753876862909e-01,6.436525789394931962e+01
1.563281640820410168e+01,8.128002436740358050e-01,6.449295684758085656e+01
1.565782891445722846e+01,8.133001119603852080e-01,6.462073435961838186e+01
1.568284142071035347e+01,8.137999802467346111e-01,6.474859043006193815e+01
1.570785392696348026e+01,8.142998485330839031e-01,6.487652505891149701e+01
1.573286643321660705e+01,8.147997168194334172e-01,6.500453824616707266e+01
1.575787893946973384e+01,8.152995851057828203e-01,6.513262999182865087e+01
1.578289144572286062e+01,8.157994533921322233e-01,6.526080029589624587e+01
1.580790395197598741e+01,8.162993216784816264e-01,6.538904915836984344e+01
1.583291645822911420e+01,8.167991899648310294e-01,6.551737657924947200e+01
1.585792896448224099e+01,8.172990582511804325e-01,6.564578255853508892e+01
1.588294147073536600e+01,8.177989265375298356e-01,6.577426709622673684e+01
1.590795397698849278e+01,8.182987948238792386e-01,6.590283019232437312e+01
1.593296648324161957e+01,8.187986631102286417e-01,6.603147184682804038e+01
1.595797898949474636e+01,8.192985313965780447e-01,6.616019205973771022e+01
1.598299149574787315e+01,8.197983996829274478e-01,6.628899083105339685e+01
1.600800400200099816e+01,8.202982679692768508e-01,6.641786816077507183e+01
1.603301650825412494e+01,8.207981362556262539e-01,6.654682404890277780e+01
1.605802901450725173e+01,8.212980045419757680e-01,6.667585849543650056e+01
1.608304152076037852e+01,8.217978728283250600e-01,6.680497150037622589e+01
1.610805402701350530e+01,8.222977411146745741e-01,6.693416306372196800e+01
1.613306653326663209e+01,8.227976094010238661e-01,6.706343318547371268e+01
1.615807903951975888e+01,8.232974776873733802e-01,6.719278186563147415e+01
1.618309154577288567e+01,8.237973459737226722e-01,6.732220910419523818e+01
1.620810405202601245e+01,8.242972142600721863e-01,6.745171490116501900e+01
1.623311655827913924e+01,8.247970825464215894e-01,6.758129925654080239e+01
1.625812906453226603e+01,8.252969508327709924e-01,6.771096217032261677e+01
1.628314157078539282e+01,8.257968191191203955e-01,6.784070364251041951e+01
1.630815407703851960e+01,8.262966874054697985e-01,6.797052367310425325e+01
1.633316658329164639e+01,8.267965556918192016e-01,6.810042226210408955e+01
1.635817908954476962e+01,8.272964239781686047e-01,6.823039940950991422e+01
1.638319159579789641e+01,8.277962922645178967e-01,6.836045511532176988e+01
1.640820410205102320e+01,8.282961605508674108e-01,6.849058937953964232e+01
1.643321660830414999e+01,8.287960288372168138e-01,6.862080220216353155e+01
1.645822911455727677e+01,8.292958971235662169e-01,6.875109358319340913e+01
1.648324162081040356e+01,8.297957654099156199e-01,6.888146352262930350e+01
1.650825412706353035e+01,8.302956336962650230e-01,6.901191202047122886e+01
1.653326663331665713e+01,8.307955019826145371e-01,6.914243907671914258e+01
1.655827913956978392e+01,8.312953702689638291e-01,6.927304469137307308e+01
1.658329164582291071e+01,8.317952385553133432e-01,6.940372886443302036e+01
1.660830415207603750e+01,8.322951068416626352e-01,6.953449159589897022e+01
1.663331665832916428e+01,8.327949751280121493e-01,6.966533288577095107e+01
1.665832916458229107e+01,8.332948434143614413e-01,6.979625273404892027e+01
1.668334167083541786e+01,8.337947117007109554e-01,6.992725114073290626e+01
1.670835417708854465e+01,8.342945799870603585e-01,7.005832810582290904e+01
1.673336668334167143e+01,8.347944482734097615e-01,7.018948362931891438e+01
1.675837918959479467e+01,8.352943165597590536e-01,7.032071771122092230e+01
1.678339169584792145e+01,8.357941848461085677e-01,7.045203035152894699e+01
1.680840420210104824e+01,8.362940531324578597e-01,7.058342155024298847e+01
1.683341670835417503e+01,8.367939214188073738e-01,7.071489130736304674e+01
1.685842921460730182e+01,8.372937897051567768e-01,7.084643962288912178e+01
1.688344172086042860e+01,8.377936579915061799e-01,7.097806649682118518e+01
1.690845422711355539e+01,8.382935262778555829e-01,7.110977192915926537e+01
1.693346673336668218e+01,8.387933945642049860e-01,7.124155591990336234e+01
1.695847923961980896e+01,8.392932628505543891e-01,7.137341846905347609e+01
1.698349174587293575e+01,8.397931311369037921e-01,7.150535957660959241e+01
1.700850425212606254e+01,8.402929994232533062e-01,7.163737924257172551e+01
1.703351675837918933e+01,8.407928677096025982e-01,7.176947746693986119e+01
1.705852926463231611e+01,8.412927359959521123e-01,7.190165424971402786e+01
1.708354177088544290e+01,8.417926042823014043e-01,7.203390959089416867e+01
1.710855427713856969e+01,8.422924725686509184e-01,7.216624349048034048e+01
1.713356678339169648e+01,8.427923408550002105e-01,7.229865594847252908e+01
1.715857928964481971e+01,8.432922091413496135e-01,7.243114696487072024e+01
1.718359179589794650e+01,8.437920774276990166e-01,7.256371653967491397e+01
1.720860430215107328e+01,8.442919457140485306e-01,7.269636467288513870e+01
1.723361680840420007e+01,8.447918140003978227e-01,7.282909136450136600e+01
1.725862931465732686e+01,8.452916822867473368e-01,7.296189661452359587e+01
1.728364182091045365e+01,8.457915505730966288e-01,7.309478042295184252e+01
1.730865432716358043e+01,8.462914188594461429e-01,7.322774278978610596e+01
1.733366683341670722e+01,8.467912871457955459e-01,7.336078371502638618e+01
1.735867933966983401e+01,8.472911554321449490e-01,7.349390319867265475e+01
1.738369184592296079e+01,8.477910237184943520e-01,7.362710124072495432e+01
1.740870435217608758e+01,8.482908920048437551e-01,7.376037784118325646e+01
1.743371685842921437e+01,8.487907602911931582e-01,7.389373300004757539e+01
1.745872936468234116e+01,8.492906285775425612e-01,7.402716671731789688e+01
1.748374187093546794e+01,8.497904968638920753e-01,7.416067899299424937e+01
1.750875437718859473e+01,8.502903651502413673e-01,7.429426982707659022e+01
1.753376688344172152e+01,8.507902334365908814e-01,7.442793921956493364e+01
1.755877938969484475e+01,8.512901017229401734e-01,7.456168717045929384e+01
1.758379189594797154e+01,8.517899700092895765e-01,7.469551367975967082e+01
1.760880440220109833e+01,8.522898382956389796e-01,7.482941874746606459e+01
1.763381690845422511e+01,8.527897065819883826e-01,7.496340237357846092e+01
1.765882941470735190e+01,8.532895748683377857e-01,7.509746455809687404e+01
1.768384192096047869e+01,8.537894431546872998e-01,7.523160530102128973e+01
1.770885442721360548e+01,8.542893114410365918e-01,7.536582460235173642e+01
1.773386693346673226e+01,8.547891797273861059e-01,7.550012246208818567e+01
1.775887943971985905e+01,8.552890480137353979e-01,7.563449888023063750e+01
1.778389194597298584e+01,8.557889163000849120e-01,7.576895385677910610e+01
1.780890445222611262e+01,8.562887845864343150e-01,7.590348739173359149e+01
1.783391695847923941e+01,8.567886528727837181e-01,7.603809948509407945e+01
1.785892946473236620e+01,8.572885211591331212e-01,7.617279013686056999e+01
1.788394197098549299e+01,8.577883894454825242e-01,7.630755934703309151e+01
1.790895447723861977e+01,8.582882577318319273e-01,7.644240711561158719e+01
1.793396698349174301e+01,8.587881260181813303e-01,7.657733344259612807e+01
1.795897948974486980e+01,8.592879943045306224e-01,7.671233832798665730e+01
1.798399199599799658e+01,8.597878625908801364e-01,7.684742177178321754e+01
1.800900450225112337e+01,8.602877308772295395e-01,7.698258377398578034e+01
1.803401700850425016e+01,8.607875991635789426e-01,7.711782433459437414e+01
1.805902951475737694e+01,8.612874674499283456e-01,7.725314345360894208e+01
1.808404202101050373e+01,8.617873357362777487e-01,7.738854113102954102e+01
1.810905452726363052e+01,8.622872040226271517e-01,7.752401736685615674e+01
1.813406703351675731e+01,8.627870723089765548e-01,7.765957216108877503e+01
1.815907953976988409e+01,8.632869405953260689e-01,7.779520551372741011e+01
1.818409204602301088e+01,8.637868088816753609e-01,7.793091742477204775e+01
1.820910455227613767e+01,8.642866771680248750e-01,7.806670789422270218e+01
1.823411705852926445e+01,8.647865454543741670e-01,7.820257692207935918e+01
1.825912956478239124e+01,8.652864137407236811e-01,7.833852450834203296e+01
1.828414207103551803e+01,8.657862820270730841e-01,7.847455065301072352e+01
1.830915457728864482e+01,8.662861503134224872e-01,7.861065535608541666e+01
1.833416708354176805e+01,8.667860185997717792e-01,7.874683861756609815e+01
1.835917958979489484e+01,8.672858868861212933e-01,7.888310043745282485e+01
1.838419209604802163e+01,8.677857551724705854e-01,7.901944081574555412e+01
1.840920460230114841e+01,8.682856234588200994e-01,7.915585975244428596e+01
1.843421710855427520e+01,8.687854917451693915e-01,7.929235724754904879e+01
1.845922961480740199e+01,8.692853600315189055e-01,7.942893330105981420e+01
1.848424212106052877e+01,8.697852283178683086e-01,7.956558791297658217e+01
1.850925462731365556e+01,8.702850966042177117e-01,7.970232108329936693e+01
1.853426713356678235e+01,8.707849648905671147e-01,7.983913281202815426e+01
1.855927963981990914e+01,8.712848331769165178e-01,7.997602309916295837e+01
1.858429214607303592e+01,8.717847014632659208e-01,8.011299194470377927e+01
1.860930465232616271e+01,8.722845697496153239e-01,8.025003934865060273e+01
1.863431715857928950e+01,8.727844380359648380e-01,8.038716531100344298e+01
1.865932966483241628e+01,8.732843063223141300e-01,8.052436983176228580e+01
1.868434217108554307e+01,8.737841746086636441e-01,8.066165291092715961e+01
1.870935467733866986e+01,8.742840428950129361e-01,8.079901454849802178e+01
1.873436718359179309e+01,8.747839111813623392e-01,8.093645474447487231e+01
1.875937968984491988e+01,8.752837794677117422e-01,8.107397349885776805e+01
1.878439219609804667e+01,8.757836477540611453e-01,8.121157081164668057e+01
1.880940470235117346e+01,8.762835160404105483e-01,8.134924668284159566e+01
1.883441720860430024e+01,8.767833843267600624e-01,8.148700111244251332e+01
1.885942971485742703e+01,8.772832526131093545e-01,8.162483410044944776e+01
1.888444222111055382e+01,8.777831208994588685e-01,8.176274564686239898e+01
1.890945472736368060e+01,8.782829891858081606e-01,8.190073575168136699e+01
1.893446723361680739e+01,8.787828574721576746e-01,8.203880441490632336e+01
1.895947973986993418e+01,8.792827257585070777e-01,8.217695163653731072e+01
1.898449224612306097e+01,8.797825940448564808e-01,8.231517741657430065e+01
1.900950475237618775e+01,8.802824623312058838e-01,8.245348175501729315e+01
1.903451725862931454e+01,8.807823306175552869e-01,8.259186465186631665e+01
1.905952976488244133e+01,8.812821989039046899e-01,8.273032610712132850e+01
1.908454227113556811e+01,8.817820671902540930e-01,8.286886612078235714e+01
1.910955477738869490e+01,8.822819354766036071e-01,8.300748469284941677e+01
1.913456728364181814e+01,8.827818037629528991e-01,8.314618182332245055e+01
1.915957978989494492e+01,8.832816720493023022e-01,8.328495751220151533e+01
1.918459229614807171e+01,8.837815403356517052e-01,8.342381175948658267e+01
1.920960480240119850e+01,8.842814086220011083e-01,8.356274456517766680e+01
1.923461730865432529e+01,8.847812769083505113e-01,8.370175592927478192e+01
1.925962981490745207e+01,8.852811451946999144e-01,8.384084585177788540e+01
1.928464232116057886e+01,8.857810134810493174e-01,8.398001433268700566e+01
1.930965482741370565e+01,8.862808817673988315e-01,8.411926137200214271e+01
1.933466733366683243e+01,8.867807500537481236e-01,8.425858696972329653e+01
1.935967983991995922e+01,8.872806183400976376e-01,8.439799112585043872e+01
1.938469234617308601e+01,8.877804866264469297e-01,8.453747384038361190e+01
1.940970485242621280e+01,8.882803549127964438e-01,8.467703511332277344e+01
1.943471735867933958e+01,8.887802231991458468e-01,8.481667494466798018e+01
1.945972986493246637e+01,8.892800914854952499e-01,8.495639333441916108e+01
1.948474237118559316e+01,8.897799597718446529e-01,8.509619028257637297e+01
1.950975487743871639e+01,8.902798280581940560e-01,8.523606578913955900e+01
1.953476738369184318e+01,8.907796963445433480e-01,8.537601985410880445e+01
1.955977988994496997e+01,8.912795646308928621e-01,8.551605247748403826e+01
1.958479239619809675e+01,8.917794329172421541e-01,8.565616365926528886e+01
1.960980490245122354e+01,8.922793012035916682e-01,8.579635339945257044e+01
1.963481740870435033e+01,8.927791694899410713e-01,8.593662169804582618e+01
1.965982991495747711e+01,8.932790377762904743e-01,8.607696855504512712e+01
1.968484242121060390e+01,8.937789060626398774e-01,8.621739397045041642e+01
1.970985492746373069e+01,8.942787743489892804e-01,8.635789794426172250e+01
1.973486743371685748e+01,8.947786426353386835e-01,8.649848047647903115e+01
1.975987993996998426e+01,8.952785109216880866e-01,8.663914156710237080e+01
1.978489244622311105e+01,8.957783792080376006e-01,8.677988121613171302e+01
1.980990495247623784e+01,8.962782474943868927e-01,8.692069942356705781e+01
1.983491745872936463e+01,8.967781157807364067e-01,8.706159618940840517e+01
1.985992996498249141e+01,8.972779840670856988e-01,8.720257151365578352e+01
1.988494247123561820e+01,8.977778523534352129e-01,8.734362539630916444e+01
1.990995497748874143e+01,8.982777206397845049e-01,8.748475783736853373e+01
1.993496748374186822e+01,8.987775889261340190e-01,8.762596883683394822e+01
1.995997998999499501e+01,8.992774572124833110e-01,8.776725839470536528e+01
1.998499249624812180e+01,8.997773254988328251e-01,8.790862651098279912e+01
2.001000500250124858e+01,9.002771937851821171e-01,8.805007318566622132e+01
2.003501750875437537e+01,9.007770620715316312e-01,8.819159841875567452e+01
2.006003001500750216e+01,9.012769303578809232e-01,8.833320221025113028e+01
2.008504252126062894e+01,9.017767986442304373e-01,8.847488456015260283e+01
2.011005502751375573e+01,9.022766669305798404e-01,8.861664546846007795e+01
2.013506753376688252e+01,9.027765352169292434e-01,8.875848493517358406e+01
2.016008004002000931e+01,9.032764035032786465e-01,8.890040296029307854e+01
2.018509254627313609e+01,9.037762717896280495e-01,8.904239954381860400e+01
2.021010505252626288e+01,9.042761400759774526e-01,8.918447468575011783e+01
2.023511755877938967e+01,9.047760083623268557e-01,8.932662838608764844e+01
2.026013006503251646e+01,9.052758766486763697e-01,8.946886064483119583e+01
2.028514257128564324e+01,9.057757449350256618e-01,8.961117146198074579e+01
2.031015507753876648e+01,9.062756132213750648e-01,8.975356083753631253e+01
2.033516758379189326e+01,9.067754815077244679e-01,8.989602877149788185e+01
2.036018009004502005e+01,9.072753497940738709e-01,9.003857526386546795e+01
2.038519259629814684e+01,9.077752180804232740e-01,9.018120031463905661e+01
2.041020510255127363e+01,9.082750863667727881e-01,9.032390392381867628e+01
2.043521760880440041e+01,9.087749546531220801e-01,9.046668609140431272e+01
2.046023011505752720e+01,9.092748229394715942e-01,9.060954681739593752e+01
2.048524262131065399e+01,9.097746912258208862e-01,9.075248610179357911e+01
2.051025512756378077e+01,9.102745595121704003e-01,9.089550394459723748e+01
2.053526763381690756e+01,9.107744277985196923e-01,9.103860034580691263e+01
2.056028014007003435e+01,9.112742960848692064e-01,9.118177530542259035e+01
2.058529264632316114e+01,9.117741643712186095e-01,9.132502882344425643e+01
2.061030515257628792e+01,9.122740326575680125e-01,9.146836089987195351e+01
2.063531765882941471e+01,9.127739009439174156e-01,9.161177153470568157e+01
2.066033016508254150e+01,9.132737692302668187e-01,9.175526072794539800e+01
2.068534267133566829e+01,9.137736375166162217e-01,9.189882847959113121e+01
2.071035517758879152e+01,9.142735058029656248e-01,9.204247478964283857e+01
2.073536768384191831e+01,9.147733740893150278e-01,9.218619965810060535e+01
2.076038019009504509e+01,9.152732423756644309e-01,9.233000308496437469e+01
2.078539269634817188e+01,9.157731106620138339e-01,9.247388507023414661e+01
2.081040520260129867e+01,9.162729789483632370e-01,9.261784561390992110e+01
2.083541770885442546e+01,9.167728472347126401e-01,9.276188471599172658e+01
2.086043021510755224e+01,9.172727155210620431e-01,9.290600237647953463e+01
2.088544272136067903e+01,9.177725838074115572e-01,9.305019859537334526e+01
2.091045522761380582e+01,9.182724520937608492e-01,9.319447337267317266e+01
2.093546773386693260e+01,9.187723203801103633e-01,9.333882670837901685e+01
2.096048024012005939e+01,9.192721886664596553e-01,9.348325860249087782e+01
2.098549274637318618e+01,9.197720569528091694e-01,9.362776905500874136e+01
2.101050525262631297e+01,9.202719252391584615e-01,9.377235806593260747e+01
2.103551775887943975e+01,9.207717935255079755e-01,9.391702563526249037e+01
2.106053026513256654e+01,9.212716618118573786e-01,9.406177176299839005e+01
2.108554277138568978e+01,9.217715300982067816e-01,9.420659644914026387e+01
2.111055527763881656e+01,9.222713983845560737e-01,9.435149969368819711e+01
2.113556778389194335e+01,9.227712666709055878e-01,9.449648149664211871e+01
2.116058029014507014e+01,9.232711349572548798e-01,9.464154185800207131e+01
2.118559279639819692e+01,9.237710032436043939e-01,9.478668077776799805e+01
2.121060530265132371e+01,9.242708715299537969e-01,9.493189825593995579e+01
2.123561780890445050e+01,9.247707398163032000e-01,9.507719429251793031e+01
2.126063031515757729e+01,9.252706081026526030e-01,9.522256888750190740e+01
2.128564282141070407e+01,9.257704763890020061e-01,9.536802204089191548e+01
2.131065532766383086e+01,9.262703446753514092e-01,9.551355375268792613e+01
2.133566783391695765e+01,9.267702129617008122e-01,9.565916402288991094e+01
2.136068034017008443e+01,9.272700812480503263e-01,9.580485285149795516e+01
2.138569284642321122e+01,9.277699495343996183e-01,9.595062023851200195e+01
2.141070535267633801e+01,9.282698178207491324e-01,9.609646618393205131e+01
2.143571785892946480e+01,9.287696861070984244e-01,9.624239068775808903e+01
2.146073036518259158e+01,9.292695543934479385e-01,9.638839374999015774e+01
2.148574287143571482e+01,9.297694226797972306e-01,9.653447537062822903e+01
2.151075537768884161e+01,9.302692909661466336e-01,9.668063554967231710e+01
2.153576788394196839e+01,9.307691592524960367e-01,9.682687428712240774e+01
2.156078039019509518e+01,9.312690275388455508e-01,9.697319158297852937e+01
2.158579289644822197e+01,9.317688958251948428e-01,9.711958743724065357e+01
2.161080540270134875e+01,9.322687641115443569e-01,9.726606184990879456e+01
2.163581790895447554e+01,9.327686323978936489e-01,9.741261482098292390e+01
2.166083041520760233e+01,9.332685006842431630e-01,9.755924635046308424e+01
2.168584292146072912e+01,9.337683689705925660e-01,9.770595643834924715e+01
2.171085542771385590e+01,9.342682372569419691e-01,9.785274508464144105e+01
2.173586793396698269e+01,9.347681055432913722e-01,9.799961228933962332e+01
2.176088044022010948e+01,9.352679738296407752e-01,9.814655805244382236e+01
2.178589294647323626e+01,9.357678421159901783e-01,9.829358237395403819e+01
2.181090545272636305e+01,9.362677104023395813e-01,9.844068525387027080e+01
2.183591795897948984e+01,9.367675786886890954e-01,9.858786669219250598e+01
2.186093046523261663e+01,9.372674469750383874e-01,9.873512668892072952e+01
2.188594297148573986e+01,9.377673152613877905e-01,9.888246524405496984e+01
2.191095547773886665e+01,9.382671835477371935e-01,9.902988235759522695e+01
2.193596798399199344e+01,9.387670518340865966e-01,9.917737802954151505e+01
2.196098049024512022e+01,9.392669201204359997e-01,9.932495225989380572e+01
2.198599299649824701e+01,9.397667884067854027e-01,9.947260504865208475e+01
2.201100550275137380e+01,9.402666566931348058e-01,9.962033639581639477e+01
2.203601800900450058e+01,9.407665249794843199e-01,9.976814630138673579e+01
2.206103051525762737e+01,9.412663932658336119e-01,9.991603476536306516e+01
2.208604302151075416e+01,9.417662615521831260e-01,1.000640017877453971e+02
2.211105552776388095e+01,9.422661298385324180e-01,1.002120473685337458e+02
2.213606803401700773e+01,9.427659981248819321e-01,1.003601715077281114e+02
2.216108054027013452e+01,9.432658664112313351e-01,1.005083742053284936e+02
2.218609304652326131e+01,9.437657346975807382e-01,1.006566554613348643e+02
2.221110555277638809e+01,9.442656029839301413e-01,1.008050152757472659e+02
2.223611805902951488e+01,9.447654712702795443e-01,1.009534536485656844e+02
2.226113056528264167e+01,9.452653395566289474e-01,1.011019705797901054e+02
2.228614307153576490e+01,9.457652078429783504e-01,1.012505660694205005e+02
2.231115557778889169e+01,9.462650761293276425e-01,1.013992401174569409e+02
2.233616808404201848e+01,9.467649444156771565e-01,1.015479927238993980e+02
2.236118059029514527e+01,9.472648127020265596e-01,1.016968238887478577e+02
2.238619309654827205e+01,9.477646809883759627e-01,1.018457336120023342e+02
2.241120560280139884e+01,9.482645492747253657e-01,1.019947218936627991e+02
2.243621810905452563e+01,9.487644175610747688e-01,1.021437887337292949e+02
2.246123061530765241e+01,9.492642858474241718e-01,1.022929341322018075e+02
2.248624312156077920e+01,9.497641541337735749e-01,1.024421580890803227e+02
2.251125562781390599e+01,9.502640224201230890e-01,1.025914606043648405e+02
2.253626813406703278e+01,9.507638907064723810e-01,1.027408416780553750e+02
2.256128064032015956e+01,9.512637589928218951e-01,1.028903013101519406e+02
2.258629314657328635e+01,9.517636272791711871e-01,1.030398395006545087e+02
2.261130565282641314e+01,9.522634955655207012e-01,1.031894562495630652e+02
2.263631815907953992e+01,9.527633638518701042e-01,1.033391515568776526e+02
2.266133066533266316e+01,9.532632321382193963e-01,1.034889254225982143e+02
2.268634317158578995e+01,9.537631004245687993e-01,1.036387778467248353e+02
2.271135567783891673e+01,9.542629687109183134e-01,1.037887088292574447e+02
2.273636818409204352e+01,9.547628369972676055e-01,1.039387183701960566e+02
2.276138069034517031e+01,9.552627052836171195e-01,1.040888064695406854e+02
2.278639319659829710e+01,9.557625735699664116e-01,1.042389731272913451e+02
2.281140570285142388e+01,9.562624418563159256e-01,1.043892183434480074e+02
2.283641820910455067e+01,9.567623101426653287e-01,1.045395421180106865e+02
2.286143071535767746e+01,9.572621784290147318e-01,1.046899444509793398e+02
2.288644322161080424e+01,9.577620467153641348e-01,1.048404253423540240e+02
2.291145572786393103e+01,9.582619150017135379e-01,1.049909847921347534e+02
2.293646823411705782e+01,9.587617832880629409e-01,1.051416228003214570e+02
2.296148074037018461e+01,9.592616515744123440e-01,1.052923393669141916e+02
2.298649324662331139e+01,9.597615198607618581e-01,1.054431344919129145e+02
2.301150575287643818e+01,9.602613881471111501e-01,1.055940081753176685e+02
2.303651825912956497e+01,9.607612564334606642e-01,1.057449604171284250e+02
2.306153076538268820e+01,9.612611247198099562e-01,1.058959912173451556e+02
2.308654327163581499e+01,9.617609930061593593e-01,1.060471005759679315e+02
2.311155577788894178e+01,9.622608612925087623e-01,1.061982884929967241e+02
2.313656828414206856e+01,9.627607295788581654e-01,1.063495549684315193e+02
2.316158079039519535e+01,9.632605978652075684e-01,1.065009000022723313e+02
2.318659329664832214e+01,9.637604661515570825e-01,1.066523235945191459e+02
2.321160580290144893e+01,9.642603344379063746e-01,1.068038257451719772e+02
2.323661830915457571e+01,9.647602027242558886e-01,1.069554064542308254e+02
2.326163081540770250e+01,9.652600710106051807e-01,1.071070657216956903e+02
2.328664332166082929e+01,9.657599392969546948e-01,1.072588035475665436e+02
2.331165582791395607e+01,9.662598075833040978e-01,1.074106199318434136e+02
2.333666833416708286e+01,9.667596758696535009e-01,1.075625148745263004e+02
2.336168084042020965e+01,9.672595441560029039e-01,1.077144883756152183e+02
2.338669334667333644e+01,9.677594124423523070e-01,1.078665404351101103e+02
2.341170585292646322e+01,9.682592807287017100e-01,1.080186710530110332e+02
2.343671835917959001e+01,9.687591490150511131e-01,1.081708802293179730e+02
2.346173086543271324e+01,9.692590173014004051e-01,1.083231679640308869e+02
2.348674337168584003e+01,9.697588855877499192e-01,1.084755342571498318e+02
2.351175587793896682e+01,9.702587538740993223e-01,1.086279791086748077e+02
2.353676838419209361e+01,9.707586221604487253e-01,1.087805025186057719e+02
2.356178089044522039e+01,9.712584904467981284e-01,1.089331044869427529e+02
2.358679339669834718e+01,9.717583587331475314e-01,1.090857850136857508e+02
2.361180590295147397e+01,9.722582270194969345e-01,1.092385440988347511e+02
2.363681840920460075e+01,9.727580953058463376e-01,1.093913817423897683e+02
2.366183091545772754e+01,9.732579635921958516e-01,1.095442979443508023e+02
2.368684342171085433e+01,9.737578318785451437e-01,1.096972927047178388e+02
2.371185592796398112e+01,9.742577001648946577e-01,1.098503660234909063e+02
2.373686843421710790e+01,9.747575684512439498e-01,1.100035179006699479e+02
2.376188094047023469e+01,9.752574367375934639e-01,1.101567483362550206e+02
2.378689344672336148e+01,9.757573050239428669e-01,1.103100573302461100e+02
2.381190595297648827e+01,9.762571733102922700e-01,1.104634448826431878e+02
2.383691845922961505e+01,9.767570415966416730e-01,1.106169109934462966e+02
2.386193096548273829e+01,9.772569098829910761e-01,1.107704556626553796e+02
2.388694347173586507e+01,9.777567781693403681e-01,1.109240788902705219e+02
2.391195597798899186e+01,9.782566464556898822e-01,1.110777806762916669e+02
2.393696848424211865e+01,9.787565147420391742e-01,1.112315610207188001e+02
2.396198099049524544e+01,9.792563830283886883e-01,1.113854199235519502e+02
2.398699349674837222e+01,9.797562513147380914e-01,1.115393573847911313e+02
2.401200600300149901e+01,9.802561196010874944e-01,1.116933734044363291e+02
2.403701850925462580e+01,9.807559878874368975e-01,1.118474679824875153e+02
2.406203101550775258e+01,9.812558561737863005e-01,1.120016411189447183e+02
2.408704352176087937e+01,9.817557244601357036e-01,1.121558928138079381e+02
2.411205602801400616e+01,9.822555927464851067e-01,1.123102230670771462e+02
2.413706853426713295e+01,9.827554610328346207e-01,1.124646318787523853e+02
2.416208104052025973e+01,9.832553293191839128e-01,1.126191192488336128e+02
2.418709354677338652e+01,9.837551976055334269e-01,1.127736851773208855e+02
2.421210605302651331e+01,9.842550658918827189e-01,1.129283296642141607e+02
2.423711855927963654e+01,9.847549341782321219e-01,1.130830527095134102e+02
2.426213106553276333e+01,9.852548024645815250e-01,1.132378543132187048e+02
2.428714357178589012e+01,9.857546707509310391e-01,1.133927344753300019e+02
2.431215607803901690e+01,9.862545390372803311e-01,1.135476931958473301e+02
2.433716858429214369e+01,9.867544073236298452e-01,1.137027304747706467e+02
2.436218109054527048e+01,9.872542756099791372e-01,1.138578463120999658e+02
2.438719359679839727e+01,9.877541438963286513e-01,1.140130407078353159e+02
2.441220610305152405e+01,9.882540121826779433e-01,1.141683136619766827e+02
2.443721860930465084e+01,9.887538804690274574e-01,1.143236651745240522e+02
2.446223111555777763e+01,9.892537487553768605e-01,1.144790952454774100e+02
2.448724362181090441e+01,9.897536170417262635e-01,1.146346038748368130e+02
2.451225612806403120e+01,9.902534853280756666e-01,1.147901910626022044e+02
2.453726863431715799e+01,9.907533536144250697e-01,1.149458568087736126e+02
2.456228114057028478e+01,9.912532219007744727e-01,1.151016011133510233e+02
2.458729364682341156e+01,9.917530901871238758e-01,1.152574239763344650e+02
2.461230615307653835e+01,9.922529584734733898e-01,1.154133253977239093e+02
2.463731865932966159e+01,9.927528267598226819e-01,1.155693053775193420e+02
2.466233116558278837e+01,9.932526950461720849e-01,1.157253639157208056e+02
2.468734367183591516e+01,9.937525633325214880e-01,1.158815010123282718e+02
2.471235617808904195e+01,9.942524316188708911e-01,1.160377166673417548e+02
2.473736868434216873e+01,9.947522999052202941e-01,1.161940108807612688e+02
2.476238119059529552e+01,9.952521681915698082e-01,1.163503836525867712e+02
2.478739369684842231e+01,9.957520364779191002e-01,1.165068349828182903e+02
2.481240620310154910e+01,9.962519047642686143e-01,1.166633648714558120e+02
2.483741870935467588e+01,9.967517730506179063e-01,1.168199733184993505e+02
2.486243121560780267e+01,9.972516413369674204e-01,1.169766603239489058e+02
2.488744372186092946e+01,9.977515096233167124e-01,1.171334258878044636e+02
2.491245622811405624e+01,9.982513779096662265e-01,1.172902700100660383e+02
2.493746873436718303e+01,9.987512461960156296e-01,1.174471926907336297e+02
2.496248124062030982e+01,9.992511144823650326e-01,1.176041939298072236e+02
2.498749374687343661e+01,9.997509827687144357e-01,1.177612737272868344e+02
2.501250625312656339e+01,1.000250851055063839e+00,1.179184320831724335e+02
2.503751875937968663e+01,1.000750719341413131e+00,1.180756689974640494e+02
2.506253126563281342e+01,1.001250587627762645e+00,1.182329844701616963e+02
2.508754377188594020e+01,1.001750455914112159e+00,1.183903785012653458e+02
2.511255627813906699e+01,1.002250324200461451e+00,1.185478510907749978e+02
2.513756878439219378e+01,1.002750192486810743e+00,1.187054022386906666e+02
2.516258129064532056e+01,1.003250060773160257e+00,1.188630319450123523e+02
2.518759379689844735e+01,1.003749929059509771e+00,1.190207402097400404e+02
2.521260630315157414e+01,1.004249797345859063e+00,1.191785270328737454e+02
2.523761880940470093e+01,1.004749665632208355e+00,1.193363924144134671e+02
2.526263131565782771e+01,1.005249533918557869e+00,1.194943363543591630e+02
2.528764382191095450e+01,1.005749402204907383e+00,1.196523588527109183e+02
2.531265632816408129e+01,1.006249270491256897e+00,1.198104599094686620e+02
2.533766883441720807e+01,1.006749138777606190e+00,1.199686395246324224e+02
2.536268134067033486e+01,1.007249007063955482e+00,1.201268976982021996e+02
2.538769384692346165e+01,1.007748875350304996e+00,1.202852344301779652e+02
2.541270635317658844e+01,1.008248743636654510e+00,1.204436497205597618e+02
2.543771885942971167e+01,1.008748611923003580e+00,1.206021435693475325e+02
2.546273136568283846e+01,1.009248480209353094e+00,1.207607159765413485e+02
2.548774387193596525e+01,1.009748348495702608e+00,1.209193669421411954e+02
2.551275637818909203e+01,1.010248216782052122e+00,1.210780964661470307e+02
2.553776888444221882e+01,1.010748085068401414e+00,1.212369045485588686e+02
2.556278139069534561e+01,1.011247953354750706e+00,1.213957911893767090e+02
2.558779389694847239e+01,1.011747821641100220e+00,1.215547563886005804e+02
2.561280640320159918e+01,1.012247689927449734e+00,1.217138001462304686e+02
2.563781890945472597e+01,1.012747558213799026e+00,1.218729224622663594e+02
2.566283141570785276e+01,1.013247426500148318e+00,1.220321233367082669e+02
2.568784392196097954e+01,1.013747294786497832e+00,1.221914027695561487e+02
2.571285642821410633e+01,1.014247163072847346e+00,1.223507607608100898e+02
2.573786893446723312e+01,1.014747031359196638e+00,1.225101973104700193e+02
2.576288144072035990e+01,1.015246899645545930e+00,1.226697124185359655e+02
2.578789394697348669e+01,1.015746767931895445e+00,1.228293060850079144e+02
2.581290645322660993e+01,1.016246636218244959e+00,1.229889783098858516e+02
2.583791895947973671e+01,1.016746504504594251e+00,1.231487290931698340e+02
2.586293146573286350e+01,1.017246372790943543e+00,1.233085584348598189e+02
2.588794397198599029e+01,1.017746241077293057e+00,1.234684663349558207e+02
2.591295647823911708e+01,1.018246109363642571e+00,1.236284527934578250e+02
2.593796898449224386e+01,1.018745977649991863e+00,1.237885178103658603e+02
2.596298149074537065e+01,1.019245845936341377e+00,1.239486613856798982e+02
2.598799399699849744e+01,1.019745714222690669e+00,1.241088835193999245e+02
2.601300650325162422e+01,1.020245582509040183e+00,1.242691842115259817e+02
2.603801900950475101e+01,1.020745450795389697e+00,1.244295634620580273e+02
2.606303151575787780e+01,1.021245319081738989e+00,1.245900212709961039e+02
2.608804402201100459e+01,1.021745187368088281e+00,1.247505576383402115e+02
2.611305652826413137e+01,1.022245055654437795e+00,1.249111725640902790e+02
2.613806903451725816e+01,1.022744923940787309e+00,1.250718660482464060e+02
2.616308154077038495e+01,1.023244792227136601e+00,1.252326380908085071e+02
2.618809404702351173e+01,1.023744660513485893e+00,1.253934886917766391e+02
2.621310655327663497e+01,1.024244528799835408e+00,1.255544178511507596e+02
2.623811905952976176e+01,1.024744397086184922e+00,1.257154255689309110e+02
2.626313156578288854e+01,1.025244265372534214e+00,1.258765118451170792e+02
2.628814407203601533e+01,1.025744133658883506e+00,1.260376766797092500e+02
2.631315657828914212e+01,1.026244001945233020e+00,1.261989200727074234e+02
2.633816908454226891e+01,1.026743870231582534e+00,1.263602420241116135e+02
2.636318159079539569e+01,1.027243738517931826e+00,1.265216425339218347e+02
2.638819409704852248e+01,1.027743606804281118e+00,1.266831216021380300e+02
2.641320660330164927e+01,1.028243475090630632e+00,1.268446792287602847e+02
2.643821910955477605e+01,1.028743343376980146e+00,1.270063154137884993e+02
2.646323161580790284e+01,1.029243211663329660e+00,1.271680301572227592e+02
2.648824412206102963e+01,1.029743079949678952e+00,1.273298234590630358e+02
2.651325662831415642e+01,1.030242948236028244e+00,1.274916953193093008e+02
2.653826913456728320e+01,1.030742816522377758e+00,1.276536457379615683e+02
2.656328164082040999e+01,1.031242684808727272e+00,1.278156747150198527e+02
2.658829414707353678e+01,1.031742553095076564e+00,1.279777822504841680e+02
2.661330665332666001e+01,1.032242421381425856e+00,1.281399683443544575e+02
2.663831915957978680e+01,1.032742289667775371e+00,1.283022329966307780e+02
2.666333166583291359e+01,1.033242157954124885e+00,1.284645762073131152e+02
2.668834417208604037e+01,1.033742026240474177e+00,1.286269979764014693e+02
2.671335667833916716e+01,1.034241894526823469e+00,1.287894983038958401e+02
2.673836918459229395e+01,1.034741762813172983e+00,1.289520771897961993e+02
2.676338169084542074e+01,1.035241631099522497e+00,1.291147346341025468e+02
2.678839419709854752e+01,1.035741499385871789e+00,1.292774706368149680e+02
2.681340670335167431e+01,1.036241367672221081e+00,1.294402851979333491e+02
2.683841920960480110e+01,1.036741235958570595e+00,1.296031783174577470e+02
2.686343171585792788e+01,1.037241104244920109e+00,1.297661499953881901e+02
2.688844422211105467e+01,1.037740972531269401e+00,1.299292002317246215e+02
2.691345672836418146e+01,1.038240840817618915e+00,1.300923290264670698e+02
2.693846923461730825e+01,1.038740709103968207e+00,1.302555363796155348e+02
2.696348174087043503e+01,1.039240577390317721e+00,1.304188222911700166e+02
2.698849424712356182e+01,1.039740445676667235e+00,1.305821867611304583e+02
2.701350675337668505e+01,1.040240313963016305e+00,1.307456297894969452e+02
2.703851925962981184e+01,1.040740182249365819e+00,1.309091513762694490e+02
2.706353176588293863e+01,1.041240050535715334e+00,1.310727515214479411e+02
2.708854427213606542e+01,1.041739918822064626e+00,1.312364302250324499e+02
2.711355677838919220e+01,1.042239787108414140e+00,1.314001874870230040e+02
2.713856928464231899e+01,1.042739655394763432e+00,1.315640233074195464e+02
2.716358179089544578e+01,1.043239523681112946e+00,1.317279376862221056e+02
2.718859429714857256e+01,1.043739391967462460e+00,1.318919306234306532e+02
2.721360680340169935e+01,1.044239260253811752e+00,1.320560021190452460e+02
2.723861930965482614e+01,1.044739128540161044e+00,1.322201521730658271e+02
2.726363181590795293e+01,1.045238996826510558e+00,1.323843807854924250e+02
2.728864432216107971e+01,1.045738865112860072e+00,1.325486879563250397e+02
2.731365682841420650e+01,1.046238733399209364e+00,1.327130736855636428e+02
2.733866933466733329e+01,1.046738601685558656e+00,1.328775379732082911e+02
2.736368184092046008e+01,1.047238469971908170e+00,1.330420808192589277e+02
2.738869434717358331e+01,1.047738338258257684e+00,1.332067022237155527e+02
2.741370685342671010e+01,1.048238206544606976e+00,1.333714021865781945e+02
2.743871935967983688e+01,1.048738074830956268e+00,1.335361807078469099e+02
2.746373186593296367e+01,1.049237943117305782e+00,1.337010377875215568e+02
2.748874437218609046e+01,1.049737811403655297e+00,1.338659734256022489e+02
2.751375687843921725e+01,1.050237679690004589e+00,1.340309876220889578e+02
2.753876938469234403e+01,1.050737547976353881e+00,1.341960803769816835e+02
2.756378189094547082e+01,1.051237416262703395e+00,1.343612516902803975e+02
2.758879439719859761e+01,1.051737284549052909e+00,1.345265015619851567e+02
2.761380690345172439e+01,1.052237152835402423e+00,1.346918299920959043e+02
2.763881940970485118e+01,1.052737021121751715e+00,1.348572369806126687e+02
2.766383191595797797e+01,1.053236889408101007e+00,1.350227225275354499e+02
2.768884442221110476e+01,1.053736757694450521e+00,1.351882866328642194e+02
2.771385692846423154e+01,1.054236625980800035e+00,1.353539292965990057e+02
2.773886943471735833e+01,1.054736494267149327e+00,1.355196505187398088e+02
2.776388194097048512e+01,1.055236362553498619e+00,1.356854502992866287e+02
2.778889444722360835e+01,1.055736230839848133e+00,1.358513286382394369e+02
2.781390695347673514e+01,1.056236099126197647e+00,1.360172855355982904e+02
2.783891945972986193e+01,1.056735967412546939e+00,1.361833209913631038e+02
2.786393196598298871e+01,1.057235835698896231e+00,1.363494350055339623e+02
2.788894447223611550e+01,1.057735703985245745e+00,1.365156275781108661e+02
2.791395697848924229e+01,1.058235572271595260e+00,1.366818987090937298e+02
2.793896948474236908e+01,1.058735440557944552e+00,1.368482483984826104e+02
2.796398199099549586e+01,1.059235308844293844e+00,1.370146766462775076e+02
2.798899449724862265e+01,1.059735177130643358e+00,1.371811834524784501e+02
2.801400700350174944e+01,1.060235045416992872e+00,1.373477688170853526e+02
2.803901950975487622e+01,1.060734913703342164e+00,1.375144327400982718e+02
2.806403201600800301e+01,1.061234781989691678e+00,1.376811752215172362e+02
2.808904452226112980e+01,1.061734650276040970e+00,1.378479962613422174e+02
2.811405702851425659e+01,1.062234518562390484e+00,1.380148958595731585e+02
2.813906953476738337e+01,1.062734386848739998e+00,1.381818740162101449e+02
2.816408204102051016e+01,1.063234255135089290e+00,1.383489307312531480e+02
2.818909454727363340e+01,1.063734123421438582e+00,1.385160660047021111e+02
2.821410705352676018e+01,1.064233991707788096e+00,1.386832798365571193e+02
2.823911955977988697e+01,1.064733859994137610e+00,1.388505722268181444e+02
2.826413206603301376e+01,1.065233728280486902e+00,1.390179431754851862e+02
2.828914457228614054e+01,1.065733596566836194e+00,1.391853926825582164e+02
2.831415707853926733e+01,1.066233464853185708e+00,1.393529207480372918e+02
2.833916958479239412e+01,1.066733333139535223e+00,1.395205273719223555e+02
2.836418209104552091e+01,1.067233201425884515e+00,1.396882125542134361e+02
2.838919459729864769e+01,1.067733069712233807e+00,1.398559762949105050e+02
2.841420710355177448e+01,1.068232937998583321e+00,1.400238185940136191e+02
2.843921960980490127e+01,1.068732806284932835e+00,1.401917394515227215e+02
2.846423211605802805e+01,1.069232674571282127e+00,1.403597388674378408e+02
2.848924462231115484e+01,1.069732542857631419e+00,1.405278168417589768e+02
2.851425712856428163e+01,1.070232411143980933e+00,1.406959733744861012e+02
2.853926963481740842e+01,1.070732279430330447e+00,1.408642084656192708e+02
2.856428214107053520e+01,1.071232147716679961e+00,1.410325221151584287e+02
2.858929464732365844e+01,1.071732016003029031e+00,1.412009143231035750e+02
2.861430715357678523e+01,1.072231884289378545e+00,1.413693850894547666e+02
2.863931965982991201e+01,1.072731752575728059e+00,1.415379344142119749e+02
2.866433216608303880e+01,1.073231620862077351e+00,1.417065622973751715e+02
2.868934467233616559e+01,1.073731489148426643e+00,1.418752687389443849e+02
2.871435717858929237e+01,1.074231357434776157e+00,1.420440537389196152e+02
2.873936968484241916e+01,1.074731225721125671e+00,1.422129172973008906e+02
2.876438219109554595e+01,1.075231094007475185e+00,1.423818594140881260e+02
2.878939469734867274e+01,1.075730962293824478e+00,1.425508800892813781e+02
2.881440720360179952e+01,1.076230830580173770e+00,1.427199793228806470e+02
2.883941970985492631e+01,1.076730698866523284e+00,1.428891571148859327e+02
2.886443221610805310e+01,1.077230567152872798e+00,1.430584134652972068e+02
2.888944472236117988e+01,1.077730435439222090e+00,1.432277483741145261e+02
2.891445722861430667e+01,1.078230303725571382e+00,1.433971618413378621e+02
2.893946973486743346e+01,1.078730172011920896e+00,1.435666538669671581e+02
2.896448224112055669e+01,1.079230040298270410e+00,1.437362244510024993e+02
2.898949474737368348e+01,1.079729908584619702e+00,1.439058735934438289e+02
2.901450725362681027e+01,1.080229776870968994e+00,1.440756012942912037e+02
2.903951975987993706e+01,1.080729645157318508e+00,1.442454075535445668e+02
2.906453226613306384e+01,1.081229513443668022e+00,1.444152923712039467e+02
2.908954477238619063e+01,1.081729381730017314e+00,1.445852557472693434e+02
2.911455727863931742e+01,1.082229250016366606e+00,1.447552976817407284e+02
2.913956978489244420e+01,1.082729118302716120e+00,1.449254181746181587e+02
2.916458229114557099e+01,1.083228986589065634e+00,1.450956172259015773e+02
2.918959479739869778e+01,1.083728854875415148e+00,1.452658948355910411e+02
2.921460730365182457e+01,1.084228723161764441e+00,1.454362510036864933e+02
2.923961980990495135e+01,1.084728591448113733e+00,1.456066857301879338e+02
2.926463231615807814e+01,1.085228459734463247e+00,1.457771990150954196e+02
2.928964482241120493e+01,1.085728328020812761e+00,1.459477908584088937e+02
2.931465732866433171e+01,1.086228196307162053e+00,1.461184612601283845e+02
2.933966983491745850e+01,1.086728064593511345e+00,1.462892102202538638e+02
2.936468234117058174e+01,1.087227932879860859e+00,1.464600377387853598e+02
2.938969484742370852e+01,1.087727801166210373e+00,1.466309438157229010e+02
2.941470735367683531e+01,1.088227669452559665e+00,1.468019284510664022e+02
2.943971985992996210e+01,1.088727537738908957e+00,1.469729916448159486e+02
2.946473236618308889e+01,1.089227406025258471e+00,1.471441333969715117e+02
2.948974487243621567e+01,1.089727274311607985e+00,1.473153537075330632e+02
2.951475737868934246e+01,1.090227142597957277e+00,1.474866525765006884e+02
2.953976988494246925e+01,1.090727010884306569e+00,1.476580300038742450e+02
2.956478239119559603e+01,1.091226879170656083e+00,1.478294859896538469e+02
2.958979489744872282e+01,1.091726747457005597e+00,1.480010205338394655e+02
2.961480740370184961e+01,1.092226615743354889e+00,1.481726336364311010e+02
2.963981990995497640e+01,1.092726484029704181e+00,1.483443252974287248e+02
2.966483241620810318e+01,1.093226352316053696e+00,1.485160955168323369e+02
2.968984492246122997e+01,1.093726220602403210e+00,1.486879442946420227e+02
2.971485742871435676e+01,1.094226088888752724e+00,1.488598716308576968e+02
2.973986993496748354e+01,1.094725957175102016e+00,1.490318775254793593e+02
2.976488244122060678e+01,1.095225825461451308e+00,1.492039619785070101e+02
2.978989494747373357e+01,1.095725693747800822e+00,1.493761249899407062e+02
2.981490745372686035e+01,1.096225562034150114e+00,1.495483665597804190e+02
2.983991995997998714e+01,1.096725430320499628e+00,1.497206866880261487e+02
2.986493246623311393e+01,1.097225298606848920e+00,1.498930853746778951e+02
2.988994497248624072e+01,1.097725166893198434e+00,1.500655626197356298e+02
2.991495747873936750e+01,1.098225035179547948e+00,1.502381184231993814e+02
2.993996998499249429e+01,1.098724903465897240e+00,1.504107527850691497e+02
2.996498249124562108e+01,1.099224771752246532e+00,1.505834657053449064e+02
2.998999499749874786e+01,1.099724640038596046e+00,1.507562571840266799e+02
3.001500750375187465e+01,1.100224508324945560e+00,1.509291272211144985e+02
3.004002001000500144e+01,1.100724376611294852e+00,1.511020758166083056e+02
3.006503251625812823e+01,1.101224244897644144e+00,1.512751029705081294e+02
3.009004502251125501e+01,1.101724113183993659e+00,1.514482086828139700e+02
3.011505752876438180e+01,1.102223981470343173e+00,1.516213929535257705e+02
3.014007003501750859e+01,1.102723849756692687e+00,1.517946557826436447e+02
3.016508254127063182e+01,1.103223718043041757e+00,1.519679971701674788e+02
3.019009504752375861e+01,1.103723586329391271e+00,1.521414171160973297e+02
3.021510755377688540e+01,1.104223454615740785e+00,1.523149156204332257e+02
3.024012006003001218e+01,1.104723322902090077e+00,1.524884926831751102e+02
3.026513256628313897e+01,1.105223191188439369e+00,1.526621483043230398e+02
3.029014507253626576e+01,1.105723059474788883e+00,1.528358824838769294e+02
3.031515757878939255e+01,1.106222927761138397e+00,1.530096952218368642e+02
3.034017008504251933e+01,1.106722796047487911e+00,1.531835865182028158e+02
3.036518259129564612e+01,1.107222664333837203e+00,1.533575563729747842e+02
3.039019509754877291e+01,1.107722532620186495e+00,1.535316047861527124e+02
3.041520760380189969e+01,1.108222400906536009e+00,1.537057317577366859e+02
3.044022011005502648e+01,1.108722269192885523e+00,1.538799372877266478e+02
3.046523261630815327e+01,1.109222137479234815e+00,1.540542213761226549e+02
3.049024512256128006e+01,1.109722005765584107e+00,1.542285840229246787e+02
3.051525762881440684e+01,1.110221874051933622e+00,1.544030252281326625e+02
3.054027013506753008e+01,1.110721742338283136e+00,1.545775449917466915e+02
3.056528264132065686e+01,1.111221610624632428e+00,1.547521433137667373e+02
3.059029514757378365e+01,1.111721478910981720e+00,1.549268201941927714e+02
3.061530765382691044e+01,1.112221347197331234e+00,1.551015756330248223e+02
3.064032016008003723e+01,1.112721215483680748e+00,1.552764096302628900e+02
3.066533266633316401e+01,1.113221083770030040e+00,1.554513221859069461e+02
3.069034517258629080e+01,1.113720952056379332e+00,1.556263132999570473e+02
3.071535767883941759e+01,1.114220820342728846e+00,1.558013829724131654e+02
3.074037018509254438e+01,1.114720688629078360e+00,1.559765312032752433e+02
3.076538269134567116e+01,1.115220556915427652e+00,1.561517579925433949e+02
3.079039519759879795e+01,1.115720425201777166e+00,1.563270633402175349e+02
3.081540770385192474e+01,1.116220293488126458e+00,1.565024472462976632e+02
3.084042021010505152e+01,1.116720161774475972e+00,1.566779097107838368e+02
3.086543271635817831e+01,1.117220030060825486e+00,1.568534507336759987e+02
3.089044522261130510e+01,1.117719898347174778e+00,1.570290703149741773e+02
3.091545772886443189e+01,1.118219766633524070e+00,1.572047684546783728e+02
3.094047023511755512e+01,1.118719634919873585e+00,1.573805451527885282e+02
3.096548274137068191e+01,1.119219503206222877e+00,1.575564004093047572e+02
3.099049524762380869e+01,1.119719371492572391e+00,1.577323342242269462e+02
3.101550775387693548e+01,1.120219239778921683e+00,1.579083465975551803e+02
3.104052026013006227e+01,1.120719108065271197e+00,1.580844375292894313e+02
3.106553276638318906e+01,1.121218976351620711e+00,1.582606070194296990e+02
3.109054527263631584e+01,1.121718844637970003e+00,1.584368550679759551e+02
3.111555777888944263e+01,1.122218712924319295e+00,1.586131816749282564e+02
3.114057028514256942e+01,1.122718581210668809e+00,1.587895868402864892e+02
3.116558279139569620e+01,1.123218449497018323e+00,1.589660705640508240e+02
3.119059529764882299e+01,1.123718317783367615e+00,1.591426328462211188e+02
3.121560780390194978e+01,1.124218186069716907e+00,1.593192736867974304e+02
3.124062031015507657e+01,1.124718054356066421e+00,1.594959930857797588e+02
3.126563281640820335e+01,1.125217922642415935e+00,1.596727910431681323e+02
3.129064532266133014e+01,1.125717790928765449e+00,1.598496675589624658e+02
3.131565782891445693e+01,1.126217659215114741e+00,1.600266226331628161e+02
3.134067033516758016e+01,1.126717527501464033e+00,1.602036562657691832e+02
3.136568284142070695e+01,1.127217395787813548e+00,1.603807684567815670e+02
3.139069534767383374e+01,1.127717264074162840e+00,1.605579592061999676e+02
3.141570785392696052e+01,1.128217132360512132e+00,1.607352285140243566e+02
3.144072036018008731e+01,1.128717000646861646e+00,1.609125763802547908e+02
3.146573286643321410e+01,1.129216868933211160e+00,1.610900028048911850e+02
3.149074537268634089e+01,1.129716737219560674e+00,1.612675077879336527e+02
3.151575787893946767e+01,1.130216605505909966e+00,1.614450913293821088e+02
3.154077038519259446e+01,1.130716473792259258e+00,1.616227534292365533e+02
3.156578289144572125e+01,1.131216342078608772e+00,1.618004940874970146e+02
3.159079539769884803e+01,1.131716210364958286e+00,1.619783133041635210e+02
3.161580790395197482e+01,1.132216078651307578e+00,1.621562110792359874e+02
3.164082041020510161e+01,1.132715946937656870e+00,1.623341874127144990e+02
3.166583291645822840e+01,1.133215815224006384e+00,1.625122423045990274e+02
3.169084542271135518e+01,1.133715683510355898e+00,1.626903757548895726e+02
3.171585792896448197e+01,1.134215551796705190e+00,1.628685877635860777e+02
3.174087043521760521e+01,1.134715420083054482e+00,1.630468783306886280e+02
3.176588294147073199e+01,1.135215288369403996e+00,1.632252474561971667e+02
3.179089544772385878e+01,1.135715156655753511e+00,1.634036951401117506e+02
3.181590795397698557e+01,1.136215024942102803e+00,1.635822213824323228e+02
3.184092046023011235e+01,1.136714893228452095e+00,1.637608261831589118e+02
3.186593296648323914e+01,1.137214761514801609e+00,1.639395095422915176e+02
3.189094547273636593e+01,1.137714629801151123e+00,1.641182714598301118e+02
3.191595797898949272e+01,1.138214498087500415e+00,1.642971119357747511e+02
3.194097048524261950e+01,1.138714366373849929e+00,1.644760309701253789e+02
3.196598299149574629e+01,1.139214234660199221e+00,1.646550285628820518e+02
3.199099549774887308e+01,1.139714102946548735e+00,1.648341047140447131e+02
3.201600800400199631e+01,1.140213971232898027e+00,1.650132594236133343e+02
3.204102051025512310e+01,1.140713839519247319e+00,1.651924926915880008e+02
3.206603301650824989e+01,1.141213707805596833e+00,1.653718045179686840e+02
3.209104552276137667e+01,1.141713576091946347e+00,1.655511949027553840e+02
3.211605802901450346e+01,1.142213444378295861e+00,1.657306638459481007e+02
3.214107053526763025e+01,1.142713312664645153e+00,1.659102113475468343e+02
3.216608304152075704e+01,1.143213180950994445e+00,1.660898374075515846e+02
3.219109554777388382e+01,1.143713049237343959e+00,1.662695420259622949e+02
3.221610805402701061e+01,1.144212917523693473e+00,1.664493252027790504e+02
3.224112056028013740e+01,1.144712785810042766e+00,1.666291869380018227e+02
3.226613306653326418e+01,1.145212654096392058e+00,1.668091272316306117e+02
3.229114557278639097e+01,1.145712522382741572e+00,1.669891460836653891e+02
3.231615807903951776e+01,1.146212390669091086e+00,1.671692434941061833e+02
3.234117058529264455e+01,1.146712258955440378e+00,1.673494194629530227e+02
3.236618309154577133e+01,1.147212127241789670e+00,1.675296739902058221e+02
3.239119559779889812e+01,1.147711995528139184e+00,1.677100070758646382e+02
3.241620810405202491e+01,1.148211863814488698e+00,1.678904187199294995e+02
3.244122061030515169e+01,1.148711732100838212e+00,1.680709089224003492e+02
3.246623311655827848e+01,1.149211600387187504e+00,1.682514776832772156e+02
3.249124562281140527e+01,1.149711468673536796e+00,1.684321250025600989e+02
3.251625812906453206e+01,1.150211336959886310e+00,1.686128508802489705e+02
3.254127063531765884e+01,1.150711205246235824e+00,1.687936553163438873e+02
3.256628314157078563e+01,1.151211073532585116e+00,1.689745383108447641e+02
3.259129564782391242e+01,1.151710941818934408e+00,1.691554998637516860e+02
3.261630815407703921e+01,1.152210810105283922e+00,1.693365399750646247e+02
3.264132066033016599e+01,1.152710678391633436e+00,1.695176586447835518e+02
3.266633316658329278e+01,1.153210546677982729e+00,1.696988558729085241e+02
3.269134567283641957e+01,1.153710414964332243e+00,1.698801316594394848e+02
3.271635817908953925e+01,1.154210283250681535e+00,1.700614860043763770e+02
3.274137068534266604e+01,1.154710151537030827e+00,1.702429189077193996e+02
3.276638319159579282e+01,1.155210019823380119e+00,1.704244303694683822e+02
3.279139569784891961e+01,1.155709888109729633e+00,1.706060203896233816e+02
3.281640820410204640e+01,1.156209756396079147e+00,1.707876889681844261e+02
3.284142071035517318e+01,1.156709624682428661e+00,1.709694361051514306e+02
3.286643321660829997e+01,1.157209492968777953e+00,1.711512618005244803e+02
3.289144572286142676e+01,1.157709361255127245e+00,1.713331660543035184e+02
3.291645822911455355e+01,1.158209229541476759e+00,1.715151488664885733e+02
3.294147073536768033e+01,1.158709097827826273e+00,1.716972102370796733e+02
3.296648324162080712e+01,1.159208966114175565e+00,1.718793501660767049e+02
3.299149574787393391e+01,1.159708834400524857e+00,1.720615686534798101e+02
3.301650825412706070e+01,1.160208702686874371e+00,1.722438656992889321e+02
3.304152076038018748e+01,1.160708570973223885e+00,1.724262413035040424e+02
3.306653326663331427e+01,1.161208439259573399e+00,1.726086954661251696e+02
3.309154577288644106e+01,1.161708307545922692e+00,1.727912281871523135e+02
3.311655827913956784e+01,1.162208175832271984e+00,1.729738394665854457e+02
3.314157078539269463e+01,1.162708044118621498e+00,1.731565293044245948e+02
3.316658329164582142e+01,1.163207912404971012e+00,1.733392977006697890e+02
3.319159579789894821e+01,1.163707780691320304e+00,1.735221446553209717e+02
3.321660830415207499e+01,1.164207648977669596e+00,1.737050701683781426e+02
3.324162081040520178e+01,1.164707517264019110e+00,1.738880742398413588e+02
3.326663331665832857e+01,1.165207385550368624e+00,1.740711568697105918e+02
3.329164582291145535e+01,1.165707253836717916e+00,1.742543180579857847e+02
3.331665832916458214e+01,1.166207122123067208e+00,1.744375578046669943e+02
3.334167083541770893e+01,1.166706990409416722e+00,1.746208761097542776e+02
3.336668334167083572e+01,1.167206858695766236e+00,1.748042729732475209e+02
3.339169584792396250e+01,1.167706726982115750e+00,1.749877483951468093e+02
3.341670835417708929e+01,1.168206595268465042e+00,1.751713023754520577e+02
3.344172086043021608e+01,1.168706463554814334e+00,1.753549349141633513e+02
3.346673336668334287e+01,1.169206331841163848e+00,1.755386460112806617e+02
3.349174587293646965e+01,1.169706200127513362e+00,1.757224356668039604e+02
3.351675837918958933e+01,1.170206068413862432e+00,1.759063038807332475e+02
3.354177088544271612e+01,1.170705936700211947e+00,1.760902506530685798e+02
3.356678339169584291e+01,1.171205804986561461e+00,1.762742759838099005e+02
3.359179589794896970e+01,1.171705673272910753e+00,1.764583798729572663e+02
3.361680840420209648e+01,1.172205541559260045e+00,1.766425623205106490e+02
3.364182091045522327e+01,1.172705409845609559e+00,1.768268233264699916e+02
3.366683341670835006e+01,1.173205278131959073e+00,1.770111628908354078e+02
3.369184592296147684e+01,1.173705146418308365e+00,1.771955810136067839e+02
3.371685842921460363e+01,1.174205014704657879e+00,1.773800776947842053e+02
3.374187093546773042e+01,1.174704882991007171e+00,1.775646529343676434e+02
3.376688344172085721e+01,1.175204751277356685e+00,1.777493067323570415e+02
3.379189594797398399e+01,1.175704619563706199e+00,1.779340390887525132e+02
3.381690845422711078e+01,1.176204487850055491e+00,1.781188500035539448e+02
3.384192096048023757e+01,1.176704356136404783e+00,1.783037394767614217e+02
3.386693346673336436e+01,1.177204224422754297e+00,1.784887075083748869e+02
3.389194597298649114e+01,1.177704092709103811e+00,1.786737540983943688e+02
3.391695847923961793e+01,1.178203960995453103e+00,1.788588792468198676e+02
3.394197098549274472e+01,1.178703829281802395e+00,1.790440829536513547e+02
3.396698349174587150e+01,1.179203697568151910e+00,1.792293652188888871e+02
3.399199599799899829e+01,1.179703565854501424e+00,1.794147260425324362e+02
3.401700850425212508e+01,1.180203434140850938e+00,1.796001654245819452e+02
3.404202101050525187e+01,1.180703302427200230e+00,1.797856833650375279e+02
3.406703351675837865e+01,1.181203170713549522e+00,1.799712798638990705e+02
3.409204602301150544e+01,1.181703038999899036e+00,1.801569549211666299e+02
3.411705852926463223e+01,1.182202907286248550e+00,1.803427085368402345e+02
3.414207103551775901e+01,1.182702775572597842e+00,1.805285407109197990e+02
3.416708354177088580e+01,1.183202643858947134e+00,1.807144514434054372e+02
3.419209604802401259e+01,1.183702512145296648e+00,1.809004407342970353e+02
3.421710855427713938e+01,1.184202380431646162e+00,1.810865085835946786e+02
3.424212106053026616e+01,1.184702248717995454e+00,1.812726549912983103e+02
3.426713356678339295e+01,1.185202117004344746e+00,1.814588799574079587e+02
3.429214607303651263e+01,1.185701985290694260e+00,1.816451834819235671e+02
3.431715857928963942e+01,1.186201853577043552e+00,1.818315655648452207e+02
3.434217108554276621e+01,1.186701721863392844e+00,1.820180262061728911e+02
3.436718359179589299e+01,1.187201590149742358e+00,1.822045654059066067e+02
3.439219609804901978e+01,1.187701458436091873e+00,1.823911831640463106e+02
3.441720860430214657e+01,1.188201326722441387e+00,1.825778794805920029e+02
3.444222111055527336e+01,1.188701195008790679e+00,1.827646543555437688e+02
3.446723361680840014e+01,1.189201063295139971e+00,1.829515077889014947e+02
3.449224612306152693e+01,1.189700931581489485e+00,1.831384397806652373e+02
3.451725862931465372e+01,1.190200799867838999e+00,1.833254503308349683e+02
3.454227113556778050e+01,1.190700668154188291e+00,1.835125394394107730e+02
3.456728364182090729e+01,1.191200536440537583e+00,1.836997071063925375e+02
3.459229614807403408e+01,1.191700404726887097e+00,1.838869533317803189e+02
3.461730865432716087e+01,1.192200273013236611e+00,1.840742781155741170e+02
3.464232116058028765e+01,1.192700141299585903e+00,1.842616814577739319e+02
3.466733366683341444e+01,1.193200009585935417e+00,1.844491633583797636e+02
3.469234617308654123e+01,1.193699877872284709e+00,1.846367238173916121e+02
3.471735867933966802e+01,1.194199746158634223e+00,1.848243628348094205e+02
3.474237118559279480e+01,1.194699614444983737e+00,1.850120804106332741e+02
3.476738369184592159e+01,1.195199482731333029e+00,1.851998765448631730e+02
3.479239619809904838e+01,1.195699351017682321e+00,1.853877512374990317e+02
3.481740870435217516e+01,1.196199219304031836e+00,1.855757044885409073e+02
3.484242121060530195e+01,1.196699087590381350e+00,1.857637362979888280e+02
3.486743371685842874e+01,1.197198955876730642e+00,1.859518466658427371e+02
3.489244622311155553e+01,1.197698824163079934e+00,1.861400355921026630e+02
3.491745872936468231e+01,1.198198692449429448e+00,1.863283030767685773e+02
3.494247123561780910e+01,1.198698560735778962e+00,1.865166491198405083e+02
3.496748374187093589e+01,1.199198429022128476e+00,1.867050737213184846e+02
3.499249624812406267e+01,1.199698297308477768e+00,1.868935768812024492e+02
3.501750875437718946e+01,1.200198165594827060e+00,1.870821585994924305e+02
3.504252126063031625e+01,1.200698033881176574e+00,1.872708188761884003e+02
3.506753376688344304e+01,1.201197902167526088e+00,1.874595577112904152e+02
3.509254627313656272e+01,1.201697770453875158e+00,1.876483751047983617e+02
3.511755877938968951e+01,1.202197638740224672e+00,1.878372710567123818e+02
3.514257128564281629e+01,1.202697507026574186e+00,1.880262455670324186e+02
3.516758379189594308e+01,1.203197375312923478e+00,1.882152986357584439e+02
3.519259629814906987e+01,1.203697243599272770e+00,1.884044302628904859e+02
3.521760880440219665e+01,1.204197111885622284e+00,1.885936404484285731e+02
3.524262131065532344e+01,1.204696980171971799e+00,1.887829291923726487e+02
3.526763381690845023e+01,1.205196848458321091e+00,1.889722964947227410e+02
3.529264632316157702e+01,1.205696716744670383e+00,1.891617423554788218e+02
3.531765882941470380e+01,1.206196585031019897e+00,1.893512667746409193e+02
3.534267133566783059e+01,1.206696453317369411e+00,1.895408697522090620e+02
3.536768384192095738e+01,1.207196321603718925e+00,1.897305512881831646e+02
3.539269634817408416e+01,1.207696189890068217e+00,1.899203113825633125e+02
3.541770885442721095e+01,1.208196058176417509e+00,1.901101500353494771e+02
3.544272136068033774e+01,1.208695926462767023e+00,1.903000672465416301e+02
3.546773386693346453e+01,1.209195794749116537e+00,1.904900630161397999e+02
3.549274637318659131e+01,1.209695663035465829e+00,1.906801373441439580e+02
3.551775887943971810e+01,1.210195531321815121e+00,1.908702902305541613e+02
3.554277138569284489e+01,1.210695399608164635e+00,1.910605216753703530e+02
3.556778389194597167e+01,1.211195267894514149e+00,1.912508316785925899e+02
3.559279639819909846e+01,1.211695136180863441e+00,1.914412202402208152e+02
3.561780890445222525e+01,1.212195004467212955e+00,1.916316873602550572e+02
3.564282141070535204e+01,1.212694872753562247e+00,1.918222330386953161e+02
3.566783391695847882e+01,1.213194741039911762e+00,1.920128572755415632e+02
3.569284642321160561e+01,1.213694609326261276e+00,1.922035600707938272e+02
3.571785892946473240e+01,1.214194477612610568e+00,1.923943414244521080e+02
3.574287143571785919e+01,1.214694345898959860e+00,1.925852013365164055e+02
3.576788394197098597e+01,1.215194214185309374e+00,1.927761398069866914e+02
3.579289644822411276e+01,1.215694082471658888e+00,1.929671568358630225e+02
3.581790895447723955e+01,1.216193950758008180e+00,1.931582524231453135e+02
3.584292146073036633e+01,1.216693819044357472e+00,1.933494265688336782e+02
3.586793396698348602e+01,1.217193687330706986e+00,1.935406792729279744e+02
3.589294647323661280e+01,1.217693555617056278e+00,1.937320105354283157e+02
3.591795897948973959e+01,1.218193423903405570e+00,1.939234203563347023e+02
3.594297148574286638e+01,1.218693292189755084e+00,1.941149087356470773e+02
3.596798399199599316e+01,1.219193160476104598e+00,1.943064756733654406e+02
3.599299649824911995e+01,1.219693028762454112e+00,1.944981211694898491e+02
3.601800900450224674e+01,1.220192897048803404e+00,1.946898452240202744e+02
3.604302151075537353e+01,1.220692765335152696e+00,1.948816478369566880e+02
3.606803401700850031e+01,1.221192633621502210e+00,1.950735290082991469e+02
3.609304652326162710e+01,1.221692501907851724e+00,1.952654887380475941e+02
3.611805902951475389e+01,1.222192370194201017e+00,1.954575270262020297e+02
3.614307153576788068e+01,1.222692238480550309e+00,1.956496438727624820e+02
3.616808404202100746e+01,1.223192106766899823e+00,1.958418392777289796e+02
3.619309654827413425e+01,1.223691975053249337e+00,1.960341132411014371e+02
3.621810905452726104e+01,1.224191843339598629e+00,1.962264657628799398e+02
3.624312156078038782e+01,1.224691711625947921e+00,1.964188968430644593e+02
3.626813406703351461e+01,1.225191579912297435e+00,1.966114064816549671e+02
3.629314657328664140e+01,1.225691448198646949e+00,1.968039946786515202e+02
3.631815907953976819e+01,1.226191316484996463e+00,1.969966614340540616e+02
3.634317158579289497e+01,1.226691184771345755e+00,1.971894067478626198e+02
3.636818409204602176e+01,1.227191053057695047e+00,1.973822306200771663e+02
3.639319659829914855e+01,1.227690921344044561e+00,1.975751330506977581e+02
3.641820910455227533e+01,1.228190789630394075e+00,1.977681140397243382e+02
3.644322161080540212e+01,1.228690657916743367e+00,1.979611735871569351e+02
3.646823411705852891e+01,1.229190526203092659e+00,1.981543116929955204e+02
3.649324662331165570e+01,1.229690394489442173e+00,1.983475283572401793e+02
3.651825912956478248e+01,1.230190262775791687e+00,1.985408235798907981e+02
3.654327163581790927e+01,1.230690131062140980e+00,1.987341973609474337e+02
3.656828414207103606e+01,1.231189999348490494e+00,1.989276497004100861e+02
3.659329664832416285e+01,1.231689867634839786e+00,1.991211805982787268e+02
3.661830915457728963e+01,1.232189735921189300e+00,1.993147900545534412e+02
3.664332166083041642e+01,1.232689604207538814e+00,1.995084780692340871e+02
3.666833416708353610e+01,1.233189472493887884e+00,1.997022446423207498e+02
3.669334667333666289e+01,1.233689340780237398e+00,1.998960897738134577e+02
3.671835917958978968e+01,1.234189209066586912e+00,2.000900134637121823e+02
3.674337168584291646e+01,1.234689077352936204e+00,2.002840157120168953e+02
3.676838419209604325e+01,1.235188945639285496e+00,2.004780965187276252e+02
3.679339669834917004e+01,1.235688813925635010e+00,2.006722558838443717e+02
3.681840920460229682e+01,1.236188682211984524e+00,2.008664938073671351e+02
3.684342171085542361e+01,1.236688550498333816e+00,2.010608102892959153e+02
3.686843421710855040e+01,1.237188418784683108e+00,2.012552053296306838e+02
3.689344672336167719e+01,1.237688287071032622e+00,2.014496789283714975e+02
3.691845922961480397e+01,1.238188155357382136e+00,2.016442310855182711e+02
3.694347173586793076e+01,1.238688023643731650e+00,2.018388618010710900e+02
3.696848424212105755e+01,1.239187891930080943e+00,2.020335710750299256e+02
3.699349674837418434e+01,1.239687760216430235e+00,2.022283589073947780e+02
3.701850925462731112e+01,1.240187628502779749e+00,2.024232252981656188e+02
3.704352176088043791e+01,1.240687496789129263e+00,2.026181702473424764e+02
3.706853426713356470e+01,1.241187365075478555e+00,2.028131937549253507e+02
3.709354677338669148e+01,1.241687233361827847e+00,2.030082958209142134e+02
3.711855927963981827e+01,1.242187101648177361e+00,2.032034764453090929e+02
3.714357178589294506e+01,1.242686969934526875e+00,2.033987356281099892e+02
3.716858429214607185e+01,1.243186838220876167e+00,2.035940733693169022e+02
3.719359679839919863e+01,1.243686706507225459e+00,2.037894896689298321e+02
3.721860930465232542e+01,1.244186574793574973e+00,2.039849845269487503e+02
3.724362181090545221e+01,1.244686443079924487e+00,2.041805579433737421e+02
3.726863431715857899e+01,1.245186311366274001e+00,2.043762099182046654e+02
3.729364682341170578e+01,1.245686179652623293e+00,2.045719404514416624e+02
3.731865932966483257e+01,1.246186047938972585e+00,2.047677495430845909e+02
3.734367183591795936e+01,1.246685916225322099e+00,2.049636371931336498e+02
3.736868434217108614e+01,1.247185784511671613e+00,2.051596034015886119e+02
3.739369684842421293e+01,1.247685652798020906e+00,2.053556481684496191e+02
3.741870935467733972e+01,1.248185521084370198e+00,2.055517714937166431e+02
3.744372186093045940e+01,1.248685389370719712e+00,2.057479733773895987e+02
3.746873436718358619e+01,1.249185257657069004e+00,2.059442538194686563e+02
3.749374687343671297e+01,1.249685125943418296e+00,2.061406128199537591e+02
3.751875937968983976e+01,1.250184994229767810e+00,2.063370503788447650e+02
3.754377188594296655e+01,1.250684862516117324e+00,2.065335664961418729e+02
3.756878439219609334e+01,1.251184730802466616e+00,2.067301611718449692e+02
3.759379689844922012e+01,1.251684599088816130e+00,2.069268344059540823e+02
3.761880940470234691e+01,1.252184467375165422e+00,2.071235861984691837e+02
3.764382191095547370e+01,1.252684335661514936e+00,2.073204165493902735e+02
3.766883441720860048e+01,1.253184203947864450e+00,2.075173254587174085e+02
3.769384692346172727e+01,1.253684072234213742e+00,2.077143129264505887e+02
3.771885942971485406e+01,1.254183940520563034e+00,2.079113789525897005e+02
3.774387193596798085e+01,1.254683808806912548e+00,2.081085235371348290e+02
3.776888444222110763e+01,1.255183677093262062e+00,2.083057466800860027e+02
3.779389694847423442e+01,1.255683545379611354e+00,2.085030483814431932e+02
3.781890945472736121e+01,1.256183413665960646e+00,2.087004286412064005e+02
3.784392196098048800e+01,1.256683281952310161e+00,2.088978874593756245e+02
3.786893446723361478e+01,1.257183150238659675e+00,2.090954248359508370e+02
3.789394697348674157e+01,1.257683018525009189e+00,2.092930407709320662e+02
3.791895947973986836e+01,1.258182886811358481e+00,2.094907352643192837e+02
3.794397198599299514e+01,1.258682755097707773e+00,2.096885083161125749e+02
3.796898449224612193e+01,1.259182623384057287e+00,2.098863599263118260e+02
3.799399699849924872e+01,1.259682491670406801e+00,2.100842900949170655e+02
3.801900950475237551e+01,1.260182359956756093e+00,2.102822988219283786e+02
3.804402201100550229e+01,1.260682228243105385e+00,2.104803861073456517e+02
3.806903451725862908e+01,1.261182096529454899e+00,2.106785519511689699e+02
3.809404702351175587e+01,1.261681964815804413e+00,2.108767963533982766e+02
3.811905952976488265e+01,1.262181833102153705e+00,2.110751193140336284e+02
3.814407203601800944e+01,1.262681701388502997e+00,2.112735208330749686e+02
3.816908454227113623e+01,1.263181569674852511e+00,2.114720009105222687e+02
3.819409704852426302e+01,1.263681437961202025e+00,2.116705595463756993e+02
3.821910955477738980e+01,1.264181306247551539e+00,2.118691967406350329e+02
3.824412206103050949e+01,1.264681174533900609e+00,2.120679124933003266e+02
3.826913456728363627e+01,1.265181042820250124e+00,2.122667068043717791e+02
3.829414707353676306e+01,1.265680911106599638e+00,2.124655796738491631e+02
3.831915957978988985e+01,1.266180779392948930e+00,2.126645311017325639e+02
3.834417208604301663e+01,1.266680647679298222e+00,2.128635610880219815e+02
3.836918459229614342e+01,1.267180515965647736e+00,2.130626696327174159e+02
3.839419709854927021e+01,1.267680384251997250e+00,2.132618567358188955e+02
3.841920960480239700e+01,1.268180252538346542e+00,2.134611223973263066e+02
3.844422211105552378e+01,1.268680120824695834e+00,2.136604666172398197e+02
3.846923461730865057e+01,1.269179989111045348e+00,2.138598893955592644e+02
3.849424712356177736e+01,1.269679857397394862e+00,2.140593907322847258e+02
3.851925962981490414e+01,1.270179725683744154e+00,2.142589706274162893e+02
3.854427213606803093e+01,1.270679593970093668e+00,2.144586290809537843e+02
3.856928464232115772e+01,1.271179462256442960e+00,2.146583660928972961e+02
3.859429714857428451e+01,1.271679330542792474e+00,2.148581816632468531e+02
3.861930965482741129e+01,1.272179198829141988e+00,2.150580757920023416e+02
3.864432216108053808e+01,1.272679067115491280e+00,2.152580484791639606e+02
3.866933466733366487e+01,1.273178935401840572e+00,2.154580997247315111e+02
3.869434717358679165e+01,1.273678803688190087e+00,2.156582295287050783e+02
3.871935967983991844e+01,1.274178671974539601e+00,2.158584378910846624e+02
3.874437218609304523e+01,1.274678540260888893e+00,2.160587248118702632e+02
3.876938469234617202e+01,1.275178408547238185e+00,2.162590902910618524e+02
3.879439719859929880e+01,1.275678276833587699e+00,2.164595343286594868e+02
3.881940970485242559e+01,1.276178145119937213e+00,2.166600569246631096e+02
3.884442221110555238e+01,1.276678013406286727e+00,2.168606580790727776e+02
3.886943471735867917e+01,1.277177881692636019e+00,2.170613377918884623e+02
3.889444722361180595e+01,1.277677749978985311e+00,2.172620960631100786e+02
3.891945972986493274e+01,1.278177618265334825e+00,2.174629328927377401e+02
3.894447223611805953e+01,1.278677486551684339e+00,2.176638482807714468e+02
3.896948474237118631e+01,1.279177354838033631e+00,2.178648422272111418e+02
3.899449724862431310e+01,1.279677223124382923e+00,2.180659147320568536e+02
3.901950975487743278e+01,1.280177091410732437e+00,2.182670657953085254e+02
3.904452226113055957e+01,1.280676959697081729e+00,2.184682954169662423e+02
3.906953476738368636e+01,1.281176827983431021e+00,2.186696035970299761e+02
3.909454727363681315e+01,1.281676696269780535e+00,2.188709903354997266e+02
3.911955977988993993e+01,1.282176564556130050e+00,2.190724556323755223e+02
3.914457228614306672e+01,1.282676432842479342e+00,2.192739994876572780e+02
3.916958479239619351e+01,1.283176301128828634e+00,2.194756219013450504e+02
3.919459729864932029e+01,1.283676169415178148e+00,2.196773228734388397e+02
3.921960980490244708e+01,1.284176037701527662e+00,2.198791024039386741e+02
3.924462231115557387e+01,1.284675905987877176e+00,2.200809604928444685e+02
3.926963481740870066e+01,1.285175774274226468e+00,2.202828971401563081e+02
3.929464732366182744e+01,1.285675642560575760e+00,2.204849123458741360e+02
3.931965982991495423e+01,1.286175510846925274e+00,2.206870061099980092e+02
3.934467233616808102e+01,1.286675379133274788e+00,2.208891784325278707e+02
3.936968484242120780e+01,1.287175247419624080e+00,2.210914293134637489e+02
3.939469734867433459e+01,1.287675115705973372e+00,2.212937587528056440e+02
3.941970985492746138e+01,1.288174983992322886e+00,2.214961667505535274e+02
3.944472236118058817e+01,1.288674852278672400e+00,2.216986533067073992e+02
3.946973486743371495e+01,1.289174720565021692e+00,2.219012184212672878e+02
3.949474737368684174e+01,1.289674588851371206e+00,2.221038620942332784e+02
3.951975987993996853e+01,1.290174457137720498e+00,2.223065843256052005e+02
3.954477238619309531e+01,1.290674325424070013e+00,2.225093851153831395e+02
3.956978489244622210e+01,1.291174193710419527e+00,2.227122644635670952e+02
3.959479739869934889e+01,1.291674061996768819e+00,2.229152223701570392e+02
3.961980990495247568e+01,1.292173930283118111e+00,2.231182588351530285e+02
3.964482241120560246e+01,1.292673798569467625e+00,2.233213738585550630e+02
3.966983491745872925e+01,1.293173666855817139e+00,2.235245674403630289e+02
3.969484742371185604e+01,1.293673535142166431e+00,2.237278395805770685e+02
3.971985992996498283e+01,1.294173403428515723e+00,2.239311902791970681e+02
3.974487243621810961e+01,1.294673271714865237e+00,2.241346195362231128e+02
3.976988494247123640e+01,1.295173140001214751e+00,2.243381273516551460e+02
3.979489744872436319e+01,1.295673008287564265e+00,2.245417137254932243e+02
3.981990995497748287e+01,1.296172876573913335e+00,2.247453786577372341e+02
3.984492246123060966e+01,1.296672744860262849e+00,2.249491221483873176e+02
3.986993496748373644e+01,1.297172613146612363e+00,2.251529441974433894e+02
3.989494747373686323e+01,1.297672481432961655e+00,2.253568448049055064e+02
3.991995997998999002e+01,1.298172349719310947e+00,2.255608239707736402e+02
3.994497248624311680e+01,1.298672218005660461e+00,2.257648816950477055e+02
3.996998499249624359e+01,1.299172086292009975e+00,2.259690179777278729e+02
3.999499749874937038e+01,1.299671954578359268e+00,2.261732328188140002e+02
4.002001000500249717e+01,1.300171822864708560e+00,2.263775262183061727e+02
4.004502251125562395e+01,1.300671691151058074e+00,2.265818981762043336e+02
4.007003501750875074e+01,1.301171559437407588e+00,2.267863486925085112e+02
4.009504752376187753e+01,1.301671427723756880e+00,2.269908777672186773e+02
4.012006003001500432e+01,1.302171296010106172e+00,2.271954854003348885e+02
4.014507253626813110e+01,1.302671164296455686e+00,2.274001715918570596e+02
4.017008504252125789e+01,1.303171032582805200e+00,2.276049363417853613e+02
4.019509754877438468e+01,1.303670900869154714e+00,2.278097796501195376e+02
4.022011005502751146e+01,1.304170769155504006e+00,2.280147015168597875e+02
4.024512256128063825e+01,1.304670637441853298e+00,2.282197019420060258e+02
4.027013506753376504e+01,1.305170505728202812e+00,2.284247809255583093e+02
4.029514757378689183e+01,1.305670374014552326e+00,2.286299384675166095e+02
4.032016008004001861e+01,1.306170242300901618e+00,2.288351745678808413e+02
4.034517258629314540e+01,1.306670110587250910e+00,2.290404892266511752e+02
4.037018509254627219e+01,1.307169978873600424e+00,2.292458824438274689e+02
4.039519759879939897e+01,1.307669847159949938e+00,2.294513542194098079e+02
4.042021010505252576e+01,1.308169715446299231e+00,2.296569045533981352e+02
4.044522261130565255e+01,1.308669583732648745e+00,2.298625334457924509e+02
4.047023511755877934e+01,1.309169452018998037e+00,2.300682408965928119e+02
4.049524762381190612e+01,1.309669320305347551e+00,2.302740269057991895e+02
4.052026013006503291e+01,1.310169188591697065e+00,2.304798914734115840e+02
4.054527263631815970e+01,1.310669056878046357e+00,2.306858345994299384e+02
4.057028514257128649e+01,1.311168925164395649e+00,2.308918562838543380e+02
4.059529764882440617e+01,1.311668793450745163e+00,2.310979565266846691e+02
4.062031015507753295e+01,1.312168661737094455e+00,2.313041353279211023e+02
4.064532266133065974e+01,1.312668530023443747e+00,2.315103926875635239e+02
4.067033516758378653e+01,1.313168398309793261e+00,2.317167286056119622e+02
4.069534767383691332e+01,1.313668266596142775e+00,2.319231430820663888e+02
4.072036018009004010e+01,1.314168134882492067e+00,2.321296361169268607e+02
4.074537268634316689e+01,1.314668003168841359e+00,2.323362077101933210e+02
4.077038519259629368e+01,1.315167871455190873e+00,2.325428578618657696e+02
4.079539769884942046e+01,1.315667739741540387e+00,2.327495865719442918e+02
4.082041020510254725e+01,1.316167608027889901e+00,2.329563938404288308e+02
4.084542271135567404e+01,1.316667476314239194e+00,2.331632796673193297e+02
4.087043521760880083e+01,1.317167344600588486e+00,2.333702440526158739e+02
4.089544772386192761e+01,1.317667212886938000e+00,2.335772869963183780e+02
4.092046023011505440e+01,1.318167081173287514e+00,2.337844084984269273e+02
4.094547273636818119e+01,1.318666949459636806e+00,2.339916085589414649e+02
4.097048524262130798e+01,1.319166817745986098e+00,2.341988871778620478e+02
4.099549774887443476e+01,1.319666686032335612e+00,2.344062443551886759e+02
4.102051025512756155e+01,1.320166554318685126e+00,2.346136800909212354e+02
4.104552276138068834e+01,1.320666422605034418e+00,2.348211943850598402e+02
4.107053526763381512e+01,1.321166290891383710e+00,2.350287872376044334e+02
4.109554777388694191e+01,1.321666159177733224e+00,2.352364586485550433e+02
4.112056028014006870e+01,1.322166027464082738e+00,2.354442086179117268e+02
4.114557278639319549e+01,1.322665895750432252e+00,2.356520371456743703e+02
4.117058529264632227e+01,1.323165764036781544e+00,2.358599442318430022e+02
4.119559779889944906e+01,1.323665632323130836e+00,2.360679298764177076e+02
4.122061030515257585e+01,1.324165500609480350e+00,2.362759940793983446e+02
4.124562281140570263e+01,1.324665368895829864e+00,2.364841368407850268e+02
4.127063531765882942e+01,1.325165237182179157e+00,2.366923581605777542e+02
4.129564782391195621e+01,1.325665105468528449e+00,2.369006580387764700e+02
4.132066033016508300e+01,1.326164973754877963e+00,2.371090364753811741e+02
4.134567283641820978e+01,1.326664842041227477e+00,2.373174934703919234e+02
4.137068534267133657e+01,1.327164710327576769e+00,2.375260290238086043e+02
4.139569784892445625e+01,1.327664578613926061e+00,2.377346431356313303e+02
4.142071035517758304e+01,1.328164446900275575e+00,2.379433358058601016e+02
4.144572286143070983e+01,1.328664315186624867e+00,2.381521070344948896e+02
4.147073536768383661e+01,1.329164183472974381e+00,2.383609568215356660e+02
4.149574787393696340e+01,1.329664051759323673e+00,2.385698851669824592e+02
4.152076038019009019e+01,1.330163920045673187e+00,2.387788920708352691e+02
4.154577288644321698e+01,1.330663788332022701e+00,2.389879775330941243e+02
4.157078539269634376e+01,1.331163656618371993e+00,2.391971415537589394e+02
4.159579789894947055e+01,1.331663524904721285e+00,2.394063841328297713e+02
4.162081040520259734e+01,1.332163393191070799e+00,2.396157052703065915e+02
4.164582291145572412e+01,1.332663261477420313e+00,2.398251049661894854e+02
4.167083541770885091e+01,1.333163129763769605e+00,2.400345832204783960e+02
4.169584792396197770e+01,1.333662998050118897e+00,2.402441400331732382e+02
4.172086043021510449e+01,1.334162866336468412e+00,2.404537754042741255e+02
4.174587293646823127e+01,1.334662734622817926e+00,2.406634893337810581e+02
4.177088544272135806e+01,1.335162602909167440e+00,2.408732818216939506e+02
4.179589794897448485e+01,1.335662471195516732e+00,2.410831528680128883e+02
4.182091045522761164e+01,1.336162339481866024e+00,2.412931024727378144e+02
4.184592296148073842e+01,1.336662207768215538e+00,2.415031306358687857e+02
4.187093546773386521e+01,1.337162076054565052e+00,2.417132373574057169e+02
4.189594797398699200e+01,1.337661944340914344e+00,2.419234226373486933e+02
4.192096048024011878e+01,1.338161812627263636e+00,2.421336864756977150e+02
4.194597298649324557e+01,1.338661680913613150e+00,2.423440288724526965e+02
4.197098549274637236e+01,1.339161549199962664e+00,2.425544498276136949e+02
4.199599799899949915e+01,1.339661417486311956e+00,2.427649493411807384e+02
4.202101050525262593e+01,1.340161285772661248e+00,2.429755274131537419e+02
4.204602301150575272e+01,1.340661154059010762e+00,2.431861840435327622e+02
4.207103551775887951e+01,1.341161022345360276e+00,2.433969192323178277e+02
4.209604802401200629e+01,1.341660890631709790e+00,2.436077329795088531e+02
4.212106053026513308e+01,1.342160758918059082e+00,2.438186252851059521e+02
4.214607303651825987e+01,1.342660627204408375e+00,2.440295961491090395e+02
4.217108554277137955e+01,1.343160495490757889e+00,2.442406455715180584e+02
4.219609804902450634e+01,1.343660363777107181e+00,2.444517735523331510e+02
4.222111055527763313e+01,1.344160232063456473e+00,2.446629800915542887e+02
4.224612306153075991e+01,1.344660100349805987e+00,2.448742651891814148e+02
4.227113556778388670e+01,1.345159968636155501e+00,2.450856288452145293e+02
4.229614807403701349e+01,1.345659836922504793e+00,2.452970710596536890e+02
4.232116058029014027e+01,1.346159705208854085e+00,2.455085918324988938e+02
4.234617308654326706e+01,1.346659573495203599e+00,2.457201911637500018e+02
4.237118559279639385e+01,1.347159441781553113e+00,2.459318690534071550e+02
4.239619809904952064e+01,1.347659310067902405e+00,2.461436255014703534e+02
4.242121060530264742e+01,1.348159178354251919e+00,2.463554605079395969e+02
4.244622311155577421e+01,1.348659046640601211e+00,2.465673740728148005e+02
4.247123561780890100e+01,1.349158914926950725e+00,2.467793661960959923e+02
4.249624812406202778e+01,1.349658783213300239e+00,2.469914368777832863e+02
4.252126063031515457e+01,1.350158651499649531e+00,2.472035861178764833e+02
4.254627313656828136e+01,1.350658519785998823e+00,2.474158139163757824e+02
4.257128564282140815e+01,1.351158388072348338e+00,2.476281202732810414e+02
4.259629814907453493e+01,1.351658256358697852e+00,2.478405051885922887e+02
4.262131065532766172e+01,1.352158124645047144e+00,2.480529686623095813e+02
4.264632316158078851e+01,1.352657992931396436e+00,2.482655106944329191e+02
4.267133566783391529e+01,1.353157861217745950e+00,2.484781312849621600e+02
4.269634817408704208e+01,1.353657729504095464e+00,2.486908304338975313e+02
4.272136068034016887e+01,1.354157597790444978e+00,2.489036081412388626e+02
4.274637318659329566e+01,1.354657466076794270e+00,2.491164644069862106e+02
4.277138569284642244e+01,1.355157334363143562e+00,2.493293992311395471e+02
4.279639819909954923e+01,1.355657202649493076e+00,2.495424126136989287e+02
4.282141070535267602e+01,1.356157070935842590e+00,2.497555045546642987e+02
4.284642321160580281e+01,1.356656939222191882e+00,2.499686750540356286e+02
4.287143571785892959e+01,1.357156807508541174e+00,2.501819241118130606e+02
4.289644822411205638e+01,1.357656675794890688e+00,2.503952517279964809e+02
4.292146073036518317e+01,1.358156544081240202e+00,2.506086579025859180e+02
4.294647323661830995e+01,1.358656412367589494e+00,2.508221426355813151e+02
4.297148574287142964e+01,1.359156280653938786e+00,2.510357059269827005e+02
4.299649824912455642e+01,1.359656148940288301e+00,2.512493477767901311e+02
4.302151075537768321e+01,1.360156017226637593e+00,2.514630681850036069e+02
4.304652326163081000e+01,1.360655885512986885e+00,2.516768671516230995e+02
4.307153576788393678e+01,1.361155753799336399e+00,2.518907446766485521e+02
4.309654827413706357e+01,1.361655622085685913e+00,2.521047007600801066e+02
4.312156078039019036e+01,1.362155490372035427e+00,2.523187354019175643e+02
4.314657328664331715e+01,1.362655358658384719e+00,2.525328486021610956e+02
4.317158579289644393e+01,1.363155226944734011e+00,2.527470403608106153e+02
4.319659829914957072e+01,1.363655095231083525e+00,2.529613106778661518e+02
4.322161080540269751e+01,1.364154963517433039e+00,2.531756595533277334e+02
4.324662331165582430e+01,1.364654831803782331e+00,2.533900869871952466e+02
4.327163581790895108e+01,1.365154700090131623e+00,2.536045929794688618e+02
4.329664832416207787e+01,1.365654568376481137e+00,2.538191775301484086e+02
4.332166083041520466e+01,1.366154436662830651e+00,2.540338406392340005e+02
4.334667333666833144e+01,1.366654304949179943e+00,2.542485823067256092e+02
4.337168584292145823e+01,1.367154173235529457e+00,2.544634025326232347e+02
4.339669834917458502e+01,1.367654041521878749e+00,2.546783013169268770e+02
4.342171085542771181e+01,1.368153909808228264e+00,2.548932786596365361e+02
4.344672336168083859e+01,1.368653778094577778e+00,2.551083345607521551e+02
4.347173586793396538e+01,1.369153646380927070e+00,2.553234690202738193e+02
4.349674837418709217e+01,1.369653514667276362e+00,2.555386820382015003e+02
4.352176088044021895e+01,1.370153382953625876e+00,2.557539736145351696e+02
4.354677338669334574e+01,1.370653251239975390e+00,2.559693437492748842e+02
4.357178589294647253e+01,1.371153119526324682e+00,2.561847924424205303e+02
4.359679839919959932e+01,1.371652987812673974e+00,2.564003196939722216e+02
4.362181090545272610e+01,1.372152856099023488e+00,2.566159255039299865e+02
4.364682341170585289e+01,1.372652724385373002e+00,2.568316098722937113e+02
4.367183591795897968e+01,1.373152592671722516e+00,2.570473727990635098e+02
4.369684842421210647e+01,1.373652460958071808e+00,2.572632142842392682e+02
4.372186093046523325e+01,1.374152329244421100e+00,2.574791343278210434e+02
4.374687343671835293e+01,1.374652197530770614e+00,2.576951329298087217e+02
4.377188594297147972e+01,1.375152065817119906e+00,2.579112100902025304e+02
4.379689844922460651e+01,1.375651934103469198e+00,2.581273658090022991e+02
4.382191095547773330e+01,1.376151802389818712e+00,2.583436000862081414e+02
4.384692346173086008e+01,1.376651670676168226e+00,2.585599129218199437e+02
4.387193596798398687e+01,1.377151538962517519e+00,2.587763043158377627e+02
4.389694847423711366e+01,1.377651407248866811e+00,2.589927742682615985e+02
4.392196098049024044e+01,1.378151275535216325e+00,2.592093227790914511e+02
4.394697348674336723e+01,1.378651143821565839e+00,2.594259498483273205e+02
4.397198599299649402e+01,1.379151012107915131e+00,2.596426554759692067e+02
4.399699849924962081e+01,1.379650880394264423e+00,2.598594396620171096e+02
4.402201100550274759e+01,1.380150748680613937e+00,2.600763024064710294e+02
4.404702351175587438e+01,1.380650616966963451e+00,2.602932437093309090e+02
4.407203601800900117e+01,1.381150485253312965e+00,2.605102635705968623e+02
4.409704852426212796e+01,1.381650353539662257e+00,2.607273619902687187e+02
4.412206103051525474e+01,1.382150221826011549e+00,2.609445389683467056e+02
4.414707353676838153e+01,1.382650090112361063e+00,2.611617945048306524e+02
4.417208604302150832e+01,1.383149958398710577e+00,2.613791285997206160e+02
4.419709854927463510e+01,1.383649826685059869e+00,2.615965412530165963e+02
4.422211105552776189e+01,1.384149694971409161e+00,2.618140324647185366e+02
4.424712356178088868e+01,1.384649563257758675e+00,2.620316022348265506e+02
4.427213606803401547e+01,1.385149431544108189e+00,2.622492505633405813e+02
4.429714857428714225e+01,1.385649299830457482e+00,2.624669774502605719e+02
4.432216108054026904e+01,1.386149168116806996e+00,2.626847828955866362e+02
4.434717358679339583e+01,1.386649036403156288e+00,2.629026668993186604e+02
4.437218609304652261e+01,1.387148904689505802e+00,2.631206294614567582e+02
4.439719859929964940e+01,1.387648772975855316e+00,2.633386705820008160e+02
4.442221110555277619e+01,1.388148641262204608e+00,2.635567902609508337e+02
4.444722361180590298e+01,1.388648509548553900e+00,2.637749884983069251e+02
4.447223611805902976e+01,1.389148377834903414e+00,2.639932652940690332e+02
4.449724862431215655e+01,1.389648246121252928e+00,2.642116206482371581e+02
4.452226113056528334e+01,1.390148114407602220e+00,2.644300545608112998e+02
4.454727363681840302e+01,1.390647982693951512e+00,2.646485670317913446e+02
4.457228614307152981e+01,1.391147850980301026e+00,2.648671580611774630e+02
4.459729864932465659e+01,1.391647719266650318e+00,2.650858276489695982e+02
4.462231115557778338e+01,1.392147587552999610e+00,2.653045757951677501e+02
4.464732366183091017e+01,1.392647455839349124e+00,2.655234024997719189e+02
4.467233616808403696e+01,1.393147324125698638e+00,2.657423077627821044e+02
4.469734867433716374e+01,1.393647192412048152e+00,2.659612915841983067e+02
4.472236118059029053e+01,1.394147060698397445e+00,2.661803539640205258e+02
4.474737368684341732e+01,1.394646928984746737e+00,2.663994949022487049e+02
4.477238619309654410e+01,1.395146797271096251e+00,2.666187143988829575e+02
4.479739869934967089e+01,1.395646665557445765e+00,2.668380124539232270e+02
4.482241120560279768e+01,1.396146533843795057e+00,2.670573890673694564e+02
4.484742371185592447e+01,1.396646402130144349e+00,2.672768442392217025e+02
4.487243621810905125e+01,1.397146270416493863e+00,2.674963779694799655e+02
4.489744872436217804e+01,1.397646138702843377e+00,2.677159902581442452e+02
4.492246123061530483e+01,1.398146006989192669e+00,2.679356811052145417e+02
4.494747373686843162e+01,1.398645875275541961e+00,2.681554505106907982e+02
4.497248624312155840e+01,1.399145743561891475e+00,2.683752984745731283e+02
4.499749874937468519e+01,1.399645611848240989e+00,2.685952249968614751e+02
4.502251125562781198e+01,1.400145480134590503e+00,2.688152300775558388e+02
4.504752376188093876e+01,1.400645348420939795e+00,2.690353137166562192e+02
4.507253626813406555e+01,1.401145216707289087e+00,2.692554759141625027e+02
4.509754877438719234e+01,1.401645084993638601e+00,2.694757166700748598e+02
4.512256128064031913e+01,1.402144953279988115e+00,2.696960359843932338e+02
4.514757378689344591e+01,1.402644821566337408e+00,2.699164338571176813e+02
4.517258629314657270e+01,1.403144689852686700e+00,2.701369102882480320e+02
4.519759879939969949e+01,1.403644558139036214e+00,2.703574652777844562e+02
4.522261130565282627e+01,1.404144426425385728e+00,2.705780988257268973e+02
4.524762381190595306e+01,1.404644294711735020e+00,2.707988109320753551e+02
4.527263631815907985e+01,1.405144162998084534e+00,2.710196015968297729e+02
4.529764882441220664e+01,1.405644031284433826e+00,2.712404708199902075e+02
4.532266133066532632e+01,1.406143899570783118e+00,2.714614186015566020e+02
4.534767383691845311e+01,1.406643767857132632e+00,2.716824449415290701e+02
4.537268634317157989e+01,1.407143636143481924e+00,2.719035498399075550e+02
4.539769884942470668e+01,1.407643504429831438e+00,2.721247332966920567e+02
4.542271135567783347e+01,1.408143372716180952e+00,2.723459953118825752e+02
4.544772386193096025e+01,1.408643241002530244e+00,2.725673358854791104e+02
4.547273636818408704e+01,1.409143109288879536e+00,2.727887550174816056e+02
4.549774887443721383e+01,1.409642977575229050e+00,2.730102527078902312e+02
4.552276138069034062e+01,1.410142845861578564e+00,2.732318289567047032e+02
4.554777388694346740e+01,1.410642714147927856e+00,2.734534837639253055e+02
4.557278639319659419e+01,1.411142582434277148e+00,2.736752171295518679e+02
4.559779889944972098e+01,1.411642450720626663e+00,2.738970290535844470e+02
4.562281140570284776e+01,1.412142319006976177e+00,2.741189195360230428e+02
4.564782391195597455e+01,1.412642187293325691e+00,2.743408885768676555e+02
4.567283641820910134e+01,1.413142055579674983e+00,2.745629361761182849e+02
4.569784892446222813e+01,1.413641923866024275e+00,2.747850623337749312e+02
4.572286143071535491e+01,1.414141792152373789e+00,2.750072670498375373e+02
4.574787393696848170e+01,1.414641660438723303e+00,2.752295503243062171e+02
4.577288644322160849e+01,1.415141528725072595e+00,2.754519121571808569e+02
4.579789894947473528e+01,1.415641397011421887e+00,2.756743525484615134e+02
4.582291145572786206e+01,1.416141265297771401e+00,2.758968714981481867e+02
4.584792396198098885e+01,1.416641133584120915e+00,2.761194690062408768e+02
4.587293646823411564e+01,1.417141001870470207e+00,2.763421450727395836e+02
4.589794897448724242e+01,1.417640870156819499e+00,2.765648996976443073e+02
4.592296148074036921e+01,1.418140738443169013e+00,2.767877328809550477e+02
4.594797398699349600e+01,1.418640606729518527e+00,2.770106446226718049e+02
4.597298649324662279e+01,1.419140475015868041e+00,2.772336349227945220e+02
4.599799899949974957e+01,1.419640343302217333e+00,2.774567037813232560e+02
4.602301150575287636e+01,1.420140211588566626e+00,2.776798511982580635e+02
4.604802401200600315e+01,1.420640079874916140e+00,2.779030771735988310e+02
4.607303651825912993e+01,1.421139948161265654e+00,2.781263817073456721e+02
4.609804902451225672e+01,1.421639816447614946e+00,2.783497647994984163e+02
4.612306153076537640e+01,1.422139684733964238e+00,2.785732264500571773e+02
4.614807403701850319e+01,1.422639553020313752e+00,2.787967666590220119e+02
4.617308654327162998e+01,1.423139421306663044e+00,2.790203854263928633e+02
4.619809904952475677e+01,1.423639289593012336e+00,2.792440827521697315e+02
4.622311155577788355e+01,1.424139157879361850e+00,2.794678586363525028e+02
4.624812406203101034e+01,1.424639026165711364e+00,2.796917130789414045e+02
4.627313656828413713e+01,1.425138894452060656e+00,2.799156460799363231e+02
4.629814907453726391e+01,1.425638762738410170e+00,2.801396576393372015e+02
4.632316158079039070e+01,1.426138631024759462e+00,2.803637477571440968e+02
4.634817408704351749e+01,1.426638499311108976e+00,2.805879164333570088e+02
4.637318659329664428e+01,1.427138367597458490e+00,2.808121636679759376e+02
4.639819909954977106e+01,1.427638235883807782e+00,2.810364894610008264e+02
4.642321160580289785e+01,1.428138104170157074e+00,2.812608938124317888e+02
4.644822411205602464e+01,1.428637972456506589e+00,2.814853767222687679e+02
4.647323661830915142e+01,1.429137840742856103e+00,2.817099381905117070e+02
4.649824912456227821e+01,1.429637709029205395e+00,2.819345782171606629e+02
4.652326163081540500e+01,1.430137577315554687e+00,2.821592968022156924e+02
4.654827413706853179e+01,1.430637445601904201e+00,2.823840939456766819e+02
4.657328664332165857e+01,1.431137313888253715e+00,2.826089696475436881e+02
4.659829914957478536e+01,1.431637182174603229e+00,2.828339239078167111e+02
4.662331165582791215e+01,1.432137050460952521e+00,2.830589567264957509e+02
4.664832416208103893e+01,1.432636918747301813e+00,2.832840681035808075e+02
4.667333666833416572e+01,1.433136787033651327e+00,2.835092580390718808e+02
4.669834917458729251e+01,1.433636655320000841e+00,2.837345265329689141e+02
4.672336168084041930e+01,1.434136523606350133e+00,2.839598735852720210e+02
4.674837418709354608e+01,1.434636391892699425e+00,2.841852991959810311e+02
4.677338669334667287e+01,1.435136260179048939e+00,2.844108033650961715e+02
4.679839919959979966e+01,1.435636128465398453e+00,2.846363860926172720e+02
4.682341170585292645e+01,1.436135996751747745e+00,2.848620473785443892e+02
4.684842421210605323e+01,1.436635865038097037e+00,2.850877872228775232e+02
4.687343671835918002e+01,1.437135733324446552e+00,2.853136056256166739e+02
4.689844922461229970e+01,1.437635601610795844e+00,2.855395025867617278e+02
4.692346173086542649e+01,1.438135469897145136e+00,2.857654781063129121e+02
4.694847423711855328e+01,1.438635338183494650e+00,2.859915321842700564e+02
4.697348674337168006e+01,1.439135206469844164e+00,2.862176648206332743e+02
4.699849924962480685e+01,1.439635074756193678e+00,2.864438760154025090e+02
4.702351175587793364e+01,1.440134943042542970e+00,2.866701657685776468e+02
4.704852426213106042e+01,1.440634811328892262e+00,2.868965340801589150e+02
4.707353676838418721e+01,1.441134679615241776e+00,2.871229809501460863e+02
4.709854927463731400e+01,1.441634547901591290e+00,2.873495063785393313e+02
4.712356178089044079e+01,1.442134416187940582e+00,2.875761103653385931e+02
4.714857428714356757e+01,1.442634284474289874e+00,2.878027929105438716e+02
4.717358679339669436e+01,1.443134152760639388e+00,2.880295540141551101e+02
4.719859929964982115e+01,1.443634021046988902e+00,2.882563936761724221e+02
4.722361180590294794e+01,1.444133889333338194e+00,2.884833118965956942e+02
4.724862431215607472e+01,1.444633757619687708e+00,2.887103086754250398e+02
4.727363681840920151e+01,1.445133625906037000e+00,2.889373840126602886e+02
4.729864932466232830e+01,1.445633494192386514e+00,2.891645379083016678e+02
4.732366183091545508e+01,1.446133362478736029e+00,2.893917703623490070e+02
4.734867433716858187e+01,1.446633230765085321e+00,2.896190813748023061e+02
4.737368684342170866e+01,1.447133099051434613e+00,2.898464709456616788e+02
4.739869934967483545e+01,1.447632967337784127e+00,2.900739390749270683e+02
4.742371185592796223e+01,1.448132835624133641e+00,2.903014857625984746e+02
4.744872436218108902e+01,1.448632703910482933e+00,2.905291110086758977e+02
4.747373686843421581e+01,1.449132572196832225e+00,2.907568148131592238e+02
4.749874937468734259e+01,1.449632440483181739e+00,2.909845971760486236e+02
4.752376188094046938e+01,1.450132308769531253e+00,2.912124580973440970e+02
4.754877438719359617e+01,1.450632177055880767e+00,2.914403975770455304e+02
4.757378689344672296e+01,1.451132045342230059e+00,2.916684156151529805e+02
4.759879939969984974e+01,1.451631913628579351e+00,2.918965122116663906e+02
4.762381190595297653e+01,1.452131781914928865e+00,2.921246873665858743e+02
4.764882441220610332e+01,1.452631650201278379e+00,2.923529410799113180e+02
4.767383691845923011e+01,1.453131518487627671e+00,2.925812733516428352e+02
4.769884942471234979e+01,1.453631386773976963e+00,2.928096841817803124e+02
4.772386193096547657e+01,1.454131255060326477e+00,2.930381735703238064e+02
4.774887443721860336e+01,1.454631123346675770e+00,2.932667415172733172e+02
4.777388694347173015e+01,1.455130991633025062e+00,2.934953880226289016e+02
4.779889944972485694e+01,1.455630859919374576e+00,2.937241130863904459e+02
4.782391195597798372e+01,1.456130728205724090e+00,2.939529167085580070e+02
4.784892446223111051e+01,1.456630596492073382e+00,2.941817988891315281e+02
4.787393696848423730e+01,1.457130464778422674e+00,2.944107596281110659e+02
4.789894947473736408e+01,1.457630333064772188e+00,2.946397989254966774e+02
4.792396198099049087e+01,1.458130201351121702e+00,2.948689167812883056e+02
4.794897448724361766e+01,1.458630069637471216e+00,2.950981131954858938e+02
4.797398699349674445e+01,1.459129937923820508e+00,2.953273881680895556e+02
4.799899949974987123e+01,1.459629806210169800e+00,2.955567416990991205e+02
4.802401200600299802e+01,1.460129674496519314e+00,2.957861737885147591e+02
4.804902451225612481e+01,1.460629542782868828e+00,2.960156844363364712e+02
4.807403701850925160e+01,1.461129411069218120e+00,2.962452736425640865e+02
4.809904952476237838e+01,1.461629279355567412e+00,2.964749414071977753e+02
4.812406203101550517e+01,1.462129147641916926e+00,2.967046877302374810e+02
4.814907453726863196e+01,1.462629015928266440e+00,2.969345126116831466e+02
4.817408704352175874e+01,1.463128884214615733e+00,2.971644160515348290e+02
4.819909954977488553e+01,1.463628752500965247e+00,2.973943980497925850e+02
4.822411205602801232e+01,1.464128620787314539e+00,2.976244586064563009e+02
4.824912456228113911e+01,1.464628489073664053e+00,2.978545977215260336e+02
4.827413706853426589e+01,1.465128357360013567e+00,2.980848153950017831e+02
4.829914957478739268e+01,1.465628225646362859e+00,2.983151116268836063e+02
4.832416208104051947e+01,1.466128093932712151e+00,2.985454864171713325e+02
4.834917458729364625e+01,1.466627962219061665e+00,2.987759397658651324e+02
4.837418709354677304e+01,1.467127830505411179e+00,2.990064716729648922e+02
4.839919959979989983e+01,1.467627698791760471e+00,2.992370821384706687e+02
4.842421210605302662e+01,1.468127567078109763e+00,2.994677711623825189e+02
4.844922461230615340e+01,1.468627435364459277e+00,2.996985387447003859e+02
4.847423711855927309e+01,1.469127303650808569e+00,2.999293848854240991e+02
4.849924962481239987e+01,1.469627171937157861e+00,3.001603095845539997e+02
4.852426213106552666e+01,1.470127040223507375e+00,3.003913128420898602e+02
4.854927463731865345e+01,1.470626908509856889e+00,3.006223946580316806e+02
4.857428714357178023e+01,1.471126776796206403e+00,3.008535550323795746e+02
4.859929964982490702e+01,1.471626645082555696e+00,3.010847939651334855e+02
4.862431215607803381e+01,1.472126513368904988e+00,3.013161114562934131e+02
4.864932466233116060e+01,1.472626381655254502e+00,3.015475075058593006e+02
4.867433716858428738e+01,1.473126249941604016e+00,3.017789821138312618e+02
4.869934967483741417e+01,1.473626118227953308e+00,3.020105352802091829e+02
4.872436218109054096e+01,1.474125986514302600e+00,3.022421670049931208e+02
4.874937468734366774e+01,1.474625854800652114e+00,3.024738772881830755e+02
4.877438719359679453e+01,1.475125723087001628e+00,3.027056661297790470e+02
4.879939969984992132e+01,1.475625591373350920e+00,3.029375335297810352e+02
4.882441220610304811e+01,1.476125459659700212e+00,3.031694794881890402e+02
4.884942471235617489e+01,1.476625327946049726e+00,3.034015040050030052e+02
4.887443721860930168e+01,1.477125196232399240e+00,3.036336070802230438e+02
4.889944972486242847e+01,1.477625064518748754e+00,3.038657887138490423e+02
4.892446223111555526e+01,1.478124932805098046e+00,3.040980489058811145e+02
4.894947473736868204e+01,1.478624801091447338e+00,3.043303876563191466e+02
4.897448724362180883e+01,1.479124669377796852e+00,3.045628049651631954e+02
4.899949974987493562e+01,1.479624537664146366e+00,3.047953008324132611e+02
4.902451225612806240e+01,1.480124405950495659e+00,3.050278752580693435e+02
4.904952476238118919e+01,1.480624274236844951e+00,3.052605282421313859e+02
4.907453726863431598e+01,1.481124142523194465e+00,3.054932597845995019e+02
4.909954977488744277e+01,1.481624010809543979e+00,3.057260698854735779e+02
4.912456228114056955e+01,1.482123879095893271e+00,3.059589585447537274e+02
4.914957478739369634e+01,1.482623747382242785e+00,3.061919257624398938e+02
4.917458729364682313e+01,1.483123615668592077e+00,3.064249715385320769e+02
4.919959979989994991e+01,1.483623483954941591e+00,3.066580958730301631e+02
4.922461230615307670e+01,1.484123352241291105e+00,3.068912987659343230e+02
4.924962481240620349e+01,1.484623220527640397e+00,3.071245802172445565e+02
4.927463731865932317e+01,1.485123088813989689e+00,3.073579402269606362e+02
4.929964982491244996e+01,1.485622957100339203e+00,3.075913787950828464e+02
4.932466233116557675e+01,1.486122825386688495e+00,3.078248959216110734e+02
4.934967483741870353e+01,1.486622693673037787e+00,3.080584916065452603e+02
4.937468734367183032e+01,1.487122561959387301e+00,3.082921658498854640e+02
4.939969984992495711e+01,1.487622430245736815e+00,3.085259186516317982e+02
4.942471235617808389e+01,1.488122298532086107e+00,3.087597500117840355e+02
4.944972486243121068e+01,1.488622166818435399e+00,3.089936599303422327e+02
4.947473736868433747e+01,1.489122035104784914e+00,3.092276484073065603e+02
4.949974987493746426e+01,1.489621903391134428e+00,3.094617154426768479e+02
4.952476238119059104e+01,1.490121771677483942e+00,3.096958610364531523e+02
4.954977488744371783e+01,1.490621639963833234e+00,3.099300851886354167e+02
4.957478739369684462e+01,1.491121508250182526e+00,3.101643878992237546e+02
4.959979989994997140e+01,1.491621376536532040e+00,3.103987691682180525e+02
4.962481240620309819e+01,1.492121244822881554e+00,3.106332289956183672e+02
4.964982491245622498e+01,1.492621113109230846e+00,3.108677673814247555e+02
4.967483741870935177e+01,1.493120981395580138e+00,3.111023843256371038e+02
4.969984992496247855e+01,1.493620849681929652e+00,3.113370798282554688e+02
4.972486243121560534e+01,1.494120717968279166e+00,3.115718538892799074e+02
4.974987493746873213e+01,1.494620586254628458e+00,3.118067065087102492e+02
4.977488744372185892e+01,1.495120454540977750e+00,3.120416376865466646e+02
4.979989994997498570e+01,1.495620322827327264e+00,3.122766474227890967e+02
4.982491245622811249e+01,1.496120191113676778e+00,3.125117357174374888e+02
4.984992496248123928e+01,1.496620059400026292e+00,3.127469025704919545e+02
4.987493746873436606e+01,1.497119927686375584e+00,3.129821479819524370e+02
4.989994997498749285e+01,1.497619795972724877e+00,3.132174719518188795e+02
4.992496248124061964e+01,1.498119664259074391e+00,3.134528744800913387e+02
4.994997498749374643e+01,1.498619532545423905e+00,3.136883555667698147e+02
4.997498749374687321e+01,1.499119400831773197e+00,3.139239152118543075e+02
5.000000000000000000e+01,1.499619269118122489e+00,3.141595534153448170e+02
